{"type":"FeatureCollection","features":[{"type":"Feature","id":"716","properties":{"name":"Zimbabwe"},"geometry":{"type":"Polygon","coordinates":[[[31.28611286112863,-22.40249751653765],[31.196111961119612,-22.34520940256276],[31.073710737107376,-22.307017326579498],[30.915309153091528,-22.29139329549544],[30.71010710107103,-22.298337309310583],[30.461704617046166,-22.3295853714787],[30.191701917019174,-22.29139329549544],[29.90369903699039,-22.1837610813608],[29.662496624966252,-22.14556900537754],[29.378093780937803,-22.19244109862973],[29.363693636936375,-22.194177102083515],[29.3168931689317,-22.15772102955404],[29.237692376923775,-22.07960087413373],[29.10809108091081,-22.06571284650346],[29.072090720907227,-22.04661680851183],[29.043290432904342,-22.01884075325127],[29.021690216902186,-21.980648677268007],[29.01449014490146,-21.94072059783096],[29.036090360903614,-21.810520338797133],[29.02529025290255,-21.796632311166846],[28.989289892898938,-21.781008280082787],[28.920889208892106,-21.76538424899873],[28.74808748087483,-21.708096135023837],[28.532085320853213,-21.650808021048945],[28.182881828818296,-21.590047900166496],[28.046080460804603,-21.57268786562865],[28.013680136801383,-21.55359182763702],[27.974079740797407,-21.50671973438483],[27.905679056790575,-21.359159440813144],[27.844478444784443,-21.261943247401206],[27.693276932769322,-21.110910946921962],[27.668076680766802,-21.06403885366977],[27.67527675276753,-20.944254615358645],[27.689676896768987,-20.848774425400492],[27.704077040770414,-20.767182263072613],[27.696876968769686,-20.68906210765232],[27.693276932769322,-20.595317921147952],[27.70047700477005,-20.531085793357917],[27.678876788767894,-20.50330973809737],[27.62487624876249,-20.48421370010574],[27.470074700747006,-20.47553368283681],[27.279272792727937,-20.479005689744383],[27.275672756727573,-20.38178949633246],[27.25767257672578,-20.232493199306987],[27.22167221672217,-20.14569302661775],[27.178471784717857,-20.10055693681936],[27.092070920709205,-20.05368484356717],[26.915669156691564,-19.989452715777148],[26.67806678066782,-19.89223652236521],[26.472864728647295,-19.748148235701095],[26.24246242462425,-19.56933987996129],[26.16686166861669,-19.538091817793173],[26.080460804608066,-19.36969948277607],[25.9508595085951,-19.081522909447827],[25.9580595805958,-18.98604271948969],[25.94005940059401,-18.939170626237498],[25.810458104581045,-18.79681834302717],[25.785257852578525,-18.72390619796822],[25.760057600576005,-18.649258049455483],[25.558455584555844,-18.440937635001333],[25.490054900549012,-18.35066545540454],[25.436054360543608,-18.234353224000984],[25.385653856538568,-18.142345040950403],[25.33885338853389,-18.10415296496714],[25.281252812528123,-18.041656840630893],[25.241652416524175,-17.968744695571942],[25.223652236522383,-17.914928588504623],[25.23805238052381,-17.843752446899458],[25.259652596525967,-17.79340834673971],[25.450454504545064,-17.845488450353244],[25.558455584555844,-17.848960457260816],[25.641256412564132,-17.824656408907828],[25.742057420574213,-17.85764047452973],[25.86445864458645,-17.951384661034098],[25.997659976599778,-17.970480699025728],[26.138061380613806,-17.91145658159705],[26.332463324633267,-17.928816616134895],[26.57726577265774,-18.022560802639262],[26.7788677886779,-18.041656840630893],[27.02007020070201,-17.95832867484924],[27.236072360723625,-17.729176218949675],[27.437674376743786,-17.51217578722661],[27.635676356763582,-17.262191289881642],[27.75807758077582,-17.060814889242636],[27.930879308793095,-16.895894561133105],[28.164881648816504,-16.769166309006835],[28.398883988839884,-16.663270098325967],[28.758887588875893,-16.531333835838353],[28.834488344883454,-16.4237016217037],[28.85608856088561,-16.30565338684636],[28.85608856088561,-16.142469062190614],[28.87408874088743,-16.03657285150976],[28.913689136891378,-15.987964754803784],[28.971289712897146,-15.949772678820523],[29.05049050490507,-15.90116458211456],[29.288092880928815,-15.776172333442076],[29.48609486094861,-15.696316174567983],[29.730897308973084,-15.644236070954449],[29.993699936999377,-15.644236070954449],[30.249302493024942,-15.644236070954449],[30.3969039690397,-15.642500067500663],[30.3969039690397,-15.80047638179505],[30.40770407704079,-15.977548734081083],[30.436504365043646,-15.994908768618927],[30.630906309063107,-15.998380775526499],[30.940509405094048,-16.012268803156772],[31.23571235712359,-16.02442082733326],[31.426514265142657,-16.152885082913315],[31.491314913149125,-16.17892513472009],[31.68931689316895,-16.213645203795778],[31.94131941319415,-16.428909632065057],[32.24372243722439,-16.448005670056688],[32.45252452524525,-16.51570980475428],[32.63612636126362,-16.58862194981323],[32.740527405274065,-16.677158125956254],[32.8089280892809,-16.697990167401656],[32.90252902529025,-16.7049341812168],[32.949329493294954,-16.711878195031943],[32.93852938529386,-16.776110322821964],[32.87732877328773,-16.883742536956603],[32.88452884528846,-17.038246844343433],[32.97092970929711,-17.251775269158927],[32.981729817298174,-17.437527638713874],[32.95292952929529,-17.76563229147915],[32.956529565295654,-18.083320923521725],[32.96372963729638,-18.196161148017723],[32.97812978129781,-18.27080929653046],[32.99612996129963,-18.312473379421277],[32.992529925299266,-18.359345472673468],[32.942129421294226,-18.49301773861488],[32.90252902529025,-18.633634018371424],[32.898928989289914,-18.68918612889253],[32.88452884528846,-18.729114208329577],[32.85572855728557,-18.763834277405266],[32.72252722527227,-18.828066405195287],[32.70092700927009,-18.867994484632334],[32.70092700927009,-18.940906629691284],[32.715327153271545,-19.001666750573747],[32.765727657276585,-19.02423479547295],[32.82692826928269,-19.05895486454864],[32.848528485284874,-19.10409095434703],[32.848528485284874,-19.152699051053006],[32.83052830528305,-19.241235227196015],[32.77652776527765,-19.3887955207677],[32.83052830528305,-19.558923859238575],[32.891728917289186,-19.668292076827],[32.97092970929711,-19.795020328953285],[33.006930069300694,-19.87314048437358],[33.00333003330033,-19.93042859834847],[32.992529925299266,-19.98424470541579],[32.87012870128703,-20.216869168222914],[32.78012780127801,-20.360957454887043],[32.67212672126723,-20.51546176227386],[32.52812528125281,-20.612677955685797],[32.49212492124923,-20.659550048937973],[32.47772477724777,-20.713366156005293],[32.481324813248136,-20.829678387408862],[32.47772477724777,-20.949462625720003],[32.355323553235536,-21.13695099872872],[32.430924309243096,-21.29666331647691],[32.412924129241304,-21.312287347560968],[32.36972369723699,-21.33485539246017],[32.19332193321935,-21.51539975165376],[32.01692016920171,-21.697680114301136],[31.887318873188747,-21.831352380242535],[31.736117361173626,-21.98412068417558],[31.57051570515705,-22.154249022646468],[31.43011430114302,-22.298337309310583],[31.28611286112863,-22.40249751653765]]]}},{"type":"Feature","id":"894","properties":{"name":"Zambia"},"geometry":{"type":"Polygon","coordinates":[[[30.3969039690397,-15.642500067500663],[30.249302493024942,-15.644236070954449],[29.993699936999377,-15.644236070954449],[29.730897308973084,-15.644236070954449],[29.48609486094861,-15.696316174567983],[29.288092880928815,-15.776172333442076],[29.05049050490507,-15.90116458211456],[28.971289712897146,-15.949772678820523],[28.913689136891378,-15.987964754803784],[28.87408874088743,-16.03657285150976],[28.85608856088561,-16.142469062190614],[28.85608856088561,-16.30565338684636],[28.834488344883454,-16.4237016217037],[28.758887588875893,-16.531333835838353],[28.398883988839884,-16.663270098325967],[28.164881648816504,-16.769166309006835],[27.930879308793095,-16.895894561133105],[27.75807758077582,-17.060814889242636],[27.635676356763582,-17.262191289881642],[27.437674376743786,-17.51217578722661],[27.236072360723625,-17.729176218949675],[27.02007020070201,-17.95832867484924],[26.7788677886779,-18.041656840630893],[26.57726577265774,-18.022560802639262],[26.332463324633267,-17.928816616134895],[26.138061380613806,-17.91145658159705],[25.997659976599778,-17.970480699025728],[25.86445864458645,-17.951384661034098],[25.742057420574213,-17.85764047452973],[25.641256412564132,-17.824656408907828],[25.558455584555844,-17.848960457260816],[25.450454504545064,-17.845488450353244],[25.259652596525967,-17.79340834673971],[25.090450904509055,-17.633696028991523],[25.00045000450004,-17.567727897747716],[24.932049320493206,-17.543423849394728],[24.73404734047341,-17.517383797587968],[24.27324273242732,-17.480927725058493],[24.226442264422644,-17.489607742327408],[24.035640356403576,-17.52085580449554],[23.798037980379803,-17.560783883932572],[23.596435964359642,-17.598975959915833],[23.380433804338054,-17.640640042806666],[23.182431824318257,-17.47398371124335],[22.955629556295577,-17.286495338234616],[22.721627216272168,-17.07470291687291],[22.545225452254527,-16.909782588763377],[22.458824588245903,-16.814302398805225],[22.30402304023042,-16.68931015013274],[22.192421924219246,-16.628550029250277],[22.149221492214934,-16.59730196708216],[22.041220412204126,-16.26225330050174],[21.980019800198022,-15.95498068918188],[21.980019800198022,-15.724092229828543],[21.980019800198022,-15.402931590878396],[21.980019800198022,-15.081770951928263],[21.980019800198022,-14.760610312978116],[21.980019800198022,-14.44118567748177],[21.980019800198022,-14.120025038531622],[21.980019800198022,-13.79886439958149],[21.980019800198022,-13.477703760631343],[21.980019800198022,-13.15654312168121],[21.980019800198022,-13.000302810840594],[22.21042210422104,-13.000302810840594],[22.469624696246967,-13.000302810840594],[22.743227432274324,-13.000302810840594],[23.0420304203042,-13.000302810840594],[23.337233372333742,-13.000302810840594],[23.63603636036362,-13.000302810840594],[23.84483844838448,-13.000302810840594],[23.898838988389883,-12.998566807386808],[23.96363963639638,-12.988150786664107],[23.967239672396744,-12.95690272449599],[23.88083880838809,-12.798926410201588],[23.88803888038882,-12.743374299680482],[23.909639096390976,-12.635742085545843],[23.94563945639456,-12.543733902495262],[23.992439924399264,-12.42221366073035],[23.9960399603996,-12.351037519125185],[23.960039600396016,-12.118413056318047],[23.96363963639638,-11.988212797284206],[23.974439744397444,-11.85280452788902],[23.985239852398536,-11.724340272308964],[23.97083970839708,-11.635804096165955],[23.985239852398536,-11.58719599945998],[24.01404014040142,-11.5177558613086],[24.028440284402848,-11.439635705888293],[24.04644046440464,-11.404915636812603],[24.042840428404304,-11.373667574644486],[24.024840248402484,-11.316379460669594],[24.010440104401056,-11.184443198181967],[23.9888398883989,-11.002162835534591],[23.967239672396744,-10.87196257650075],[24.003240032400328,-10.878906590315893],[24.078840788407888,-10.89105861449238],[24.1148411484115,-10.955290742282415],[24.136441364413656,-11.02646688388758],[24.186841868418696,-11.029938890795151],[24.320043200432025,-11.07160297368597],[24.3668436684367,-11.130627091114647],[24.395643956439585,-11.255619339787131],[24.377643776437765,-11.319851467577166],[24.334443344433453,-11.3719315711907],[24.377643776437765,-11.417067660989105],[24.46764467644678,-11.448315723157222],[24.51804518045182,-11.437899702434507],[24.669246692466942,-11.35283553319907],[24.72684726847268,-11.33721150211501],[24.806048060480606,-11.321587471030952],[24.878048780487802,-11.29901942613175],[25.0760507605076,-11.260827350148489],[25.184051840518407,-11.243467315610644],[25.24525245252454,-11.212219253442527],[25.28845288452885,-11.212219253442527],[25.3208532085321,-11.2365233017955],[25.292052920529215,-11.325059477938524],[25.281252812528123,-11.404915636812603],[25.3208532085321,-11.554211933838076],[25.349653496534984,-11.623652071989454],[25.414454144541452,-11.673996172149202],[25.461254612546128,-11.700036223955976],[25.511655116551168,-11.753852331023296],[25.619656196561976,-11.743436310300595],[25.853658536585385,-11.819820462267117],[25.92565925659258,-11.854540531342806],[26.02646026460266,-11.890996603872281],[26.094860948609494,-11.903148628048768],[26.339663396633966,-11.929188679855542],[26.429664296642983,-11.948284717847173],[26.59526595265953,-11.972588766200147],[26.72846728467286,-11.976060773107719],[26.825668256682576,-11.965644752385018],[26.890468904689044,-11.943076707485815],[26.93006930069302,-11.918772659132827],[26.948069480694812,-11.899676621141197],[26.976869768697696,-11.82502847262846],[27.027270272702737,-11.663580151426501],[27.04527045270453,-11.616708058174325],[27.09567095670957,-11.594140013275123],[27.160471604716065,-11.578515982191064],[27.19647196471965,-11.604556033997824],[27.23967239672396,-11.783364389737642],[27.42327423274233,-11.944812710939601],[27.488074880748826,-12.080220980334786],[27.534875348753502,-12.19479720828457],[27.57447574475745,-12.227781273906473],[27.642876428764282,-12.265973349889734],[27.75807758077582,-12.281597380973793],[27.8588785887859,-12.285069387881364],[28.067680676806788,-12.36839755366303],[28.2368823688237,-12.434365684906837],[28.359283592835936,-12.481237778159013],[28.41328413284134,-12.517693850688488],[28.45288452884529,-12.576717968117165],[28.474484744847445,-12.623590061369356],[28.510485104851057,-12.741638296226697],[28.550085500855005,-12.835382482731063],[28.6148861488615,-12.854478520722694],[28.67248672486727,-12.861422534537837],[28.73008730087301,-12.925654662327858],[28.77328773287735,-12.981206772848964],[28.859688596885974,-13.120087049151735],[28.920889208892106,-13.213831235656102],[28.942489424894262,-13.307575422160454],[29.01449014490146,-13.368335543042917],[29.111691116911175,-13.394375594849691],[29.201692016920163,-13.397847601757249],[29.252092520925203,-13.370071546496703],[29.381693816938167,-13.323199453244527],[29.482494824948247,-13.267647342723421],[29.554495544955444,-13.24855130473179],[29.597695976959784,-13.260703328908278],[29.630096300963004,-13.298895404891539],[29.648096480964824,-13.373543553404275],[29.65169651696519,-13.415207636295108],[29.723697236972384,-13.453399712278355],[29.774097740977425,-13.437775681194296],[29.79569795697958,-13.392639591395906],[29.79569795697958,-13.370071546496703],[29.79569795697958,-13.166959142403911],[29.79569795697958,-12.991622793571679],[29.79569795697958,-12.826702465462148],[29.79569795697958,-12.625326064823142],[29.79569795697958,-12.449989715990895],[29.79569795697958,-12.30590142932678],[29.79569795697958,-12.154869128847523],[29.748897488974904,-12.163549146116452],[29.691296912969136,-12.198269215192141],[29.558095580955808,-12.201741222099713],[29.507695076950768,-12.227781273906473],[29.49329493294934,-12.26770935334352],[29.500495004950068,-12.318053453503268],[29.504095040950403,-12.385757588200875],[29.48609486094861,-12.418741653822778],[29.428494284942843,-12.430893677999265],[29.34209342093422,-12.404853626192505],[29.1908919089191,-12.370133557116816],[29.0648906489065,-12.3493015156714],[28.97488974889751,-12.257293332620819],[28.84888848888491,-12.120149059771833],[28.769687696876986,-12.050708921620455],[28.575285752857525,-11.908356638410126],[28.542885428854305,-11.87884457969578],[28.481684816848173,-11.812876448451973],[28.431284312843133,-11.69830022050219],[28.406084060840612,-11.623652071989454],[28.384483844838456,-11.566363958014563],[28.355683556835572,-11.483035792232911],[28.40248402484025,-11.354571536652855],[28.47088470884711,-11.10979504966923],[28.517685176851785,-10.932722697383213],[28.542885428854305,-10.80252243834937],[28.64008640086402,-10.668850172407957],[28.64728647286475,-10.550801937550617],[28.607686076860773,-10.398033633617572],[28.618486184861865,-10.312969464382135],[28.62208622086223,-10.099441039566628],[28.62928629286293,-9.918896680373038],[28.62928629286293,-9.832096507683815],[28.60408604086041,-9.67932820375077],[28.53928539285394,-9.509199865279896],[28.398883988839884,-9.274839399018973],[28.398883988839884,-9.224495298859225],[28.485284852848537,-9.168943188338119],[28.6148861488615,-9.07172699492618],[28.67968679686797,-9.014438880951303],[28.758887588875893,-8.932846718623423],[28.794887948879506,-8.89118263573259],[28.870488704887066,-8.785286425051737],[28.917289172891742,-8.7002222558163],[28.935289352893534,-8.590854038227874],[28.89928899288995,-8.484957827547007],[28.971289712897146,-8.464125786101604],[29.21609216092162,-8.42766971357213],[29.482494824948247,-8.387741634135082],[29.766897668976696,-8.344341547790464],[30.051300513005145,-8.300941461445845],[30.328503285032866,-8.25754137510124],[30.576905769057703,-8.21934929911798],[30.74970749707498,-8.193309247311205],[30.778507785077863,-8.266221392370156],[30.828908289082904,-8.386005630681296],[30.89370893708937,-8.474541806824305],[30.969309693096932,-8.550925958790828],[31.03411034110343,-8.597798052043004],[31.07731077310774,-8.61168607967329],[31.350913509135097,-8.606478069311933],[31.448114481144813,-8.65335016256411],[31.534515345153466,-8.714110283446573],[31.55611556115562,-8.806118466497153],[31.61371613716139,-8.863406580472045],[31.674916749167494,-8.908542670270435],[31.700117001170014,-8.913750680631793],[31.743317433174326,-8.903334659909092],[31.818918189181886,-8.901598656455306],[31.887318873188747,-8.922430697900722],[31.919719197191966,-8.941526735892353],[31.92331923319233,-9.019646891312647],[31.94131941319415,-9.054366960388336],[32.0349203492035,-9.066518984564837],[32.128521285212855,-9.073462998379966],[32.22212222122221,-9.125543101993514],[32.31932319323195,-9.13422311926243],[32.43452434524346,-9.156791164161632],[32.488524885248864,-9.212343274682738],[32.60732607326074,-9.271367392111415],[32.75492754927549,-9.321711492271163],[32.8629286292863,-9.38073560969984],[32.92052920529207,-9.4067756615066],[32.924129241292434,-9.43455171676716],[32.949329493294954,-9.484895816926908],[32.97812978129781,-9.519615886002597],[32.981729817298174,-9.573431993069917],[32.99612996129963,-9.62204008977588],[33.03933039330394,-9.63419211395238],[33.07173071730719,-9.637664120859952],[33.10413104131041,-9.602944051784249],[33.14733147331475,-9.602944051784249],[33.19413194131943,-9.625512096683451],[33.21213212132122,-9.682800210658343],[33.251732517325195,-9.759184362624865],[33.309333093330935,-9.811264466238399],[33.352533525335275,-9.861608566398147],[33.33813338133382,-9.953616749448727],[33.3129331293313,-10.038680918684179],[33.39213392133922,-10.120273081012044],[33.50013500135003,-10.200129239886138],[33.52893528935289,-10.234849308961827],[33.536135361353615,-10.351161540365396],[33.55413554135541,-10.391089619802429],[33.62613626136263,-10.488305813214367],[33.662136621366216,-10.552537941004402],[33.65853658536585,-10.590730016987663],[33.46413464134642,-10.78342640035774],[33.402934029340315,-10.80252243834937],[33.34533345333455,-10.812938459072072],[33.29133291332914,-10.852866538509119],[33.26253262532626,-10.892794617946166],[33.27333273332735,-10.915362662845368],[33.29493294932951,-10.981330794089175],[33.33813338133382,-11.085491001316257],[33.38133381333813,-11.158403146375207],[33.34533345333455,-11.248675325972002],[33.26973269732699,-11.403179633358818],[33.233732337323374,-11.417067660989105],[33.226532265322675,-11.535115895846445],[33.251732517325195,-11.576779978737278],[33.28773287732878,-11.611500047812967],[33.302133021330235,-11.691356206687061],[33.30573305733057,-11.800724424275487],[33.302133021330235,-11.88752459696471],[33.251732517325195,-12.113205045956704],[33.34173341733418,-12.307637432780567],[33.37053370533707,-12.330205477679769],[33.4929349293493,-12.330205477679769],[33.510935109351095,-12.347565512217614],[33.48213482134821,-12.40311762273872],[33.43173431734317,-12.46040573671361],[33.39933399333995,-12.489917795427942],[33.24453244532447,-12.555885926671749],[33.02133021330215,-12.630534075184485],[32.974529745297474,-12.70171021678965],[32.94572945729459,-12.804134420562946],[32.97092970929711,-12.864894541445409],[32.999729997299994,-12.899614610521098],[32.9889298892989,-12.989886790117893],[32.97092970929711,-13.08363097662226],[32.97812978129781,-13.158279125134996],[32.967329673296746,-13.224247256378803],[32.93852938529386,-13.257231322000706],[32.898928989289914,-13.35618351886643],[32.85212852128521,-13.456871719185926],[32.81252812528126,-13.502007808984331],[32.75852758527586,-13.550615905690293],[32.67212672126723,-13.59054398512734],[32.67212672126723,-13.60964002311897],[32.77292772927731,-13.656512116371147],[32.79812798127983,-13.687760178539278],[32.80532805328053,-13.710328223438466],[32.78372783727838,-13.731160264883883],[32.765727657276585,-13.760672323598229],[32.81252812528126,-13.791920385766346],[32.866528665286666,-13.81796043757312],[32.92052920529207,-13.883928568816927],[32.967329673296746,-13.977672755321294],[32.981729817298174,-14.008920817489411],[32.992529925299266,-14.022808845119684],[33.01053010530106,-14.02454484857347],[33.042930429304306,-14.010656820943197],[33.10413104131041,-13.958576717329663],[33.14733147331475,-13.941216682791818],[33.201332013320155,-14.014128827850769],[32.98532985329854,-14.085304969455933],[32.873728737287394,-14.121761041985408],[32.55332553325533,-14.229393256120048],[32.27252272522725,-14.323137442624414],[32.20052200522005,-14.340497477162259],[32.052920529205295,-14.387369570414435],[31.9809198091981,-14.415145625674995],[31.728917289172898,-14.496737788002875],[31.624516245162454,-14.536665867439908],[31.53811538115383,-14.576593946876955],[31.32931329313294,-14.637354067759418],[31.131311313113144,-14.69464218173431],[30.915309153091528,-14.753666299162987],[30.67410674106742,-14.819634430406794],[30.537305373053726,-14.86650652365897],[30.44730447304474,-14.908170606549803],[30.23130231302315,-14.989762768877682],[30.220502205022058,-15.010594810323084],[30.224102241022422,-15.06614692084419],[30.252902529025306,-15.182459152247759],[30.30690306903071,-15.288355362928613],[30.350103501035022,-15.349115483811076],[30.378903789037906,-15.505355794651692],[30.3969039690397,-15.642500067500663]]]}},{"type":"Feature","id":"800","properties":{"name":"Uganda"},"geometry":{"type":"Polygon","coordinates":[[[33.90333903339035,-1.00278294173566],[33.795337953379544,-1.00278294173566],[33.61533615336154,-1.00278294173566],[33.4389343893439,-1.00278294173566],[33.26253262532626,-1.00278294173566],[33.082530825308254,-1.00278294173566],[32.90612906129061,-1.00278294173566],[32.72612726127261,-1.00278294173566],[32.54972549725497,-1.00278294173566],[32.37332373323733,-1.00278294173566],[32.19332193321935,-1.00278294173566],[32.01692016920171,-1.00278294173566],[31.836918369183707,-1.00278294173566],[31.660516605166066,-1.00278294173566],[31.484114841148426,-1.00278294173566],[31.30411304113042,-1.00278294173566],[31.12771127711278,-1.00278294173566],[30.95130951309514,-1.00278294173566],[30.84330843308433,-1.00278294173566],[30.82530825308254,-0.9993109348280882],[30.81090810908111,-0.9941029244667305],[30.74250742507425,-1.0079909520970034],[30.67410674106742,-1.051391038441622],[30.59850598505986,-1.0704870764332526],[30.519305193051935,-1.0618070591643232],[30.50850508505087,-1.0670150695256808],[30.468904689046894,-1.065279066071895],[30.411304113041126,-1.063543062618109],[30.360903609036086,-1.0739590833408243],[30.321303213032138,-1.1138871627778713],[30.278102781027826,-1.178119290567892],[30.20610206102063,-1.2545034425344141],[30.14850148501486,-1.3204715737782209],[30.101701017010186,-1.3690796704841972],[29.990099900999013,-1.447199825904491],[29.92889928899291,-1.4697678708036932],[29.900099000990025,-1.4662958638961214],[29.882098820988205,-1.4524078362658486],[29.84609846098462,-1.3517196359463526],[29.824498244982465,-1.3360956048622796],[29.608496084960848,-1.3864397050220418],[29.576095760957628,-1.3881757084758277],[29.579695796957964,-1.356927646307696],[29.565295652956536,-1.1208311765930006],[29.56169561695617,-0.9767428899288859],[29.590495904959056,-0.886470710332091],[29.604896048960484,-0.7823105031050233],[29.608496084960848,-0.6920383235082284],[29.648096480964824,-0.5357980126676125],[29.633696336963368,-0.44205382616324584],[29.684096840968408,-0.11394917339796962],[29.698496984969864,-0.060133066330649854],[29.716497164971656,0.09784324796373767],[29.748897488974904,0.146451344669714],[29.77769777697779,0.1655473826613445],[29.813698136981372,0.2627635760732687],[29.88569885698857,0.41900388691388457],[29.93609936099361,0.49886004578796417],[29.925299252992545,0.6741963946202105],[29.932499324993245,0.7922446294775511],[29.943299432994337,0.8200206847381111],[30.04770047700478,0.8634207710827297],[30.184501845018445,0.9727889886711552],[30.23850238502385,1.102989247704997],[30.321303213032138,1.1845814100328624],[30.476104761047623,1.2383975171001822],[30.479704797047987,1.2383975171001822],[30.94410944109441,1.6828144012690274],[31.16011160111603,1.9223828778912946],[31.25371253712538,2.043903119656207],[31.257312573125745,2.0890392094546115],[31.275312753127537,2.146327323429503],[31.23571235712359,2.1914634132278934],[31.19251192511925,2.233127496118726],[31.17811178111782,2.2695835686482013],[31.138511385113873,2.288679606639832],[31.080910809108104,2.288679606639832],[31.044910449104492,2.3147196584465917],[31.005310053100544,2.3685357655139256],[30.962109621096232,2.403255834589615],[30.828908289082904,2.399783827682043],[30.728107281072823,2.4553359382031488],[30.728107281072823,2.529984086715885],[30.771307713077135,2.6775443802875714],[30.846908469084696,2.847672718758446],[30.85050850508506,2.8928088085568504],[30.839708397083967,2.9327368879938973],[30.821708217082175,2.9674569570695866],[30.78570785707859,3.002177026145276],[30.753307533075343,3.0421051055823227],[30.778507785077863,3.163625347347235],[30.828908289082904,3.283409585658376],[30.86850868508685,3.342433703087039],[30.908109081090828,3.40840183433086],[30.89370893708937,3.4639539448519656],[30.839708397083967,3.4899939966587255],[30.86850868508685,3.543810103726045],[30.929709297092984,3.63408228332284],[31.048510485104856,3.7243544629196492],[31.1529115291153,3.7851145838020983],[31.221312213122133,3.7851145838020983],[31.358113581135825,3.738242490549922],[31.48051480514806,3.6809543765750306],[31.548915489154894,3.677482369667459],[31.628116281162818,3.701786418020447],[31.79731797317973,3.802474618339943],[31.836918369183707,3.7712265561718255],[31.887318873188747,3.7087304318355763],[31.94131941319415,3.6080422315160803],[32.04932049320493,3.56117013826389],[32.09972099720997,3.5299220760957724],[32.13572135721358,3.5195060553730713],[32.15732157321574,3.5281860726419865],[32.19692196921969,3.6080422315160803],[32.24372243722439,3.651442317860699],[32.337323373233744,3.7069944283817904],[32.53532535325354,3.750394514726409],[32.67572675726757,3.762546538902896],[32.7369273692737,3.7729625596256113],[32.83772837728378,3.799002611432371],[32.99612996129963,3.880594773760251],[33.15453154531545,3.774698563079397],[33.32373323733239,3.753866521633981],[33.48933489334894,3.7556025250877667],[33.53973539735398,3.786850587255884],[33.56853568535686,3.8111546356088724],[33.74133741337414,3.9847549809873186],[33.97533975339755,4.220851450702014],[34.13374133741337,3.8892747910291803],[34.18414184141841,3.8701787530375498],[34.17694176941771,3.840666694323204],[34.16614166141662,3.8128906390626582],[34.2669426694267,3.7330344801885644],[34.3929439294393,3.6913703972977316],[34.43614436144361,3.651442317860699],[34.44334443344434,3.6063062280622944],[34.400144001440026,3.4118738412384317],[34.407344073440754,3.358057734171112],[34.4469444694447,3.163625347347235],[34.52254522545226,3.1202252610026306],[34.590945909459094,2.924056870724968],[34.72414724147242,2.8424647083971024],[34.742147421474215,2.8181606600441143],[34.77454774547746,2.7226804700859617],[34.81414814148141,2.62025626631268],[34.84654846548466,2.5959522179596917],[34.86454864548645,2.589008204144548],[34.90414904149043,2.4796399865561227],[34.88254882548827,2.4171438622198878],[34.91494914949149,2.2296554892111544],[34.96534965349653,2.0629991576478375],[34.976149761497624,1.8616227570088313],[34.97974979749799,1.7730865808658223],[34.976149761497624,1.7192704737985025],[34.96534965349653,1.6428863218319805],[34.94014940149401,1.5994862354873618],[34.8969489694897,1.5560861491427573],[34.85014850148502,1.4883820144451647],[34.810548105481075,1.4172058728399861],[34.785347853478555,1.380749800310511],[34.80334803348035,1.2731175861758715],[34.79974799747998,1.2453415309153257],[34.78894788947889,1.2314535032850529],[34.72774727747279,1.214093468747194],[34.64854648546486,1.1845814100328624],[34.60174601746019,1.1568053547723167],[34.53694536945369,1.101253244251211],[34.482944829448314,1.0422291268225337],[34.41094410944109,0.8668927779902873],[34.29214292142922,0.7314845085951021],[34.274142741427426,0.6863484187966975],[34.16254162541625,0.604756256468832],[34.11214112141121,0.5058040596031077],[34.07974079740799,0.38254781438440943],[34.03654036540365,0.2940116382414004],[33.9429394293943,0.1742273999302597],[33.921339213392145,-0.016732979986031182],[33.92493924939251,-0.3986537398186414],[33.89973899738999,-0.8309185998109854],[33.90333903339035,-1.00278294173566]]]}},{"type":"Feature","id":"788","properties":{"name":"Tunisia"},"geometry":{"type":"MultiPolygon","coordinates":[[[[11.5039150391504,33.18259707018947],[11.5039150391504,33.15482101492891],[11.467914679146787,32.965596638466394],[11.460714607146087,32.8978925037688],[11.45351453514536,32.78158027236525],[11.45351453514536,32.642699996062476],[11.532715327153284,32.524651761205135],[11.536315363153648,32.47257165759159],[11.5039150391504,32.413547540162924],[11.356313563135643,32.34584340546532],[11.16911169111691,32.25730722932231],[11.003510035100362,32.17224306008687],[10.827108271082722,32.08023487703629],[10.773107731077317,32.02121075960761],[10.68310683106833,31.976074669809208],[10.607506075060769,31.92920257655703],[10.596705967059677,31.885802490212413],[10.542705427054273,31.80247432443076],[10.47430474304744,31.736506193186955],[10.305103051030528,31.705258131018823],[10.276302763027644,31.684426089573407],[10.19710197101972,31.585473892707697],[10.161101611016107,31.54554581327065],[10.114301143011431,31.46395365094277],[10.1719017190172,31.250425226127277],[10.243902439024396,31.031688790950426],[10.258302583025824,30.94141661135363],[10.254702547025488,30.86503245938711],[10.215102151021512,30.783440297059244],[10.125101251012524,30.66539206220189],[10.060300603006027,30.58032789296645],[9.934299342993427,30.42582358557962],[9.894698946989479,30.38763150959636],[9.808298082980826,30.34249541979797],[9.639096390963914,30.281735298915507],[9.520295202952042,30.229655195301973],[9.45909459094591,30.46575166501667],[9.405094050940505,30.667128065655675],[9.361893618936193,30.832048393765206],[9.286292862928633,31.125432977454793],[9.225092250922529,31.373681471345975],[9.160291602916033,31.62192996523717],[9.102691026910264,31.84587441077538],[9.045090450904524,32.07155485976736],[9.019890198902004,32.104538925389264],[8.843488434884364,32.21217113952392],[8.681486814868151,32.31112333638963],[8.515885158851603,32.42222755743184],[8.332283322833234,32.543747799196765],[8.30348303483035,32.696516103129795],[8.209882098820998,32.92740456248315],[8.112681126811282,33.0558688180632],[8.07668076680767,33.08885288368511],[7.878678786787873,33.17218104946676],[7.763477634776365,33.23294117034922],[7.7310773107731166,33.26766123942491],[7.7094770947709605,33.36314142938306],[7.626676266762672,33.54889379893801],[7.53307533075332,33.7172861339551],[7.500675006750072,33.83186236190488],[7.497074970749708,33.975950648569],[7.515075150751528,34.08011085579608],[7.554675546755476,34.12524694559447],[7.7490774907749085,34.253711201174525],[7.839078390783925,34.40995151201514],[7.950679506795069,34.468975629443804],[8.044280442804421,34.51237571578842],[8.123481234812346,34.56445581940196],[8.191881918819206,34.646047981729836],[8.245882458824582,34.734584157872845],[8.25308253082531,34.82832834437721],[8.27828278282783,34.97936064485647],[8.310683106831078,35.085256855537324],[8.393483934839367,35.203305090394664],[8.361083610836118,35.29878528035282],[8.317883178831806,35.4029454875799],[8.32868328683287,35.5817538433197],[8.317883178831806,35.65466598837865],[8.281882818828194,35.718898116168674],[8.245882458824582,35.80222628195034],[8.245882458824582,35.86993041664793],[8.281882818828194,36.05047477584152],[8.307083070830714,36.18935505214429],[8.350283502835026,36.3681634078841],[8.332283322833234,36.418507508043845],[8.30348303483035,36.45496358057332],[8.209882098820998,36.49489166001037],[8.206282062820634,36.519195708363355],[8.231482314823154,36.545235760170115],[8.368283682836847,36.63203593285934],[8.443884438844407,36.760500188439394],[8.50508505085051,36.788276243699954],[8.602286022860227,36.83341233349836],[8.598685986859863,36.88375643365811],[8.577085770857707,36.93757254072543],[8.821888218882208,36.99833266160789],[9.059490594905952,37.15630897590228],[9.14229142291424,37.19450105188554],[9.689496894968954,37.34032534200344],[9.757897578975786,37.329909321280724],[9.83709837098371,37.30907727983532],[9.815498154981555,37.25526117276799],[9.783097830978306,37.21186108642338],[9.829898298982982,37.13547693445686],[9.894698946989479,37.18234902770904],[9.880298802988023,37.21359708987717],[9.876698766987687,37.253525169314216],[9.988299882998831,37.25699717622177],[10.089100891008911,37.25178916586043],[10.19710197101972,37.206653076062025],[10.189901899018992,37.03305273068358],[10.333903339033384,36.864660395666476],[10.294302943029436,36.78133222988481],[10.413104131041308,36.73098812972506],[10.517505175051753,36.791748250607526],[10.571505715057157,36.880284426750535],[10.76590765907659,36.93062852691028],[10.953109531095322,37.05909278249034],[11.053910539105402,37.07298081012061],[11.075510755107558,36.96708459943976],[11.125911259112598,36.87334041293539],[11.057510575105766,36.842092350767274],[10.96750967509675,36.74314015390155],[10.798307983079837,36.49315565655658],[10.643506435064353,36.42024351149763],[10.52470524705248,36.32302731808569],[10.488704887048868,36.2553231833881],[10.477904779047805,36.175467024514006],[10.506705067050689,36.03311474130368],[10.589505895058949,35.88729045118578],[10.690306903069029,35.79875427504277],[10.78390783907841,35.772714223235994],[11.003510035100362,35.63383394693324],[10.999909999099998,35.55224178460536],[11.032310323103246,35.45328958773965],[11.04311043110431,35.33524135288229],[11.11871118711187,35.23976116292414],[10.956709567095686,35.03317675192379],[10.86670866708667,34.88388045489832],[10.690306903069029,34.67903204735174],[10.535505355053544,34.545359781410326],[10.200702007020084,34.345719384225106],[10.117901179011795,34.2797512529813],[10.063900639006391,34.21204711828369],[10.038700387003871,34.14087097667853],[10.049500495004963,34.05580680744309],[10.157501575015743,33.84922239644273],[10.305103051030528,33.727702154677814],[10.452704527045285,33.66173402343401],[10.711907119071185,33.68951007869455],[10.704707047070485,33.60965391982046],[10.722707227072277,33.51417372986232],[10.827108271082722,33.519381740223665],[10.899108991089918,33.53326976785395],[10.956709567095686,33.627013954358304],[11.08631086310865,33.56278182656828],[11.151111511115118,33.37008544319819],[11.259112591125927,33.30932532231574],[11.26991269912699,33.28675727741654],[11.233912339123407,33.27113324633248],[11.201512015120159,33.24856520143328],[11.233912339123407,33.23294117034922],[11.338313383133851,33.20863712199623],[11.399513995139955,33.22426115308029],[11.5039150391504,33.18259707018947]]],[[[11.277112771127719,34.753680195864476],[11.122311223112234,34.68250405425931],[11.154711547115483,34.74500017859555],[11.255512555125563,34.81964832710828],[11.280712807128083,34.80228829257044],[11.277112771127719,34.753680195864476]]],[[[10.956709567095686,33.72249414431646],[10.931509315093166,33.7172861339551],[10.88470884708849,33.68951007869455],[10.855908559085606,33.68777407524077],[10.78390783907841,33.7172861339551],[10.75870758707589,33.7172861339551],[10.722707227072277,33.738118175400515],[10.73350733507337,33.85616641025787],[10.744307443074433,33.889150475879774],[10.920709207092074,33.892622482787345],[11.01791017910179,33.82318234463597],[11.032310323103246,33.80582231009812],[11.03591035910361,33.784990268652706],[10.99270992709927,33.746798192669445],[10.956709567095686,33.72249414431646]]]]}},{"type":"Feature","id":"768","properties":{"name":"Togo"},"geometry":{"type":"Polygon","coordinates":[[[0.9018090180901766,10.993000923915503],[0.8730087300873208,10.885368709780863],[0.8226082260822807,10.753432447293235],[0.7866078660786684,10.710032360948617],[0.7650076500765124,10.387135718544698],[0.7794077940779403,10.359359663284152],[0.7938079380793965,10.352415649469009],[0.9594095940959448,10.241311428426798],[1.1754117541175617,10.098959145216469],[1.3302133021330178,9.996534941443173],[1.344613446134474,9.96355087582127],[1.344613446134474,9.750022451005776],[1.3482134821348382,9.5677420883584],[1.380613806138058,9.463581881131319],[1.384213842138422,9.361157677358037],[1.4238142381423984,9.284773525391515],[1.5678156781567907,9.137213231819828],[1.600216002160039,9.050413059130605],[1.6038160381603745,8.770916503071291],[1.6074160741607386,8.559124081709584],[1.625416254162559,8.270947508381354],[1.625416254162559,8.029643028305301],[1.625416254162559,7.725842423892999],[1.625416254162559,7.369961715867177],[1.625416254162559,6.996720973303496],[1.5318153181531784,6.9932489663959245],[1.5822158221582185,6.87693673499237],[1.5894158941589467,6.772776527765288],[1.6038160381603745,6.738056458689599],[1.5786157861578545,6.687712358529851],[1.600216002160039,6.609592203109543],[1.6398163981639868,6.581816147848997],[1.7442174421744312,6.425575837008381],[1.7766177661776794,6.295375577974539],[1.6110161101611027,6.250239488176149],[1.621816218162195,6.217255422554246],[1.3122131221312259,6.146079280949067],[1.1862118621186255,6.08879116697419],[1.1862118621186255,6.144343277495295],[1.1394113941139494,6.154759298217996],[1.0854108541085452,6.173855336209627],[1.0494104941049613,6.2033673949239585],[1.0026100261002568,6.2693355261677794],[0.9846098460984649,6.3196796263275274],[0.9126091260912688,6.328359643596457],[0.8226082260822807,6.385647757571334],[0.7362073620736282,6.453351892268941],[0.7074070740707441,6.519320023512748],[0.7146071460714722,6.548832082227079],[0.70380703807038,6.580080144395211],[0.6714067140671602,6.592232168571698],[0.5958059580596,6.74152846559717],[0.5490054900548955,6.802288586479634],[0.5238052380523754,6.850896683185596],[0.5346053460534677,6.889088759168857],[0.5238052380523754,6.939432859328605],[0.5382053820538317,6.979360938765652],[0.5778057780577797,7.00366498711864],[0.592205922059236,7.033177045832971],[0.5958059580596,7.0974091736230065],[0.6210062100621201,7.225873429203062],[0.635406354063548,7.354337684783118],[0.592205922059236,7.389057753858808],[0.5382053820538317,7.399473774581509],[0.5094050940509476,7.435929847110984],[0.49860498604985537,7.494953964539661],[0.49860498604985537,7.547034068153195],[0.6066060660606638,7.727578427346785],[0.5850058500585078,8.145955259708856],[0.5994059940599357,8.210187387498891],[0.6462064620646402,8.253587473843496],[0.6894068940689522,8.303931574003258],[0.6858068580685881,8.354275674163006],[0.617406174061756,8.47926792283549],[0.4842048420484275,8.574748112793642],[0.41580415804159543,8.65286826821395],[0.37980379803798314,8.722308406365329],[0.372603726037255,8.758764478894804],[0.4518045180451793,8.81431658941591],[0.4878048780487916,8.850772661945385],[0.4950049500495197,8.894172748290003],[0.45900459004590743,8.974028907164083],[0.4662046620466356,9.11464518692064],[0.49860498604985537,9.220541397601494],[0.5274052740527395,9.357685670450465],[0.5274052740527395,9.399349753341298],[0.4482044820448152,9.480941915669177],[0.4050040500405032,9.491357936391879],[0.372603726037255,9.48614992603052],[0.28980289802899506,9.432333818963201],[0.2610026100261109,9.425389805148072],[0.24300243002431898,9.442749839685916],[0.23220232202322677,9.463581881131319],[0.2610026100261109,9.49482994329945],[0.2502025020250187,9.536494026190283],[0.2754027540275388,9.571214095265972],[0.3258032580325789,9.586838126350031],[0.3438034380343993,9.604198160887876],[0.2718027180271747,9.62155819542572],[0.264602646026475,9.644126240324923],[0.26820268202683906,9.668430288677897],[0.28980289802899506,9.671902295585468],[0.31140311403115106,9.670166292131682],[0.32220322203221485,9.687526326669527],[0.33300333003330707,9.803838558073096],[0.3438034380343993,9.843766637510143],[0.351003510035099,9.925358799838008],[0.3618036180361912,10.23610341806544],[0.37980379803798314,10.269087483687358],[0.37980379803798314,10.291655528586546],[0.33300333003330707,10.307279559670604],[0.2178021780217989,10.39060772545227],[0.1494014940149384,10.45483985324229],[0.08820088200883447,10.520807984486112],[0.03780037800379432,10.564208070830716],[-0.0594005940059219,10.630176202074537],[-0.08460084600844198,10.673576288419142],[-0.09180091800917012,10.715240371309974],[-0.0594005940059219,10.800304540545426],[-0.012600126001245826,10.89057672014222],[0.009000090000910177,11.020776979176063],[-0.005400054000546106,11.055497048251752],[-0.07020070200701412,11.116257169134201],[0.16020160201603062,11.069385075882025],[0.4842048420484275,10.991264920461717],[0.49140491404915565,10.977376892831444],[0.49140491404915565,10.954808847932242],[0.5490054900548955,10.954808847932242],[0.6426064260642761,10.982584903192802],[0.9018090180901766,10.993000923915503]]]}},{"type":"Feature","id":"834","properties":{"name":"Tanzania"},"geometry":{"type":"MultiPolygon","coordinates":[[[[39.49779497794978,-6.174337230559786],[39.57339573395734,-6.387865655375293],[39.56259562595628,-6.42779373481234],[39.50859508595087,-6.452097783165314],[39.47979479794799,-6.4538337866191],[39.44739447394474,-6.419113717543411],[39.42219422194222,-6.347937575938246],[39.38259382593827,-6.365297610476091],[39.31419314193144,-6.278497437786868],[39.242192421924216,-6.275025430879296],[39.18099180991811,-6.172601227106014],[39.20619206192063,-6.084065050962991],[39.191791917919176,-5.931296747029961],[39.267392673926736,-5.853176591609653],[39.310593105931076,-5.7212403291220255],[39.35739357393575,-5.81151250871882],[39.368193681936816,-5.950392785021592],[39.43299432994331,-6.115313113131123],[39.48699486994872,-6.165657213290871],[39.49779497794978,-6.174337230559786]]],[[[39.86499864998652,-4.9053187058433],[39.87219872198722,-4.9573988094568335],[39.854198541985426,-5.00427090270901],[39.85779857798579,-5.155303203188268],[39.854198541985426,-5.255991403507778],[39.79659796597966,-5.394871679810535],[39.74979749797498,-5.443479776516497],[39.70659706597067,-5.429591748886224],[39.67419674196742,-5.407023703987022],[39.64539645396454,-5.368831628003761],[39.69939699396994,-5.113639120297435],[39.67419674196742,-4.927886750742488],[39.78219782197823,-4.945246785280347],[39.86499864998652,-4.9053187058433]]],[[[32.92052920529207,-9.4067756615066],[32.8629286292863,-9.38073560969984],[32.75492754927549,-9.321711492271163],[32.60732607326074,-9.271367392111415],[32.488524885248864,-9.212343274682738],[32.43452434524346,-9.156791164161632],[32.31932319323195,-9.13422311926243],[32.22212222122221,-9.125543101993514],[32.128521285212855,-9.073462998379966],[32.0349203492035,-9.066518984564837],[31.94131941319415,-9.054366960388336],[31.92331923319233,-9.019646891312647],[31.919719197191966,-8.941526735892353],[31.887318873188747,-8.922430697900722],[31.818918189181886,-8.901598656455306],[31.743317433174326,-8.903334659909092],[31.700117001170014,-8.913750680631793],[31.674916749167494,-8.908542670270435],[31.61371613716139,-8.863406580472045],[31.55611556115562,-8.806118466497153],[31.534515345153466,-8.714110283446573],[31.448114481144813,-8.65335016256411],[31.350913509135097,-8.606478069311933],[31.07731077310774,-8.61168607967329],[31.03411034110343,-8.597798052043004],[30.969309693096932,-8.550925958790828],[30.89370893708937,-8.474541806824305],[30.828908289082904,-8.386005630681296],[30.778507785077863,-8.266221392370156],[30.74970749707498,-8.193309247311205],[30.720907209072095,-8.104773071168196],[30.652506525065263,-7.971100805226783],[30.55890558905591,-7.781876428764278],[30.486904869048686,-7.627372121377448],[30.40770407704079,-7.460715789814131],[30.375303753037542,-7.339195548049219],[30.31410314103141,-7.203787278654019],[30.21330213302133,-7.037130947090702],[30.16290162901629,-6.972898819300681],[30.10530105301055,-6.91561070532579],[29.96129961299613,-6.802770480829793],[29.799297992979945,-6.691666259787581],[29.709297092970928,-6.617018111274845],[29.590495904959056,-6.394809669190423],[29.540095400954016,-6.313217506862557],[29.507695076950768,-6.172601227106014],[29.478894788947883,-6.025040933534328],[29.489694896948976,-5.96601681610565],[29.597695976959784,-5.776792439643131],[29.608496084960848,-5.722976332575811],[29.59409594095942,-5.650064187516861],[29.54369543695438,-5.499031887037603],[29.504095040950403,-5.401815693625679],[29.475294752947548,-5.316751524390227],[29.421294212942144,-5.176135244633684],[29.34209342093422,-4.983438861263593],[29.324093240932427,-4.898374692028156],[29.324093240932427,-4.835878567691921],[29.36729367293674,-4.669222236128604],[29.403294032940323,-4.49735789420393],[29.403294032940323,-4.4487497974979675],[29.716497164971656,-4.455693811313097],[29.77049770497706,-4.417501735329836],[29.9468994689947,-4.30813351774141],[30.14850148501486,-4.085925075656988],[30.18810188101881,-3.9921808891526354],[30.267302673026734,-3.8498286059422924],[30.350103501035022,-3.780388467790914],[30.378903789037906,-3.730044367631166],[30.400504005040062,-3.653660215664644],[30.425704257042582,-3.5894280878746088],[30.530105301053027,-3.4922118944626845],[30.630906309063107,-3.4192997494037343],[30.62370623706238,-3.3880516872356026],[30.60930609306095,-3.3672196457902004],[30.627306273062743,-3.34812360779857],[30.681306813068147,-3.309931531815309],[30.789307893078927,-3.2752114627396196],[30.81090810908111,-3.2005633142268834],[30.81090810908111,-3.117235148445218],[30.79290792907929,-3.0686270517392558],[30.796507965079655,-3.014810944671936],[30.778507785077863,-2.98529888595759],[30.71010710107103,-2.976618868688675],[30.605706057060587,-2.934954785797842],[30.51570515705157,-2.9175947512599976],[30.454504545045467,-2.8932907029070094],[30.43290432904331,-2.874194664915393],[30.425704257042582,-2.823850564755631],[30.44010440104401,-2.7682984542345253],[30.450904509045102,-2.7526744231504665],[30.47250472504726,-2.693650305721789],[30.43290432904331,-2.6589302366461],[30.425704257042582,-2.641570202108255],[30.443704437044374,-2.6137941468477095],[30.53370533705339,-2.426305773838976],[30.555305553055547,-2.400265722032202],[30.594905949059495,-2.3967937151246446],[30.656106561065627,-2.3742256702254423],[30.713707137071367,-2.363809649502727],[30.764107641076407,-2.3724896667716564],[30.796507965079655,-2.362073646048941],[30.828908289082904,-2.337769597695967],[30.854108541085424,-2.264857452637017],[30.87570875708758,-2.1433372108720903],[30.864908649086487,-2.04438501400638],[30.81810818108181,-1.9680008620398581],[30.807308073080748,-1.8499526271825033],[30.828908289082904,-1.6937123163419017],[30.81090810908111,-1.5635120573080599],[30.76050760507607,-1.459351850080992],[30.71010710107103,-1.396855725744743],[30.630906309063107,-1.3673436670304113],[30.50850508505087,-1.2076313492822237],[30.468904689046894,-1.1312471973157159],[30.476104761047623,-1.0826391006097396],[30.50850508505087,-1.0670150695256808],[30.519305193051935,-1.0618070591643232],[30.59850598505986,-1.0704870764332526],[30.67410674106742,-1.051391038441622],[30.74250742507425,-1.0079909520970034],[30.81090810908111,-0.9941029244667305],[30.82530825308254,-0.9993109348280882],[30.84330843308433,-1.00278294173566],[30.95130951309514,-1.00278294173566],[31.12771127711278,-1.00278294173566],[31.30411304113042,-1.00278294173566],[31.484114841148426,-1.00278294173566],[31.660516605166066,-1.00278294173566],[31.836918369183707,-1.00278294173566],[32.01692016920171,-1.00278294173566],[32.19332193321935,-1.00278294173566],[32.37332373323733,-1.00278294173566],[32.54972549725497,-1.00278294173566],[32.72612726127261,-1.00278294173566],[32.90612906129061,-1.00278294173566],[33.082530825308254,-1.00278294173566],[33.26253262532626,-1.00278294173566],[33.4389343893439,-1.00278294173566],[33.61533615336154,-1.00278294173566],[33.795337953379544,-1.00278294173566],[33.90333903339035,-1.00278294173566],[33.97893978939791,-1.00278294173566],[34.05094050940511,-1.039239014265135],[34.13014130141303,-1.0843751040635254],[34.34614346143462,-1.2041593423746662],[34.558545585455875,-1.3222075772320068],[34.7709477094771,-1.4419918155431475],[34.98334983349835,-1.560040050400488],[35.195751957519576,-1.6798242887116288],[35.41175411754119,-1.7978725235689694],[35.62415624156242,-1.9176567618801101],[35.83655836558367,-2.0374410001912366],[36.048960489604895,-2.1554892350485915],[36.26136261362615,-2.275273473359718],[36.477364773647736,-2.393321708217073],[36.68976689766899,-2.5131059465281993],[36.90216902169021,-2.631154181385554],[37.114571145711466,-2.7509384196966806],[37.330573305733054,-2.8689866545540355],[37.54297542975431,-2.988770892865162],[37.64377643776439,-3.0460590068400535],[37.658176581765815,-3.0703630551930416],[37.676176761767636,-3.177995269327681],[37.6869768697687,-3.245699404025274],[37.683376833768335,-3.306459524907737],[37.625776257762595,-3.407147725227233],[37.607776077760775,-3.460963832294567],[37.607776077760775,-3.497419904824042],[37.62217622176223,-3.511307932454315],[37.66897668976691,-3.5165159428156585],[37.71217712177122,-3.5408199911686467],[37.726577265772676,-3.559916029160277],[37.758977589775895,-3.636300181126799],[37.79857798577987,-3.6744922571100602],[37.88857888578886,-3.738724384900081],[38.03978039780398,-3.8498286059422924],[38.194581945819465,-3.9609328269845037],[38.34938349383495,-4.070301044572929],[38.50058500585007,-4.18140526561514],[38.655386553865554,-4.292509486657352],[38.81018810188104,-4.401877704245777],[38.96138961389616,-4.512981925287988],[39.116191161911615,-4.6240861463302],[39.191791917919176,-4.677902253397519],[39.22059220592206,-4.691790281027792],[39.20259202592027,-4.776854450263244],[39.12339123391234,-4.979966854356036],[39.11979119791198,-5.065031023591473],[39.08739087390876,-5.165719223910983],[39.058590585905876,-5.23168735515479],[38.97938979389795,-5.518127925029233],[38.91098910989112,-5.625760139163873],[38.8209882098821,-5.877480639962641],[38.80298802988031,-6.070177023332718],[38.856988569885715,-6.205585292727918],[38.87498874988751,-6.330577541400402],[38.982989829898315,-6.455569790072886],[39.065790657906575,-6.498969876417505],[39.12699126991271,-6.556257990392396],[39.22779227792279,-6.684722245972452],[39.28899288992892,-6.814922505006294],[39.47259472594726,-6.879154632796315],[39.54459544595446,-7.023242919460429],[39.51939519395194,-7.1239311197799395],[39.43299432994331,-7.207259285561591],[39.35379353793539,-7.3409315515030045],[39.28899288992892,-7.5180039037890225],[39.285392853928556,-7.7870844391256355],[39.33219332193323,-7.747156359688589],[39.42939429394295,-7.813124490932395],[39.44019440194404,-8.01102888466383],[39.33939339393396,-8.243653347470968],[39.310593105931076,-8.351285561605607],[39.30339303393035,-8.443293744656188],[39.37899378993791,-8.721054297261716],[39.48699486994872,-8.861670577018259],[39.47979479794799,-8.90680666681665],[39.450994509945104,-8.943262739346125],[39.6417964179642,-9.193247236691107],[39.62379623796238,-9.410247668414172],[39.69579695796958,-9.578640003431275],[39.728197281972825,-9.724464293549175],[39.7749977499775,-9.837304518045173],[39.78219782197823,-9.913688670011695],[39.72459724597246,-10.000488842700918],[39.86499864998652,-10.021320884146334],[39.944199441994414,-10.092497025751499],[39.98379983799839,-10.160201160449091],[40.08460084600847,-10.15672915354152],[40.138601386013875,-10.201865243339924],[40.2178021780218,-10.240057319323185],[40.38700387003871,-10.352897543819182],[40.43380433804339,-10.41018565779406],[40.45180451804518,-10.443169723415977],[40.46260462604627,-10.46400176486138],[40.347403474034735,-10.550801937550617],[40.16740167401676,-10.687946210399588],[39.987399873998754,-10.821618476341001],[39.81819818198184,-10.911890655937796],[39.69579695796958,-10.955290742282415],[39.56259562595628,-10.977858787181603],[39.44019440194404,-11.035146901156494],[39.32139321393214,-11.121947073845732],[39.17019170191702,-11.167083163644122],[38.98658986589868,-11.167083163644122],[38.79578795787958,-11.229579287980371],[38.604986049860514,-11.345891519383926],[38.49338493384934,-11.413595654081533],[38.31338313383134,-11.311171450308237],[38.17658176581767,-11.278187384686333],[38.018180181801824,-11.281659391593905],[37.92097920979211,-11.295547419224178],[37.884978849788496,-11.316379460669594],[37.85617856178561,-11.378875585005844],[37.83097830978309,-11.481299788779125],[37.726577265772676,-11.58025198564485],[37.54297542975431,-11.675732175602988],[37.373773737737395,-11.710452244678692],[37.21897218972191,-11.686148196325703],[37.114571145711466,-11.647956120342442],[37.06057060570606,-11.592404009821337],[36.97776977769777,-11.566363958014563],[36.87336873368736,-11.57157196837592],[36.77256772567728,-11.609764044359181],[36.67536675366753,-11.684412192871918],[36.51696516965171,-11.715660255040035],[36.30456304563046,-11.70698023777112],[36.192961929619315,-11.670524165241645],[36.174961749617495,-11.609764044359181],[36.08136081360814,-11.536851899300231],[35.91215912159123,-11.455259736972351],[35.78615786157863,-11.45352373351858],[35.70335703357034,-11.531643888938873],[35.631356313563145,-11.581987989098636],[35.56295562955631,-11.602820030544038],[35.505355053550545,-11.604556033997824],[35.45135451354514,-11.588932002913765],[35.41895418954189,-11.583723992552407],[35.18135181351815,-11.575043975283492],[34.95814958149583,-11.578515982191064],[34.9509495094951,-11.543795913115375],[34.936549365493676,-11.46393975424128],[34.88974889748897,-11.392763612636116],[34.85014850148502,-11.351099529745284],[34.79974799747998,-11.340683509022583],[34.77454774547746,-11.342419512476368],[34.75294752947531,-11.309435446854451],[34.72774727747279,-11.238259305249287],[34.68814688146881,-11.177499184366837],[34.63774637746377,-11.127155084207075],[34.608946089460915,-11.080282990954899],[34.59814598145982,-11.03688290461028],[34.60534605346055,-10.990010811358104],[34.65214652146523,-10.873698579954535],[34.666546665466655,-10.79210641762667],[34.66294662946629,-10.71051425529879],[34.63774637746377,-10.625450086063353],[34.583745837458395,-10.524761885743843],[34.590945909459094,-10.496985830483297],[34.5729457294573,-10.427545692331904],[34.56934569345694,-10.378937595625942],[34.58014580145803,-10.319913478197265],[34.56934569345694,-10.24179332277697],[34.52254522545226,-10.073400987759868],[34.52254522545226,-10.03000090141525],[34.475744757447586,-9.948408739087384],[34.32814328143283,-9.755712355717293],[34.3209432094321,-9.731408307364305],[34.08694086940869,-9.536975920540442],[33.996939969399705,-9.49531183764961],[33.96093960939609,-9.531767910179084],[33.95013950139503,-9.564751975801002],[33.96093960939609,-9.627248100137237],[33.95373953739539,-9.658496162305354],[33.9429394293943,-9.672384189935642],[33.888938889388896,-9.670648186481856],[33.85293852938531,-9.663704172666712],[33.76653766537666,-9.611624069053178],[33.69813698136983,-9.597736041422905],[33.52893528935289,-9.608152062145606],[33.46773467734678,-9.620304086322108],[33.42093420934211,-9.608152062145606],[33.33093330933309,-9.519615886002597],[33.226532265322675,-9.500519848010967],[33.12933129331293,-9.49531183764961],[32.974529745297474,-9.394623637330113],[32.93852938529386,-9.399831647691471],[32.92052920529207,-9.4067756615066]]],[[[39.71019710197103,-7.978044819041926],[39.65619656196563,-7.990196843218413],[39.63459634596347,-7.978044819041926],[39.602196021960225,-7.936380736151094],[39.65979659796599,-7.8999246636216185],[39.71739717397176,-7.832220528924026],[39.8469984699847,-7.729796325150744],[39.89019890198904,-7.663828193906923],[39.90819908199083,-7.64994016627665],[39.89739897398974,-7.728060321696958],[39.82539825398254,-7.8999246636216185],[39.76059760597607,-7.91207668779812],[39.71019710197103,-7.978044819041926]]]]}},{"type":"Feature","id":"748","properties":{"name":"eSwatini"},"geometry":{"type":"Polygon","coordinates":[[[31.94851948519485,-25.957832589888383],[31.970119701197007,-25.97172061751867],[32.06012060120602,-26.018592710770847],[32.06732067320675,-26.110600893821427],[32.06012060120602,-26.214761101048502],[32.04212042120423,-26.28072923229231],[32.04932049320493,-26.346697363536123],[32.078120781207815,-26.44912156730941],[32.1069210692107,-26.520297708914576],[32.11412114121143,-26.83972234441093],[32.08172081720818,-26.82409831332687],[32.02412024120241,-26.811946289150377],[31.995319953199527,-26.817154299511735],[31.96651966519667,-26.96124258617585],[31.944919449194487,-27.173035007537564],[31.959319593195943,-27.306707273478978],[31.743317433174326,-27.310179280386542],[31.46971469714697,-27.29629125275627],[31.275312753127537,-27.239003138781378],[31.062910629106312,-27.112274886655108],[30.936909369093712,-26.916106496377452],[30.882908829088308,-26.792850251158754],[30.807308073080748,-26.78590623734361],[30.79290792907929,-26.7650741958982],[30.78570785707859,-26.614041895418943],[30.789307893078927,-26.456065581124548],[30.803708037080384,-26.412665494779937],[30.94410944109441,-26.218233107956067],[31.03411034110343,-26.098448869644933],[31.088110881108832,-25.980400634787586],[31.206912069120705,-25.843256361938614],[31.33651336513367,-25.75472018579559],[31.383313833138345,-25.742568161619104],[31.415714157141565,-25.746040168526676],[31.63891638916391,-25.86756041029159],[31.87291872918729,-25.98213663824137],[31.92331923319233,-25.9682486106111],[31.94851948519485,-25.957832589888383]]]}},{"type":"Feature","id":"728","properties":{"name":"S. Sudan"},"geometry":{"type":"Polygon","coordinates":[[[33.97533975339755,4.220851450702014],[33.74133741337414,3.9847549809873186],[33.56853568535686,3.8111546356088724],[33.53973539735398,3.786850587255884],[33.48933489334894,3.7556025250877667],[33.32373323733239,3.753866521633981],[33.15453154531545,3.774698563079397],[32.99612996129963,3.880594773760251],[32.83772837728378,3.799002611432371],[32.7369273692737,3.7729625596256113],[32.67572675726757,3.762546538902896],[32.53532535325354,3.750394514726409],[32.337323373233744,3.7069944283817904],[32.24372243722439,3.651442317860699],[32.19692196921969,3.6080422315160803],[32.15732157321574,3.5281860726419865],[32.13572135721358,3.5195060553730713],[32.09972099720997,3.5299220760957724],[32.04932049320493,3.56117013826389],[31.94131941319415,3.6080422315160803],[31.887318873188747,3.7087304318355763],[31.836918369183707,3.7712265561718255],[31.79731797317973,3.802474618339943],[31.628116281162818,3.701786418020447],[31.548915489154894,3.677482369667459],[31.48051480514806,3.6809543765750306],[31.358113581135825,3.738242490549922],[31.221312213122133,3.7851145838020983],[31.1529115291153,3.7851145838020983],[31.048510485104856,3.7243544629196492],[30.929709297092984,3.63408228332284],[30.86850868508685,3.543810103726045],[30.839708397083967,3.4899939966587255],[30.81810818108181,3.533394083003344],[30.796507965079655,3.573322162440391],[30.756907569075707,3.623666262600139],[30.69930699306994,3.6444983040455554],[30.6489064890649,3.63408228332284],[30.587705877058767,3.623666262600139],[30.55890558905591,3.6531783213144706],[30.555305553055547,3.7226184594658633],[30.537305373053726,3.786850587255884],[30.50850508505087,3.8354586839618463],[30.42210422104222,3.8840667806678226],[30.195301953019538,3.981282974079761],[30.02250022500226,4.17745136435741],[29.932499324993245,4.2677235439542045],[29.87129871298714,4.326747661382882],[29.781297812978124,4.481251968769698],[29.67689676896771,4.587148179450551],[29.550895508955108,4.635756276156528],[29.46809468094682,4.6114522278035395],[29.38529385293853,4.498612003307542],[29.223292232922347,4.392715792626689],[29.151291512915122,4.387507782265331],[29.05769057690577,4.446531899694008],[28.938889388893898,4.486459979131055],[28.726487264872645,4.505556017122686],[28.64008640086402,4.455211916962938],[28.524885248852485,4.373619754635058],[28.42768427684277,4.325011657929096],[28.366483664836665,4.3180676441139525],[28.31248312483126,4.338899685559369],[28.247682476824764,4.34931570628207],[28.193681936819388,4.351051709735856],[28.07848078480785,4.423963854794806],[28.020880208802083,4.479515965315912],[27.981279812798135,4.53159606892946],[27.916479164791667,4.568052141458935],[27.840878408784107,4.597564200173267],[27.786877868778703,4.644436293425443],[27.761677616776183,4.70346041085412],[27.718477184771842,4.778108559366856],[27.664476644766467,4.845812694064449],[27.49167491674916,4.967332935829376],[27.437674376743786,5.03850907743454],[27.401674016740174,5.109685219039704],[27.33327333273334,5.1860693710062264],[27.25767257672578,5.290229578233294],[27.23247232472326,5.441261878712552],[27.228872288722897,5.562782120477465],[27.21447214472144,5.61833423099857],[27.18207182071822,5.675622344973462],[27.142471424714245,5.722494438225652],[27.084870848708505,5.776310545292972],[26.940869408694084,5.854430700713266],[26.796867968679692,5.944702880310061],[26.724867248672496,5.9985189873773805],[26.59526595265953,6.017615025369011],[26.512465124651243,6.069695128982559],[26.447664476644775,6.182535353478542],[26.41886418864189,6.274543536529123],[26.354063540635423,6.3457196781343015],[26.32526325263254,6.3960637782940495],[26.307263072630747,6.455087895722727],[26.361263612636122,6.635632254916317],[26.285662856628562,6.6998643827063376],[26.170461704617054,6.781456545034217],[26.087660876608766,6.871728724631012],[26.037260372603726,6.9550568904126635],[25.88965889658897,7.064425108001089],[25.565655656556572,7.22934543611062],[25.382053820538204,7.333505643337702],[25.27765277652776,7.427249829842069],[25.191251912519135,7.519258012892649],[25.180451804518043,7.557450088875896],[25.23805238052381,7.649458271926477],[25.248852488524903,7.724106420439213],[25.2020520205202,7.807434586220879],[25.007650076500767,7.965410900515266],[24.852848528485282,8.13727524243994],[24.737647376473774,8.19109134950726],[24.45684456844569,8.239699446213223],[24.3740437404374,8.258795484204853],[24.29124291242914,8.291779549826757],[24.208442084420852,8.369899705247065],[24.179641796417968,8.461907888297645],[24.219242192421945,8.607732178415546],[24.194041940419424,8.65286826821395],[24.14724147241472,8.665020292390437],[24.161641616416176,8.696268354558555],[24.212042120421216,8.76744449616372],[24.29844298442984,8.81431658941591],[24.53244532445325,8.88722873447486],[24.54324543245434,8.915004789735406],[24.55044550445504,9.007012972785986],[24.56844568445686,9.052149062584391],[24.647646476464786,9.178877314710661],[24.65844658446585,9.229221414870409],[24.662046620466214,9.338589632458834],[24.672846728467306,9.388933732618597],[24.698046980469826,9.425389805148072],[24.75924759247593,9.489621932938093],[24.780847808478086,9.527814008921354],[24.791647916479178,9.611142174703005],[24.78444784447845,9.774326499358764],[24.816848168481698,9.840294630602571],[24.964449644496455,9.989590927628043],[25.004050040500402,10.05555905887185],[25.014850148501495,10.114583176300528],[25.014850148501495,10.175343297182991],[25.022050220502223,10.23610341806544],[25.065250652506535,10.293391532040332],[25.104851048510483,10.312487570031962],[25.21285212852129,10.329847604569807],[25.284852848528487,10.31769558039332],[25.79965799657998,10.420119784166602],[25.85725857258572,10.406231756536329],[25.886058860588605,10.345471635653865],[25.88245882458824,10.249991445695727],[25.893258932589333,10.203119352443537],[25.918459184591853,10.170135286821633],[26.00126001260014,10.123263193569457],[26.055260552605546,10.046879041602935],[26.087660876608766,10.019102986342375],[26.170461704617054,9.965286879275055],[26.55206552065522,9.526078005467568],[26.660066600666028,9.484413922576735],[26.764467644676444,9.500037953660794],[26.96966969669697,9.590310133257603],[27.074070740707413,9.614614181610577],[27.80127801278013,9.588574129803817],[27.880478804788055,9.60246215743409],[27.88407884078842,9.598990150526518],[27.995679956799563,9.378517711895881],[28.049680496804967,9.328173611736133],[28.845288452884546,9.326437608282347],[28.83088830888309,9.388933732618597],[28.838088380883818,9.458373870769975],[28.93168931689317,9.54864605036677],[28.978489784897846,9.59378214016516],[29.00009000090003,9.609406171249233],[29.122491224912267,9.67537430249304],[29.24129241292414,9.718774388837659],[29.471694716947184,9.769118488997407],[29.558095580955808,9.848974647871486],[29.604896048960484,9.921886792930437],[29.604896048960484,10.06423907614078],[29.637296372963732,10.088543124493754],[29.691296912969136,10.121527190115671],[29.957699576995765,10.249991445695727],[30.00450004500047,10.277767500956273],[30.476104761047623,9.979174906905328],[30.738907389073887,9.743078437190633],[30.756907569075707,9.730926413014146],[30.76770767707677,9.727454406106574],[30.782107821078228,9.734398419921718],[30.796507965079655,9.746550444098204],[30.814508145081447,9.753494457913348],[30.82530825308254,9.756966464820906],[30.940509405094048,9.758702468274691],[31.1529115291153,9.770854492451193],[31.224912249122497,9.798630547711738],[31.653316533165338,10.220479386981381],[31.76491764917651,10.35588765637658],[31.793717937179366,10.383663711637126],[31.8549185491855,10.479143901595279],[31.919719197191966,10.64406422970481],[31.934119341193423,10.66316026769644],[32.405724057240576,11.057233051705538],[32.42012420124203,11.088481113873655],[32.42372423724237,11.114521165680415],[32.355323553235536,11.246457428168043],[32.337323373233744,11.31416156286565],[32.337323373233744,11.418321770092717],[32.34812348123481,11.579770091294677],[32.34452344523447,11.682194295067958],[32.34452344523447,11.69434631924446],[32.337323373233744,11.709970350328518],[32.33372333723338,11.715178360689876],[32.07092070920709,12.006826940925677],[32.7369273692737,12.010298947833249],[32.7369273692737,12.034602996186223],[32.7369273692737,12.046755020362724],[32.7369273692737,12.058907044539211],[32.72252722527227,12.0936271136149],[32.715327153271545,12.138763203413305],[32.715327153271545,12.152651231043578],[32.715327153271545,12.164803255220065],[32.71892718927191,12.189107303573053],[32.71892718927191,12.20125932774954],[32.71892718927191,12.208203341564683],[32.71892718927191,12.213411351926027],[32.71892718927191,12.218619362287384],[32.72252722527227,12.223827372648742],[33.19773197731979,12.216883358833599],[33.19413194131943,12.135291196505733],[33.13653136531366,11.940858809681856],[33.13653136531366,11.826282581732087],[33.12213122131223,11.692610315790674],[33.118531185311866,11.682194295067958],[33.107731077310774,11.654418239807413],[33.093330933309346,11.637058205269568],[33.082530825308254,11.62143417418551],[33.07893078930789,11.616226163824152],[33.07173071730719,11.60581014310145],[33.07173071730719,11.591922115471164],[33.17253172531727,10.850648640705174],[33.168931689316906,10.831552602713543],[33.16533165331654,10.819400578537056],[33.13653136531366,10.772528485284866],[33.132931329313294,10.756904454200807],[33.12933129331293,10.746488433478106],[33.14013140131402,10.737808416209177],[33.359733597335975,10.657952257335083],[33.37053370533707,10.65274424697374],[33.38133381333813,10.645800233158596],[33.460534605346055,10.550320043200443],[33.89253892538926,10.199647345535965],[33.90693906939069,10.18228731099812],[33.95013950139503,10.071183089955909],[33.95733957339573,10.053823055418064],[33.95733957339573,10.027783003611304],[33.95733957339573,10.006950962165888],[33.946539465394665,9.940982830922067],[33.95013950139503,9.911470772207736],[33.95733957339573,9.89063873076232],[33.96453964539646,9.868070685863117],[33.96453964539646,9.861126672047988],[33.96093960939609,9.85591866168663],[33.96093960939609,9.845502640963929],[33.896138961389624,9.717038385383873],[33.87453874538747,9.626766205787078],[33.86733867338674,9.550382053820556],[33.870938709387104,9.506981967475937],[33.87813878138783,9.477469908761606],[33.88173881738817,9.470525894946462],[33.88533885338853,9.46705388803889],[33.888938889388896,9.463581881131319],[33.89253892538926,9.461845877677547],[34.07614076140763,9.461845877677547],[34.07974079740799,9.461845877677547],[34.07614076140763,9.420181794786714],[34.08334083340833,9.218805394147708],[34.09054090540906,9.041733041861676],[34.10134101341015,8.75182046507966],[34.10134101341015,8.677172316566924],[34.09414094140942,8.581692126608786],[34.072540725407265,8.54523605407931],[34.01854018540186,8.491419947011991],[33.95373953739539,8.442811850306015],[33.78453784537845,8.430659826129528],[33.644136441364424,8.432395829583314],[33.54693546935471,8.442811850306015],[33.410134101341015,8.448019860667372],[33.28053280532805,8.437603839944657],[33.233732337323374,8.395939757053839],[33.16533165331654,8.251851470389724],[33.06453064530646,8.040059049028002],[33.01413014130142,7.951522872884993],[32.999729997299994,7.8994427692714595],[33.01413014130142,7.868194707103342],[33.082530825308254,7.8230586173049375],[33.226532265322675,7.760562492968688],[33.39213392133922,7.724106420439213],[33.51453514535146,7.708482389355154],[33.60093600936011,7.69112235481731],[33.66573665736658,7.670290313371893],[33.90333903339035,7.508841992169934],[33.97893978939791,7.434193843657198],[34.022140221402225,7.368225712413391],[34.02934029340295,7.297049570808227],[34.06534065340654,7.225873429203062],[34.20214202142023,7.085257149446505],[34.27774277742779,7.00366498711864],[34.482944829448314,6.897768776437772],[34.56214562145621,6.779720541580431],[34.63774637746377,6.72243242760554],[34.709747097470995,6.659936303269291],[34.74934749347494,6.56792812021871],[34.83934839348393,6.300583588335897],[34.8969489694897,6.159967308579354],[34.95814958149583,6.045391080629571],[34.98334983349835,5.857902707620838],[35.03015030150303,5.774574541839186],[35.08055080550807,5.673886341519676],[35.163351633516356,5.581878158469095],[35.253352533525344,5.510702016863931],[35.26775267752677,5.4916059788723],[35.08415084150843,5.311061619678711],[34.87894878948791,5.109685219039704],[34.641346413464134,4.875324752778795],[34.37854378543787,4.620132245072469],[34.17694176941771,4.418755844433463],[33.97533975339755,4.220851450702014]]]}},{"type":"Feature","id":"729","properties":{"name":"Sudan"},"geometry":{"type":"Polygon","coordinates":[[[34.07974079740799,9.461845877677547],[34.07614076140763,9.461845877677547],[33.89253892538926,9.461845877677547],[33.888938889388896,9.463581881131319],[33.88533885338853,9.46705388803889],[33.88173881738817,9.470525894946462],[33.87813878138783,9.477469908761606],[33.870938709387104,9.506981967475937],[33.86733867338674,9.550382053820556],[33.87453874538747,9.626766205787078],[33.896138961389624,9.717038385383873],[33.96093960939609,9.845502640963929],[33.96093960939609,9.85591866168663],[33.96453964539646,9.861126672047988],[33.96453964539646,9.868070685863117],[33.95733957339573,9.89063873076232],[33.95013950139503,9.911470772207736],[33.946539465394665,9.940982830922067],[33.95733957339573,10.006950962165888],[33.95733957339573,10.027783003611304],[33.95733957339573,10.053823055418064],[33.95013950139503,10.071183089955909],[33.90693906939069,10.18228731099812],[33.89253892538926,10.199647345535965],[33.460534605346055,10.550320043200443],[33.38133381333813,10.645800233158596],[33.37053370533707,10.65274424697374],[33.359733597335975,10.657952257335083],[33.14013140131402,10.737808416209177],[33.12933129331293,10.746488433478106],[33.132931329313294,10.756904454200807],[33.13653136531366,10.772528485284866],[33.16533165331654,10.819400578537056],[33.168931689316906,10.831552602713543],[33.17253172531727,10.850648640705174],[33.07173071730719,11.591922115471164],[33.07173071730719,11.60581014310145],[33.07893078930789,11.616226163824152],[33.082530825308254,11.62143417418551],[33.093330933309346,11.637058205269568],[33.107731077310774,11.654418239807413],[33.118531185311866,11.682194295067958],[33.12213122131223,11.692610315790674],[33.13653136531366,11.826282581732087],[33.13653136531366,11.940858809681856],[33.19413194131943,12.135291196505733],[33.19773197731979,12.216883358833599],[32.72252722527227,12.223827372648742],[32.71892718927191,12.218619362287384],[32.71892718927191,12.213411351926027],[32.71892718927191,12.208203341564683],[32.71892718927191,12.20125932774954],[32.71892718927191,12.189107303573053],[32.715327153271545,12.164803255220065],[32.715327153271545,12.152651231043578],[32.715327153271545,12.138763203413305],[32.72252722527227,12.0936271136149],[32.7369273692737,12.058907044539211],[32.7369273692737,12.046755020362724],[32.7369273692737,12.034602996186223],[32.7369273692737,12.010298947833249],[32.07092070920709,12.006826940925677],[32.33372333723338,11.715178360689876],[32.337323373233744,11.709970350328518],[32.34452344523447,11.69434631924446],[32.34452344523447,11.682194295067958],[32.34812348123481,11.579770091294677],[32.337323373233744,11.418321770092717],[32.337323373233744,11.31416156286565],[32.355323553235536,11.246457428168043],[32.42372423724237,11.114521165680415],[32.42012420124203,11.088481113873655],[32.405724057240576,11.057233051705538],[31.934119341193423,10.66316026769644],[31.919719197191966,10.64406422970481],[31.8549185491855,10.479143901595279],[31.793717937179366,10.383663711637126],[31.76491764917651,10.35588765637658],[31.653316533165338,10.220479386981381],[31.224912249122497,9.798630547711738],[31.1529115291153,9.770854492451193],[30.940509405094048,9.758702468274691],[30.82530825308254,9.756966464820906],[30.814508145081447,9.753494457913348],[30.796507965079655,9.746550444098204],[30.782107821078228,9.734398419921718],[30.76770767707677,9.727454406106574],[30.756907569075707,9.730926413014146],[30.738907389073887,9.743078437190633],[30.476104761047623,9.979174906905328],[30.00450004500047,10.277767500956273],[29.957699576995765,10.249991445695727],[29.691296912969136,10.121527190115671],[29.637296372963732,10.088543124493754],[29.604896048960484,10.06423907614078],[29.604896048960484,9.921886792930437],[29.558095580955808,9.848974647871486],[29.471694716947184,9.769118488997407],[29.24129241292414,9.718774388837659],[29.122491224912267,9.67537430249304],[29.00009000090003,9.609406171249233],[28.978489784897846,9.59378214016516],[28.93168931689317,9.54864605036677],[28.838088380883818,9.458373870769975],[28.83088830888309,9.388933732618597],[28.845288452884546,9.326437608282347],[28.049680496804967,9.328173611736133],[27.995679956799563,9.378517711895881],[27.88407884078842,9.598990150526518],[27.880478804788055,9.60246215743409],[27.80127801278013,9.588574129803817],[27.074070740707413,9.614614181610577],[26.96966969669697,9.590310133257603],[26.764467644676444,9.500037953660794],[26.660066600666028,9.484413922576735],[26.55206552065522,9.526078005467568],[26.170461704617054,9.965286879275055],[26.087660876608766,10.019102986342375],[26.055260552605546,10.046879041602935],[26.00126001260014,10.123263193569457],[25.918459184591853,10.170135286821633],[25.893258932589333,10.203119352443537],[25.88245882458824,10.249991445695727],[25.886058860588605,10.345471635653865],[25.85725857258572,10.406231756536329],[25.79965799657998,10.420119784166602],[25.284852848528487,10.31769558039332],[25.21285212852129,10.329847604569807],[25.104851048510483,10.312487570031962],[25.065250652506535,10.293391532040332],[25.022050220502223,10.23610341806544],[25.014850148501495,10.175343297182991],[25.014850148501495,10.114583176300528],[25.004050040500402,10.05555905887185],[24.964449644496455,9.989590927628043],[24.816848168481698,9.840294630602571],[24.78444784447845,9.774326499358764],[24.791647916479178,9.611142174703005],[24.780847808478086,9.527814008921354],[24.75924759247593,9.489621932938093],[24.698046980469826,9.425389805148072],[24.672846728467306,9.388933732618597],[24.662046620466214,9.338589632458834],[24.65844658446585,9.229221414870409],[24.647646476464786,9.178877314710661],[24.56844568445686,9.052149062584391],[24.55044550445504,9.007012972785986],[24.54324543245434,8.915004789735406],[24.53244532445325,8.88722873447486],[24.29844298442984,8.81431658941591],[24.212042120421216,8.76744449616372],[24.161641616416176,8.696268354558555],[24.14724147241472,8.665020292390437],[24.04644046440464,8.691060344197211],[23.92043920439204,8.710156382188842],[23.67923679236793,8.73272442708803],[23.582035820358215,8.765708492709948],[23.538835388353903,8.816052592869696],[23.55323553235533,8.942780844995966],[23.52803528035281,8.970556900256511],[23.488434884348862,8.993124945155714],[23.463234632346342,9.04867705567682],[23.466834668346678,9.11464518692064],[23.596435964359642,9.262205480492312],[23.621636216362162,9.34032563591262],[23.64323643236432,9.614614181610577],[23.657636576365775,9.71009437156873],[23.646836468364683,9.822934596064727],[23.546035460354602,10.02951900706509],[23.456034560345614,10.173607293729205],[23.312033120331222,10.387135718544698],[23.254432544325454,10.458311860149863],[22.962829628296276,10.75169644383945],[22.930429304293057,10.795096530184068],[22.85842858428586,10.920088778856552],[22.894428944289444,11.029456996444978],[22.937629376293756,11.192641321100723],[22.94122941229412,11.26728946961346],[22.92322923229233,11.345409625033767],[22.84762847628477,11.402697739008659],[22.7828278282783,11.409641752823788],[22.754027540275416,11.439153811538134],[22.696426964269648,11.482553897882738],[22.642426424264244,11.515537963504656],[22.592025920259204,11.579770091294677],[22.55602556025562,11.670042270891472],[22.58122581225814,11.989466906387833],[22.56322563225632,12.032866992732437],[22.491224912249123,12.045019016908938],[22.47322473224733,12.067587061808126],[22.476824768247695,12.130083186144375],[22.433624336243383,12.312363548791751],[22.390423904239043,12.46339584927101],[22.415624156241563,12.54672401505266],[22.350823508235095,12.661300243002444],[22.232022320223223,12.709908339708406],[22.12042120421205,12.694284308624347],[22.001620016200178,12.671716263725145],[21.929619296192982,12.678660277540288],[21.87921879218794,12.699492318985705],[21.84321843218433,12.741156401876538],[21.825218252182538,12.7897644985825],[21.84321843218433,12.864412647095236],[21.908019080190797,13.001556919944207],[21.990819908199086,13.112661140986418],[22.156421564215663,13.215085344759714],[22.20322203222034,13.268901451827034],[22.22842228422286,13.329661572709497],[22.232022320223223,13.399101710860876],[22.22122221222213,13.472013855919826],[22.20322203222034,13.537981987163633],[22.1528215282153,13.626518163306642],[22.106021060210622,13.730678370533724],[22.106021060210622,13.800118508685102],[22.12762127621278,13.85046260884485],[22.174421744217454,13.911222729727314],[22.26082260822608,13.978926864424906],[22.282422824228263,13.99281489205518],[22.340023400234003,14.029270964584654],[22.38682386823868,14.055311016391428],[22.509225092250944,14.128223161450379],[22.5380253802538,14.161207227072282],[22.527225272252736,14.202871309963115],[22.49842498424985,14.237591379038804],[22.44802448024481,14.284463472290994],[22.440824408244083,14.341751586265872],[22.426424264242655,14.440703783131596],[22.401224012240135,14.504935910921617],[22.383223832238343,14.550072000720021],[22.415624156241563,14.58479206979571],[22.466024660246603,14.633400166501673],[22.5308253082531,14.662912225216019],[22.63162631626318,14.688952277022779],[22.671226712267128,14.721936342644696],[22.68202682026822,14.787904473888503],[22.678426784267856,14.852136601678538],[22.71442714427144,14.899008694930714],[22.76482764827648,14.997960891796438],[22.800828008280092,15.044832985048615],[22.86562865628656,15.096913088662149],[22.93402934029342,15.16288121990597],[22.962829628296276,15.237529368418706],[22.970029700297005,15.312177516931428],[22.93402934029342,15.532649955562064],[23.00963009630098,15.626394142066431],[23.106831068310697,15.702778294032953],[23.24363243632436,15.697570283671595],[23.45963459634598,15.713194314755668],[23.60363603636037,15.746178380377572],[23.708037080370815,15.744442376923786],[23.94563945639456,15.702778294032953],[23.96363963639638,15.713194314755668],[23.97083970839708,15.721874332024584],[23.98163981639817,15.780898449453261],[23.98163981639817,15.928458743024947],[23.98163981639817,16.374611630647564],[23.98163981639817,16.820764518270195],[23.98163981639817,17.266917405892826],[23.98163981639817,17.713070293515443],[23.98163981639817,18.159223181138074],[23.98163981639817,18.605376068760705],[23.98163981639817,19.04979295292955],[23.98163981639817,19.495945840552167],[23.98163981639817,19.62093808922465],[23.98163981639817,19.74593033789715],[23.98163981639817,19.870922586569634],[23.98163981639817,19.995914835242118],[24.226442264422644,19.995914835242118],[24.47484474844748,19.995914835242118],[24.719647196471982,19.995914835242118],[24.96804968049682,19.995914835242118],[24.971649716497183,19.997650838695904],[24.971649716497183,19.99938684214969],[24.97524975249752,20.001122845603476],[24.978849788497882,20.00285884905726],[24.978849788497882,20.501091840293412],[24.978849788497882,20.999324831529577],[24.978849788497882,21.497557822765742],[24.978849788497882,21.995790814001907],[25.36405364053641,21.995790814001907],[25.745657456574577,21.995790814001907],[26.127261272612742,21.995790814001907],[26.508865088650907,21.995790814001907],[26.890468904689044,21.995790814001907],[27.27207272072721,21.995790814001907],[27.653676536765374,21.995790814001907],[28.03528035280354,21.995790814001907],[28.416884168841705,21.995790814001907],[28.802088020880205,21.995790814001907],[29.18369183691837,21.995790814001907],[29.565295652956536,21.995790814001907],[29.9468994689947,21.995790814001907],[30.328503285032866,21.995790814001907],[30.71010710107103,21.99405481054812],[31.091710917109168,21.99405481054812],[31.21051210512107,21.99405481054812],[31.26091260912611,22.002734827817036],[31.358113581135825,22.188487197371984],[31.401314013140137,22.20237522500227],[31.46251462514627,22.191959204279556],[31.48771487714879,22.14855911793495],[31.466114661146605,22.084326990144916],[31.433714337143385,21.995790814001907],[31.62091620916209,21.995790814001907],[31.94851948519485,21.995790814001907],[32.27612276122761,21.995790814001907],[32.60732607326074,21.995790814001907],[32.9349293492935,21.995790814001907],[33.26253262532626,21.995790814001907],[33.59013590135902,21.995790814001907],[33.91773917739178,21.995790814001907],[34.24534245342454,21.995790814001907],[34.5729457294573,21.995790814001907],[34.90414904149043,21.995790814001907],[35.23175231752319,21.995790814001907],[35.55935559355595,21.995790814001907],[35.88695886958871,21.995790814001907],[36.21456214562147,21.995790814001907],[36.54216542165423,21.995790814001907],[36.86976869768699,21.997526817455693],[36.88416884168842,21.768374361556127],[36.92736927369273,21.58609399890875],[37.08217082170822,21.325693480841068],[37.21177211772118,21.185077201084525],[37.25857258572586,21.108693049118003],[37.26217262172622,21.072236976588528],[37.25857258572586,21.039252910966624],[37.21897218972191,21.077444986949885],[37.15057150571508,21.10348503875666],[37.139771397713986,20.981964796991733],[37.15777157771578,20.89516462430251],[37.172171721717234,20.731980299646764],[37.22617226172264,20.556643950814518],[37.18657186571866,20.39519562961256],[37.19377193771939,20.120907083914602],[37.26217262172622,19.79106642769554],[37.247772477724794,19.582746013241405],[37.3629736297363,19.09145703582037],[37.47097470974711,18.820640497029984],[37.532175321753215,18.75293636233239],[37.600576005760075,18.718216293256702],[37.73017730177301,18.693912244903714],[37.92097920979211,18.55676797205473],[38.07578075780759,18.409207678483057],[38.129781297813,18.332823526516535],[38.20178201782019,18.24949536073487],[38.25218252182523,18.265119391818928],[38.28458284582845,18.285951433264344],[38.33138331383316,18.21824729856675],[38.572585725857266,18.07242300844885],[38.60858608586088,18.00471887375126],[38.522185221852226,17.938750742507438],[38.421384213842146,17.824174514557654],[38.396183961839625,17.779038424759264],[38.38538385383853,17.751262369498704],[38.37458374583747,17.716542300423015],[38.345783457834585,17.68355823480111],[38.28818288182882,17.636686141548935],[38.26658266582666,17.61585410010352],[38.25218252182523,17.584606037935387],[38.219782197821985,17.563773996489985],[38.18018180181804,17.5620379930362],[38.14778147781479,17.548149965405912],[38.09738097380975,17.52731792396051],[38.02538025380255,17.53773394468321],[37.94977949779499,17.516901903237795],[37.92097920979211,17.49259785488482],[37.86337863378634,17.47002980998562],[37.802178021780236,17.46482179962426],[37.784177841778416,17.457877785809117],[37.726577265772676,17.419685709825856],[37.658176581765815,17.367605606212322],[37.575375753757555,17.33462154059042],[37.54657546575467,17.324205519867718],[37.51057510575106,17.287749447338243],[37.45297452974532,17.108941091598425],[37.40977409774098,17.06206899834625],[37.341373413734146,17.05686098798489],[37.247772477724794,17.05686098798489],[37.16857168571687,17.041236956900832],[37.06057060570606,17.06206899834625],[37.01017010170102,17.058596991438677],[36.99576995769959,17.020404915455416],[36.97416974169744,16.8659006080686],[36.97776977769777,16.79993247682478],[36.93456934569346,16.721812321404485],[36.887768877688785,16.624596127992547],[36.90576905769058,16.459675799883016],[36.912969129691305,16.29649147522727],[36.82656826568265,16.04997898478986],[36.812168121681225,15.994426874268754],[36.72576725767257,15.798258483991106],[36.678966789667896,15.727082342385941],[36.56736567365675,15.36252161709119],[36.520565205652076,15.249681392595193],[36.426964269642696,15.131633157737838],[36.44856448564485,14.940672777821547],[36.470164701647036,14.735824370274969],[36.49176491764919,14.544863990358664],[36.52416524165241,14.256687417030435],[36.444964449644516,13.987606881693836],[36.44856448564485,13.841782591575935],[36.39096390963911,13.626518163306642],[36.34776347763477,13.525829962987146],[36.30816308163082,13.466805845558468],[36.27216272162721,13.406045724676005],[36.21096210962111,13.27063745528082],[36.16056160561607,13.093565102994788],[36.13536135361355,12.911284740347412],[36.13536135361355,12.805388529666558],[36.124561245612455,12.756780432960596],[36.10656106561066,12.72726837424625],[35.98775987759879,12.706436332800848],[35.822158221582214,12.685604291355432],[35.732157321573226,12.661300243002444],[35.67095670956709,12.623108167019183],[35.59535595355953,12.538043997783745],[35.45135451354514,12.300211524615264],[35.37215372153722,12.15612323795115],[35.253352533525344,11.95648284076593],[35.112951129511316,11.815866561009372],[35.08415084150843,11.74816242631178],[35.05895058950591,11.62143417418551],[35.00855008550087,11.420057773546503],[34.961749617496196,11.275969486882389],[34.968949689496895,11.161393258932605],[34.92574925749258,10.961752861747385],[34.93294932949331,10.864536668335447],[34.88254882548827,10.810720561268127],[34.817748177481775,10.758640457654593],[34.7709477094771,10.746488433478106],[34.67374673746738,10.80551255090677],[34.60174601746019,10.864536668335447],[34.5729457294573,10.880160699419505],[34.508145081450834,10.84370462689003],[34.432544325443274,10.788152516368925],[34.34254342543426,10.657952257335083],[34.274142741427426,10.527751998301241],[34.31374313743137,10.251727449149499],[34.31014310143101,10.19096732826705],[34.29214292142922,10.124999197023229],[34.18414184141841,9.918414786022879],[34.15894158941589,9.854182658232844],[34.11934119341194,9.72919040956036],[34.07974079740799,9.51392598129108],[34.07974079740799,9.461845877677547]]]}},{"type":"Feature","id":"710","properties":{"name":"South Africa"},"geometry":{"type":"MultiPolygon","coordinates":[[[[29.363693636936375,-22.194177102083515],[29.378093780937803,-22.19244109862973],[29.662496624966252,-22.14556900537754],[29.90369903699039,-22.1837610813608],[30.191701917019174,-22.29139329549544],[30.461704617046166,-22.3295853714787],[30.71010710107103,-22.298337309310583],[30.915309153091528,-22.29139329549544],[31.073710737107376,-22.307017326579498],[31.196111961119612,-22.34520940256276],[31.28611286112863,-22.40249751653765],[31.29331293312933,-22.454577620151184],[31.300513005130057,-22.478881668504172],[31.347313473134733,-22.617761944806944],[31.41931419314193,-22.824346355807293],[31.466114661146605,-23.017042739177384],[31.5309153091531,-23.27917926069884],[31.5309153091531,-23.42500355081674],[31.54531545315453,-23.48229166479163],[31.602916029160298,-23.553467806396796],[31.674916749167494,-23.674988048161723],[31.700117001170014,-23.742692182859315],[31.725317253172534,-23.79477228647285],[31.800918009180094,-23.891988479884787],[31.858518585185863,-24.039548773456474],[31.908919089190903,-24.235717163734122],[31.952119521195215,-24.32946135023849],[31.96651966519667,-24.37633344349068],[31.984519845198463,-24.461397612726117],[31.984519845198463,-24.638469965012135],[31.984519845198463,-24.843318372558713],[31.984519845198463,-25.074206831912065],[31.988119881198827,-25.26343120837457],[31.9809198091981,-25.358911398332722],[31.984519845198463,-25.631463940576893],[31.919719197191966,-25.77381622378722],[31.926919269192695,-25.884920444829433],[31.94851948519485,-25.957832589888383],[31.92331923319233,-25.9682486106111],[31.87291872918729,-25.98213663824137],[31.63891638916391,-25.86756041029159],[31.415714157141565,-25.746040168526676],[31.383313833138345,-25.742568161619104],[31.33651336513367,-25.75472018579559],[31.206912069120705,-25.843256361938614],[31.088110881108832,-25.980400634787586],[31.03411034110343,-26.098448869644933],[30.94410944109441,-26.218233107956067],[30.803708037080384,-26.412665494779937],[30.789307893078927,-26.456065581124548],[30.78570785707859,-26.614041895418943],[30.79290792907929,-26.7650741958982],[30.807308073080748,-26.78590623734361],[30.882908829088308,-26.792850251158754],[30.936909369093712,-26.916106496377452],[31.062910629106312,-27.112274886655108],[31.275312753127537,-27.239003138781378],[31.46971469714697,-27.29629125275627],[31.743317433174326,-27.310179280386542],[31.959319593195943,-27.306707273478978],[31.944919449194487,-27.173035007537564],[31.96651966519667,-26.96124258617585],[31.995319953199527,-26.817154299511735],[32.02412024120241,-26.811946289150377],[32.08172081720818,-26.82409831332687],[32.11412114121143,-26.83972234441093],[32.20052200522005,-26.832778330595794],[32.35172351723517,-26.862290389310132],[32.47772477724777,-26.85881838240256],[32.589325893258945,-26.855346375494996],[32.77652776527765,-26.85013836513364],[32.88452884528846,-26.85013836513364],[32.848528485284874,-27.081026824486983],[32.70452704527045,-27.44211554287417],[32.65772657726578,-27.6070358709837],[32.53532535325354,-28.199013048724225],[32.37692376923769,-28.49760564277517],[32.286922869228704,-28.62086188799387],[32.027720277202775,-28.83959832317072],[31.95571955719558,-28.882998409515338],[31.89091890918911,-28.91251046822967],[31.77931779317794,-28.936814516582658],[31.33651336513367,-29.37775939384393],[31.170911709117092,-29.591287818659424],[31.023310233102336,-29.900296433433077],[30.879308793087944,-30.07042477190396],[30.663306633066327,-30.43498549719871],[30.47250472504726,-30.714482053258024],[30.28890288902889,-30.96967456096435],[29.97209972099722,-31.322083262082607],[29.831698316983164,-31.424507465855896],[29.734497344973448,-31.469643555654294],[29.482494824948247,-31.67449196320087],[29.126091260912602,-32.00259661596615],[28.85608856088561,-32.29424519620195],[28.449284492844924,-32.62408585242101],[28.215282152821544,-32.76991014253891],[27.8588785887859,-33.054614708959576],[27.761677616776183,-33.09627879185041],[27.362073620736226,-33.36015131682566],[27.077670776707777,-33.52159963802762],[26.613266132661323,-33.707352007582564],[26.429664296642983,-33.759432111196105],[25.99045990459905,-33.710824014490136],[25.80685806858068,-33.7368640662969],[25.652056520565225,-33.8497042907929],[25.63765637656377,-34.01115261199486],[25.5728557285573,-34.03545666034784],[25.475654756547584,-34.028512646532704],[25.16965169651698,-33.96080851183511],[25.004050040500402,-33.9729605360116],[24.906849068490686,-34.05976070870083],[24.827648276482762,-34.169128926289254],[24.597245972459746,-34.174336936650604],[24.183241832418332,-34.061496712154614],[23.697236972369723,-33.99205657400323],[23.58563585635858,-33.98511256018809],[23.35163351633517,-34.06844072596975],[23.26883268832688,-34.080592750146245],[22.926829268292693,-34.06323271560839],[22.736027360273596,-34.00941660854107],[22.552425524255256,-34.00941660854107],[22.415624156241563,-34.05455269833947],[22.24642246422465,-34.06844072596975],[21.789217892178925,-34.372241330382046],[21.55161551615518,-34.372241330382046],[21.35001350013502,-34.40869740291152],[21.24921249212494,-34.406961399457735],[21.058410584105843,-34.3652973165669],[20.99000990009901,-34.36703332002069],[20.882008820088203,-34.38612935801232],[20.774007740077394,-34.43994546507964],[20.52920529205292,-34.46251350997884],[20.43560435604357,-34.509385603231024],[20.021600216002156,-34.78541015238277],[19.927999279992804,-34.77499413166006],[19.84879848798488,-34.75589809366843],[19.636396363963655,-34.75416209021464],[19.391593915939154,-34.60486579318917],[19.297992979929802,-34.61528181391188],[19.323193231932322,-34.57014572411348],[19.33039330393305,-34.49202556869318],[19.27999279992801,-34.436473458172074],[19.243992439924398,-34.412169409819086],[19.150391503915046,-34.41737742018044],[19.099990999910005,-34.349673285482844],[18.95238952389525,-34.34446527512149],[18.90198901989021,-34.36008930620555],[18.829988299883013,-34.363561313113124],[18.82638826388265,-34.295857178415524],[18.829988299883013,-34.2541930955247],[18.82638826388265,-34.188224964280884],[18.808388083880857,-34.10836880540679],[18.75078750787509,-34.082328753600024],[18.707587075870777,-34.071912732877315],[18.606786067860696,-34.07712074323867],[18.53478534785347,-34.085800760507595],[18.498784987849888,-34.11010480886058],[18.462784627846275,-34.16739292283547],[18.462784627846275,-34.34620127857528],[18.40878408784087,-34.295857178415524],[18.35118351183513,-34.188224964280884],[18.33318333183334,-34.0736487363311],[18.354783547835495,-33.93824046693591],[18.46638466384664,-33.88789636677616],[18.455584555845576,-33.79588818372558],[18.43398433984339,-33.71776802830527],[18.30798307983082,-33.51465562421248],[18.261182611826115,-33.420911437708114],[18.1567815678157,-33.35841531337187],[18.07398073980741,-33.20738301289262],[17.991179911799122,-33.151830902371515],[17.958779587795874,-33.045934691690654],[17.879578795787978,-32.96087052245522],[17.850778507785094,-32.8271982565138],[17.893978939789406,-32.75081410454729],[17.965979659796602,-32.709150021656455],[18.0379803798038,-32.77511815290027],[18.12438124381245,-32.7490781010935],[18.25038250382505,-32.651861907681564],[18.32598325983261,-32.50430161410988],[18.329583295832975,-32.26994114784897],[18.311583115831155,-32.12238085427728],[18.210782107821075,-31.74219609789847],[18.1639816398164,-31.65539592520924],[17.937179371793718,-31.38284338296507],[17.677976779767818,-31.01828265767032],[17.346773467734693,-30.445401517921418],[17.188371883718844,-30.099936830618297],[16.95076950769507,-29.403799445650698],[16.738367383673847,-29.009726661641608],[16.479164791647918,-28.641693929439285],[16.44676446764467,-28.617389881086304],[16.486364863648646,-28.5722537912879],[16.626766267662674,-28.487189622052462],[16.687966879668807,-28.46462157715326],[16.72396723967239,-28.475037597875968],[16.75636756367564,-28.452469552976773],[16.788767887678887,-28.39518143900188],[16.795967959679615,-28.34136533193456],[16.810368103681043,-28.26498117996804],[16.84276842768429,-28.218109086715856],[16.87516875168751,-28.12783690711906],[16.93276932769328,-28.068812789690384],[17.055170551705515,-28.03062071370713],[17.148771487714896,-28.082700817320664],[17.188371883718844,-28.13304491748041],[17.206372063720636,-28.199013048724225],[17.245972459724612,-28.23026111089235],[17.31077310773108,-28.228525107438564],[17.357573575735756,-28.27018919032939],[17.38637386373864,-28.35351735611105],[17.379173791737912,-28.41427747699351],[17.34317343173433,-28.452469552976773],[17.346773467734693,-28.501077649682735],[17.397173971739733,-28.561837770565198],[17.415174151741525,-28.62086188799387],[17.447574475744773,-28.698982043414176],[17.616776167761685,-28.742382129758788],[17.699576995769974,-28.768422181565555],[17.839978399784002,-28.777102198834477],[17.976779767797694,-28.811822267910166],[18.102781027810295,-28.870846385338844],[18.311583115831155,-28.886470416422902],[18.599585995859968,-28.855222354254785],[18.837188371883713,-28.869110381885058],[19.024390243902445,-28.928134499313735],[19.161191611916138,-28.938550520036436],[19.247592475924762,-28.90209444750696],[19.283592835928374,-28.84827834043964],[19.272792727927282,-28.777102198834477],[19.31239312393126,-28.733702112489865],[19.40599405994061,-28.714606074498235],[19.48159481594817,-28.660789967430915],[19.53919539195394,-28.573989794741685],[19.67239672396724,-28.504549656590306],[19.877598775987764,-28.4489975460692],[19.981999819998208,-28.450733549522987],[19.981999819998208,-28.310117269766437],[19.981999819998208,-27.8657003855976],[19.981999819998208,-27.421283501428753],[19.981999819998208,-26.97513061380613],[19.981999819998208,-26.530713729637284],[19.981999819998208,-26.086296845468446],[19.981999819998208,-25.64187996129961],[19.981999819998208,-25.197463077130763],[19.981999819998208,-24.777350241314906],[20.028800288002884,-24.806862300029238],[20.34560345603458,-25.02907074211366],[20.432004320043205,-25.147118976971015],[20.47160471604718,-25.221767125483737],[20.608406084060846,-25.49084766082035],[20.709207092070926,-25.73388814435019],[20.792007920079215,-25.916168506997565],[20.799207992079914,-25.999496672779216],[20.810008100081006,-26.08108883510709],[20.824408244082434,-26.121016914544136],[20.81360813608137,-26.164417000888747],[20.756007560075602,-26.263369197754464],[20.698406984069834,-26.339753349720986],[20.626406264062638,-26.44391355694806],[20.619206192061938,-26.58105782979704],[20.640806408064094,-26.742506150999],[20.684006840068406,-26.822362309873085],[20.741607416074174,-26.84840236167986],[20.87120871208714,-26.808474282242813],[20.9540095400954,-26.820626306419307],[21.069210692106935,-26.851874368587424],[21.454414544145436,-26.832778330595794],[21.50121501215014,-26.843194351318502],[21.645216452164533,-26.85361037204121],[21.695616956169573,-26.841458347864716],[21.738817388173885,-26.806738278789027],[21.789217892178925,-26.709522085377095],[21.832418324183237,-26.67827402320897],[21.915219152191526,-26.662649992124912],[22.012420124201242,-26.636609940318145],[22.091620916209166,-26.579321826343254],[22.217622176221766,-26.388361446426956],[22.469624696246967,-26.218233107956067],[22.54882548825489,-26.178305028519027],[22.59922599225993,-26.13316893872063],[22.63882638826388,-26.07067281438438],[22.728827288272896,-25.857144389568887],[22.797227972279728,-25.678336033829083],[22.818828188281884,-25.595007868047418],[22.880028800288017,-25.457863595198447],[22.952029520295213,-25.37106342250921],[23.020430204302045,-25.324191329257033],[23.056430564305657,-25.312039305080546],[23.15003150031501,-25.289471260181344],[23.265232652326517,-25.26690321528214],[23.387633876338782,-25.29120726363513],[23.520835208352082,-25.34502337070245],[23.672036720367203,-25.43355954684546],[23.823238232382323,-25.54466376788767],[23.89523895238952,-25.600215878408775],[23.97083970839708,-25.626255930215535],[24.104041040410408,-25.634935947484465],[24.194041940419424,-25.63319994403068],[24.33084330843309,-25.742568161619104],[24.39924399243992,-25.749512175434248],[24.55764557645577,-25.78249624105615],[24.748447484474866,-25.81721631013184],[24.870848708487102,-25.81374430322427],[25.00045000450004,-25.75472018579559],[25.09405094050942,-25.751248178888034],[25.21285212852129,-25.756456189249377],[25.34605346053462,-25.739096154711532],[25.443254432544336,-25.71479210635856],[25.518855188551896,-25.66271200274501],[25.583655836558364,-25.605423888770133],[25.659256592565924,-25.43703155375303],[25.702457024570265,-25.30162328435783],[25.770857708577097,-25.147118976971015],[25.853658536585385,-24.935326555609294],[25.88245882458824,-24.787766262037607],[25.911259112591125,-24.74783818260056],[26.030060300603026,-24.70270209280217],[26.130861308613106,-24.671454030634052],[26.397263972639735,-24.61416591665916],[26.45126451264514,-24.58291785449103],[26.50166501665018,-24.51347771633965],[26.616866168661687,-24.39542948148231],[26.760867608676108,-24.296477284616586],[26.836468364683668,-24.24092517409548],[26.96966969669697,-23.76352422430473],[26.98766987669876,-23.704500106876054],[27.084870848708505,-23.577771854749784],[27.14607146071461,-23.523955747682464],[27.185671856718585,-23.523955747682464],[27.23967239672396,-23.489235678606775],[27.311673116731185,-23.42500355081674],[27.39807398073981,-23.38333946792592],[27.49887498874989,-23.367715436841863],[27.563675636756386,-23.324315350497244],[27.592475924759242,-23.25313920889208],[27.642876428764282,-23.21841913981639],[27.718477184771842,-23.220155143270176],[27.75807758077582,-23.197587098370974],[27.768877688776882,-23.148979001665012],[27.812078120781223,-23.10731491877418],[27.891278912789147,-23.074330853152276],[27.930879308793095,-23.03440277371523],[27.93447934479346,-22.98753068046304],[28.02808028080281,-22.87295445251327],[28.21168211682118,-22.69414609677345],[28.380883808838092,-22.593457896453955],[28.542885428854305,-22.57262585500854],[28.694086940869425,-22.536169782479064],[28.838088380883818,-22.48061767195796],[28.946089460894626,-22.39555350272252],[29.01449014490146,-22.279241271318952],[29.129691296912966,-22.213273140075145],[29.363693636936375,-22.194177102083515]],[[28.737287372873737,-30.101672834072083],[28.89928899288995,-30.039176709735834],[28.97488974889751,-29.999248630298794],[29.028890288902886,-29.96800056813067],[29.097290972909747,-29.9193924714247],[29.122491224912267,-29.801344236567353],[29.14049140491406,-29.70065603624785],[29.194491944919463,-29.652047939541887],[29.248492484924867,-29.619063873919977],[29.295292952929543,-29.566983770306443],[29.349293492934947,-29.44199152163396],[29.38529385293853,-29.32047127986904],[29.39249392493926,-29.270127179709284],[29.370893708937103,-29.21804707609575],[29.33489334893349,-29.16423096902843],[29.302493024930243,-29.089582820515695],[29.25929259292593,-29.079166799792986],[29.176491764917643,-29.03750271690216],[29.05769057690577,-28.954174551120502],[28.953289532895326,-28.881262406061552],[28.85608856088561,-28.77536619538069],[28.81648816488166,-28.759742164296632],[28.72288722887231,-28.686830019237682],[28.67968679686797,-28.646901939800635],[28.650886508865085,-28.598293843094673],[28.625686256862565,-28.58093380855683],[28.582485824858253,-28.5948218361871],[28.47088470884711,-28.615653877632518],[28.233282332823336,-28.700718046867955],[28.08568085680858,-28.78057420574205],[27.95967959679598,-28.87258238879263],[27.830078300783015,-28.909038461322105],[27.736477364773663,-28.940286523490222],[27.660876608766102,-29.046182734171083],[27.588875888758906,-29.146870934490586],[27.527675276752774,-29.235407110633595],[27.49167491674916,-29.277071193524428],[27.459274592745942,-29.303111245331195],[27.42327423274233,-29.36039935930608],[27.35847358473586,-29.455879549264232],[27.293672936729365,-29.52011167705426],[27.20727207272074,-29.55483174612995],[27.09567095670957,-29.599967835928346],[27.05607056070562,-29.626007887735113],[27.052470524705257,-29.664199963718374],[27.092070920709205,-29.75447214331517],[27.13167131671318,-29.839536312550614],[27.192871928719285,-29.941960516323903],[27.23967239672396,-30.014872661382853],[27.311673116731185,-30.105144840979648],[27.354873548735497,-30.158960948046968],[27.351273512735133,-30.247497124189984],[27.36567365673656,-30.2787451863581],[27.387273872738746,-30.315201258887576],[27.4088740887409,-30.325617279610285],[27.430474304743058,-30.33776930378678],[27.49167491674916,-30.363809355593546],[27.506075060750618,-30.38116939013139],[27.54927549275493,-30.41068144884573],[27.588875888758906,-30.466233559366835],[27.668076680766802,-30.54261771133335],[27.754477544775455,-30.59990582530824],[27.90207902079021,-30.62420987366123],[28.017280172801748,-30.641569908199074],[28.056880568805695,-30.631153887476366],[28.096480964809643,-30.584281794224182],[28.12888128881289,-30.525257676795505],[28.139681396813984,-30.450609528282776],[28.175681756817568,-30.41068144884573],[28.316083160831624,-30.217985065475645],[28.391683916839185,-30.14680892387048],[28.43848438484386,-30.14333691696291],[28.499684996849965,-30.129448889332636],[28.575285752857525,-30.122504875517492],[28.632886328863293,-30.129448889332636],[28.64728647286475,-30.125976882425064],[28.737287372873737,-30.101672834072083]]],[[[37.85617856178561,-46.94437834268967],[37.8129781297813,-46.9634743806813],[37.61137611376114,-46.94611434614345],[37.58977589775898,-46.90792227016019],[37.650976509765115,-46.84889815273152],[37.683376833768335,-46.824594104378534],[37.78777787777878,-46.83674612855503],[37.87417874178743,-46.885354225261],[37.88857888578886,-46.900978256345056],[37.85617856178561,-46.94437834268967]]]]}},{"type":"Feature","id":"706","properties":{"name":"Somalia"},"geometry":{"type":"Polygon","coordinates":[[[41.53181531815318,-1.6954483197956876],[41.53901539015391,-1.6138561574678079],[41.521015210152115,-1.5721920745769893],[41.42741427414276,-1.4489358293582768],[41.25101251012512,-1.219783373458725],[41.11421114211143,-1.0479190315340503],[40.97740977409774,-0.8708466792480323],[40.97740977409774,-0.7284943960377035],[40.97740977409774,-0.3066455567680606],[40.9738097380974,0.5353161183174535],[40.97020970209704,1.379013796856725],[40.96660966609667,2.220975471942239],[40.96660966609667,2.642824311211882],[40.96300963009631,2.8146886531365425],[40.97740977409774,2.8424647083971024],[41.135811358113585,2.996969015783918],[41.34101341013411,3.201817423330496],[41.61461614616147,3.5906821969782357],[41.76221762217622,3.802474618339943],[41.88461884618846,3.9778109671721893],[41.91701917019171,4.031627074239509],[42.025020250202516,4.137523284920363],[42.22662226622268,4.201755412710398],[42.35622356223564,4.212171433433099],[42.79182791827918,4.292027592307193],[42.85662856628568,4.325011657929096],[42.89622896228963,4.361467730458571],[42.93222932229324,4.4447958962402225],[43.0150301503015,4.562844131097577],[43.12663126631267,4.644436293425443],[43.33543335433356,4.750332504106311],[43.53703537035372,4.840604683703106],[43.5838358383584,4.8544927113333785],[43.82863828638287,4.91178082530827],[43.889838898389,4.9308768632999005],[43.99063990639908,4.949972901291531],[44.026640266402666,4.951708904745317],[44.36864368643688,4.9308768632999005],[44.63504635046351,4.915252832215842],[44.91224912249123,4.899628801131769],[44.94104941049412,4.91178082530827],[45.131851318513185,5.121837243216191],[45.43785437854379,5.455149906342825],[45.63225632256322,5.668678331158318],[45.93465934659346,5.996782983923609],[46.16506165061651,6.23461545709209],[46.42426424264244,6.4967519786135455],[46.67266672666727,6.738056458689599],[46.97146971469715,7.026233032017828],[47.15867158671588,7.208513394665204],[47.453874538745396,7.489745954178304],[47.73107731077312,7.758826489514902],[47.97947979479795,7.996658962683398],[48.12708127081271,8.222339411675378],[48.27108271082713,8.442811850306015],[48.42948429484295,8.67890832002071],[48.61668616686168,8.965348889895168],[48.793087930879324,9.23269342177798],[48.937089370893716,9.451429856954832],[48.937089370893716,9.564270081450829],[48.937089370893716,9.807310564980668],[48.937089370893716,9.973966896543985],[48.937089370893716,10.434007811796889],[48.937089370893716,10.713504367856189],[48.937089370893716,10.982584903192802],[48.937089370893716,11.258609452344544],[49.063090630906316,11.27076147652103],[49.38709387093871,11.341937618126195],[49.64269642696428,11.45130583571462],[50.11070110701107,11.529425991134929],[50.46710467104671,11.727330384866363],[50.528305283052845,11.822810574824516],[50.636306363063625,11.944330816589428],[50.79110791107911,11.984258896026475],[51.190711907119066,11.841906612816146],[51.25551255512556,11.83149059209343],[51.23031230312304,11.744690419404208],[51.21951219512195,11.657890246714985],[51.13671136711369,11.50512194278194],[51.082710827108286,11.334993604311052],[51.122311223112234,11.076329089697168],[51.140311403114026,10.656216253881297],[51.12951129511296,10.595456132998848],[51.10431104311044,10.53643201557017],[51.09351093510935,10.487823918864208],[51.05031050310504,10.472199887780135],[51.032310323103246,10.44442383251959],[51.064710647106466,10.434007811796889],[51.18711187111873,10.479143901595279],[51.18711187111873,10.529488001755027],[51.19431194311943,10.553792050108015],[51.29511295112951,10.49823993958691],[51.37071370713707,10.475671894687707],[51.38871388713889,10.421855787620387],[51.38511385113853,10.387135718544698],[51.26991269912699,10.402759749628757],[51.20871208712089,10.430535804889317],[51.03591035910361,10.385399715090912],[50.931509315093166,10.335055614931164],[50.89910899108992,10.253463452603285],[50.8739087390874,9.923622796384223],[50.83430834308345,9.71009437156873],[50.82350823508236,9.42886181205563],[50.686706867068665,9.24137343904691],[50.636306363063625,9.109437176559283],[50.43110431104313,8.845564651584027],[50.319503195031956,8.619884202592047],[50.28710287102871,8.508779981549836],[50.10350103501037,8.199771366776176],[49.85149851498517,7.9619388936076945],[49.76149761497615,7.659874292649192],[49.67149671496716,7.468913912732887],[49.57069570695708,7.297049570808227],[49.347493474934765,6.989776959488353],[49.23589235892359,6.7779845381266455],[49.0918909189092,6.4082158024705365],[49.04869048690489,6.173855336209627],[48.6490864908649,5.495077985779872],[48.23508235082352,4.953444908199103],[47.97587975879759,4.496875999853756],[47.511475114751164,3.967394946449474],[46.8778687786878,3.2851455891121617],[46.049860498605,2.4744319761947793],[45.82665826658268,2.3095116480852482],[44.91944919449196,1.8095426533952974],[44.33264332643327,1.3911658210332263],[44.033840338403394,1.1064612546125545],[43.717037170371725,0.8582127607213721],[43.46863468634686,0.6221162910066766],[42.71262712627126,-0.1764452977342188],[42.63342633426336,-0.25109344624695495],[42.56142561425614,-0.32226958785211934],[42.46422464224642,-0.4559418537935187],[42.39942399423995,-0.5097579608608385],[42.21942219422195,-0.7371744133066187],[42.107821078210776,-0.8569586516177594],[41.97821978219784,-0.9732708830213141],[41.9278192781928,-1.0548630453491938],[41.88821888218882,-1.1503432353073464],[41.84501845018451,-1.2041593423746662],[41.73341733417334,-1.4298397913666463],[41.63261632616326,-1.5791360883921186],[41.53181531815318,-1.6954483197956876]]]}},{"type":"Feature","properties":{"name":"Somaliland"},"geometry":{"type":"Polygon","coordinates":[[[48.937089370893716,11.258609452344544],[48.937089370893716,10.982584903192802],[48.937089370893716,10.713504367856189],[48.937089370893716,10.434007811796889],[48.937089370893716,9.973966896543985],[48.937089370893716,9.807310564980668],[48.937089370893716,9.564270081450829],[48.937089370893716,9.451429856954832],[48.793087930879324,9.23269342177798],[48.61668616686168,8.965348889895168],[48.42948429484295,8.67890832002071],[48.27108271082713,8.442811850306015],[48.12708127081271,8.222339411675378],[47.97947979479795,7.996658962683398],[47.637476374763764,7.996658962683398],[47.30627306273064,7.996658962683398],[46.97866978669788,7.996658962683398],[46.92106921069211,8.02617102139773],[46.64386643866439,8.11817920444831],[46.29466294662947,8.23449143585188],[45.86265862658627,8.38031572596978],[45.55665556655566,8.482739929743062],[45.225452254522565,8.590372143877701],[44.89424894248944,8.699740361466127],[44.63144631446315,8.78654053415535],[44.30744307443075,8.892436744836218],[44.0230402304023,8.986180931340584],[43.983439834398354,9.008748976239772],[43.825038250382505,9.151101259450115],[43.61983619836198,9.336853629005049],[43.58023580235803,9.34032563591262],[43.483034830348316,9.380253715349667],[43.3930339303393,9.480941915669177],[43.30303303033031,9.609406171249233],[43.22023220232202,9.770854492451193],[43.180631806318075,9.880222710039618],[43.0690306903069,9.925358799838008],[43.0150301503015,10.012158972527246],[42.91422914229142,10.140623228107302],[42.84222842228422,10.203119352443537],[42.8170281702817,10.256935459510856],[42.78462784627848,10.369775684006854],[42.72342723427235,10.491295925771766],[42.669426694266946,10.567680077738288],[42.65502655026552,10.600664143360191],[42.65862658626588,10.621496184805608],[42.7630276302763,10.786416512915139],[42.809828098281,10.845440630343816],[42.86382863828638,10.902728744318708],[42.90702907029072,10.9600168582936],[42.92142921429215,10.999944937730646],[43.04743047430475,11.194377324554509],[43.15903159031592,11.366241666479183],[43.24543245432454,11.499913932420583],[43.439834398344004,11.347145628487553],[43.63063630636307,11.034665006806335],[43.85383853838539,10.784680509461353],[44.159841598415994,10.550320043200443],[44.278642786427866,10.472199887780135],[44.386643866438675,10.430535804889317],[44.94464944649448,10.437479818704446],[45.33705337053371,10.649272240066168],[45.69705697056972,10.803776547452983],[45.81585815858159,10.835024609621115],[46.02466024660248,10.793360526730282],[46.255062550625524,10.781208502553795],[46.46026460264602,10.734336409301605],[46.564665646656465,10.746488433478106],[46.975069750697514,10.92529678921791],[47.23067230672308,11.100633138050142],[47.403474034740356,11.173545283109092],[47.47547475474755,11.175281286562878],[47.713077130771325,11.112785162226643],[48.01908019080193,11.138825214033403],[48.44028440284404,11.289857514512661],[48.57348573485734,11.321105576680779],[48.67428674286742,11.322841580134565],[48.90468904689047,11.255137445436972],[48.937089370893716,11.258609452344544]]]}},{"type":"Feature","id":"694","properties":{"name":"Sierra Leone"},"geometry":{"type":"MultiPolygon","coordinates":[[[[-10.283502835028344,8.484475933196848],[-10.287102871028708,8.454963874482516],[-10.315903159031592,8.310875587818387],[-10.359103591035904,8.187619342599689],[-10.387903879038788,8.158107283885357],[-10.517505175051753,8.12512321826344],[-10.571505715057157,8.07130711119612],[-10.618306183061833,7.895970762363888],[-10.647106471064717,7.758826489514902],[-10.690306903069029,7.736258444615714],[-10.877508775087733,7.53835405088428],[-10.999909999099998,7.463705902371544],[-11.086310863108622,7.397737771127723],[-11.165511655116546,7.314409605346071],[-11.266312663126627,7.232817443018192],[-11.377913779137799,7.093937166715435],[-11.45351453514536,6.951584883505106],[-11.507515075150735,6.906448793706701],[-11.547115471154711,6.946376873143748],[-11.734317343173416,7.088729156354077],[-11.928719287192877,7.18420934631223],[-12.346323463234626,7.342185660606617],[-12.486724867248654,7.385585746951236],[-12.479524795247954,7.442873860926127],[-12.432724327243278,7.545298064699409],[-12.511925119251174,7.66508230301055],[-12.479524795247954,7.753618479153559],[-12.511925119251174,7.753618479153559],[-12.569525695256942,7.699802372086239],[-12.699126991269907,7.715426403170298],[-12.781927819278195,7.79181055513682],[-12.850328503285027,7.81785060694358],[-12.882728827288275,7.856042682926841],[-12.925929259292587,8.055683080112061],[-12.958329583295836,8.145955259708856],[-13.01953019530194,8.201507370229962],[-13.149131491314904,8.215395397860249],[-13.203132031320308,8.335179636171375],[-13.27153271532714,8.428923822675742],[-13.260732607326077,8.48794794010442],[-13.203132031320308,8.484475933196848],[-13.156331563315632,8.442811850306015],[-13.084330843308436,8.42545181576817],[-12.99432994329942,8.52614001608768],[-12.91152911529116,8.581692126608786],[-12.89352893528934,8.630300223314748],[-12.904329043290431,8.656340275121522],[-12.954729547295472,8.61467619223069],[-13.0879308793088,8.62509221295339],[-13.12033120331202,8.588636140423915],[-13.181531815318152,8.576484116247428],[-13.228332283322828,8.696268354558555],[-13.224732247322464,8.765708492709948],[-13.206732067320672,8.843828648130241],[-13.06993069930698,8.855980672306742],[-13.059130591305916,8.880284720659716],[-13.152731527315268,8.897644755197561],[-13.27153271532714,8.987916934794356],[-13.293132931329296,9.04867705567682],[-13.235532355323556,9.069509097122236],[-13.177931779317788,9.060829079853306],[-13.131131311313112,9.046941052223033],[-13.077130771307708,9.069509097122236],[-13.026730267302668,9.104229166197925],[-12.997929979299784,9.147629252542544],[-12.958329583295836,9.263941483946098],[-12.832328323283235,9.30213355992936],[-12.756727567275675,9.373309701534524],[-12.684726847268479,9.484413922576735],[-12.65232652326523,9.562534077997043],[-12.623526235262347,9.600726153980304],[-12.60192601926019,9.633710219602207],[-12.591125911259098,9.671902295585468],[-12.558725587255879,9.704886361207372],[-12.522725227252266,9.786478523535251],[-12.50112501125011,9.862862675501773],[-12.429124291242914,9.897582744577463],[-12.277922779227794,9.930566810199366],[-12.141121411214101,9.87501469967826],[-11.921519215192149,9.921886792930437],[-11.910719107191056,9.993062934535615],[-11.709117091170896,9.994798937989401],[-11.471514715147151,9.994798937989401],[-11.273512735127355,9.996534941443173],[-11.205112051120494,9.977438903451542],[-11.179911799117974,9.925358799838008],[-11.115111151111506,9.843766637510143],[-11.046710467104674,9.786478523535251],[-10.963909639096386,9.661486274862767],[-10.863108631086305,9.515661984744867],[-10.758707587075861,9.385461725711025],[-10.690306903069029,9.31428558410586],[-10.6831068310683,9.289981535752872],[-10.686706867068665,9.26046947703854],[-10.722707227072277,9.19450134579472],[-10.751507515075133,9.12158920073577],[-10.747907479074797,9.09554914892901],[-10.726307263072613,9.081661121298723],[-10.614706147061469,9.059093076399535],[-10.60750607506074,8.97923691752544],[-10.603906039060377,8.86813269648323],[-10.553505535055336,8.763972489256162],[-10.499504995049932,8.68758833728964],[-10.503105031050296,8.65981228202908],[-10.629106291062897,8.529612022995238],[-10.675906759067573,8.401147767415182],[-10.701107011070093,8.364691694885707],[-10.711907119071185,8.335179636171375],[-10.686706867068665,8.321291608541102],[-10.654306543065417,8.329971625810018],[-10.603906039060377,8.319555605087317],[-10.5571055710557,8.316083598179745],[-10.495904959049597,8.362955691431935],[-10.395103951039516,8.481003926289276],[-10.359103591035904,8.494891953919549],[-10.283502835028344,8.484475933196848]]],[[[-12.52632526325263,7.435929847110984],[-12.540725407254058,7.409889795304224],[-12.605526055260555,7.474121923094245],[-12.951129511295107,7.571338116506183],[-12.853928539285391,7.621682216665931],[-12.616326163261618,7.63730624774999],[-12.544325443254422,7.607794189035658],[-12.511925119251174,7.581754137228884],[-12.50112501125011,7.534882043976708],[-12.52632526325263,7.435929847110984]]]]}},{"type":"Feature","id":"690","properties":{"name":"Seychelles"},"geometry":{"type":"Polygon","coordinates":[[[55.539555395553975,-4.693526284481578],[55.54315543155431,-4.785534467532159],[55.496354963549635,-4.7542864053640415],[55.48195481954821,-4.695262287935364],[55.41715417154171,-4.650126198136974],[55.38475384753849,-4.608462115246141],[55.45675456754569,-4.558118015086393],[55.539555395553975,-4.693526284481578]]]}},{"type":"Feature","id":"686","properties":{"name":"Senegal"},"geometry":{"type":"Polygon","coordinates":[[[-12.281522815228158,14.80873651533392],[-12.187921879218777,14.64728819413196],[-12.205922059220597,14.570904042165438],[-12.227522275222753,14.45806381766944],[-12.17352173521735,14.376471655341561],[-12.112321123211217,14.322655548274241],[-12.069120691206905,14.27404745156828],[-12.018720187201865,14.206343316870687],[-12.011520115201137,14.072671050929273],[-12.018720187201865,13.975454857517335],[-11.986319863198617,13.930318767718944],[-11.961119611196096,13.874766657197839],[-11.96471964719646,13.829630567399434],[-11.982719827198252,13.787966484508615],[-12.043920439204385,13.734150377441296],[-12.054720547205477,13.633462177121785],[-11.957519575195732,13.510205931903087],[-11.896318963189628,13.444237800659266],[-11.896318963189628,13.406045724676005],[-11.878318783187837,13.364381641785187],[-11.831518315183132,13.31577354507921],[-11.802718027180276,13.327925569255711],[-11.773917739177392,13.367853648692758],[-11.759517595175936,13.393893700499518],[-11.673116731167312,13.381741676323031],[-11.633516335163335,13.36958965214653],[-11.583115831158295,13.28973349327245],[-11.56151561515614,13.237653389658917],[-11.547115471154711,13.16994925496131],[-11.493114931149307,13.086621089179658],[-11.442714427144267,13.027596971750981],[-11.435514355143539,12.991140899221506],[-11.388713887138863,12.942532802515544],[-11.417514175141747,12.831428581473332],[-11.413914139141383,12.775876470952227],[-11.442714427144267,12.62831617738054],[-11.449914499144995,12.557140035775376],[-11.449914499144995,12.531099983968602],[-11.381513815138135,12.479019880355068],[-11.388713887138863,12.404371731842332],[-11.457114571145695,12.418259759472605],[-11.572315723157232,12.426939776741534],[-11.806318063180612,12.387011697304487],[-11.8891188911889,12.402635728388546],[-12.043920439204385,12.397427718027188],[-12.151921519215193,12.376595676581786],[-12.292322923229221,12.32798757987581],[-12.40032400324003,12.340139604052311],[-12.457924579245798,12.378331680035558],[-12.533525335253358,12.376595676581786],[-12.619926199261982,12.395691714573417],[-12.713527135271335,12.433883790556663],[-12.796327963279623,12.451243825094522],[-12.889928899288975,12.5206839632459],[-12.929529295292951,12.532835987422388],[-12.9619296192962,12.513739949430757],[-12.98712987129872,12.491171904531555],[-13.01233012330124,12.477283876901282],[-13.06273062730628,12.48943590107777],[-13.080730807308072,12.53630799432996],[-13.06273062730628,12.58144408412835],[-13.059130591305916,12.614428149750267],[-13.084330843308436,12.633524187741898],[-13.13833138331384,12.640468201557027],[-13.228332283322828,12.638732198103241],[-13.37233372333722,12.6543562291873],[-13.404734047340469,12.66303624645623],[-13.728737287372866,12.67345226717893],[-14.063540635406355,12.675188270632717],[-14.347943479434775,12.676924274086502],[-14.707947079470785,12.678660277540288],[-14.959949599495985,12.678660277540288],[-15.197551975519758,12.680396280994074],[-15.377553775537763,12.588388097943493],[-15.57555575555756,12.491171904531555],[-15.838358383583824,12.437355797464235],[-16.14436144361443,12.458187838909652],[-16.241562415624145,12.442563807825593],[-16.342363423634225,12.399163721480974],[-16.417964179641785,12.367915659312857],[-16.52236522365223,12.348819621321226],[-16.65556655566556,12.364443652405285],[-16.713167131671298,12.354027631682584],[-16.745567455674546,12.399163721480974],[-16.785167851678523,12.472075866539925],[-16.759967599676003,12.525891973607244],[-16.677166771667714,12.560612042682948],[-16.554765547655478,12.605748132481338],[-16.486364863648618,12.58144408412835],[-16.450364503645034,12.58144408412835],[-16.443164431644306,12.60922013938891],[-16.453964539645398,12.624844170472969],[-16.54756547565475,12.66303624645623],[-16.59796597965979,12.715116350069763],[-16.637566375663738,12.685604291355432],[-16.67356673566735,12.621372163565397],[-16.702367023670234,12.604012129027552],[-16.745567455674546,12.584916091035922],[-16.767167671676702,12.62831617738054],[-16.777967779677795,12.669980260271373],[-16.759967599676003,12.702964325893277],[-16.767167671676702,12.883508685086866],[-16.75636756367564,12.978988875045019],[-16.76356763567634,13.064053044280456],[-16.7059670596706,13.119605154801562],[-16.64836648366483,13.154325223877251],[-16.43236432364324,13.157797230784823],[-16.227162271622717,13.159533234238609],[-16.032760327603256,13.157797230784823],[-15.83475834758346,13.156061227331037],[-15.813158131581304,13.32445356234814],[-15.7519575195752,13.338341589978413],[-15.65835658356582,13.355701624516257],[-15.481954819548179,13.376533665961674],[-15.287552875528746,13.395629703953304],[-15.244352443524434,13.428613769575207],[-15.211952119521186,13.485901883550099],[-15.19035190351903,13.534509980256061],[-15.150751507515082,13.557078025155263],[-15.096750967509678,13.539717990617419],[-15.024750247502482,13.513677938810659],[-14.949149491494921,13.472013855919826],[-14.866348663486633,13.435557783390351],[-14.808748087480865,13.411253735037363],[-14.6719467194672,13.352229617608685],[-14.437944379443792,13.268901451827034],[-14.247142471424695,13.23591738620513],[-14.013140131401315,13.29667750708758],[-13.847538475384738,13.33486958307084],[-13.825938259382582,13.407781728129791],[-13.851138511385102,13.478957869734955],[-13.977139771397702,13.54318999752499],[-14.146341463414615,13.536245983709847],[-14.200342003420019,13.518885949172002],[-14.279542795427943,13.496317904272814],[-14.32634326343262,13.48937389045767],[-14.405544055440544,13.503261918087944],[-14.506345063450624,13.560550032062835],[-14.57114571145712,13.61610214258394],[-14.661146611466108,13.642142194390715],[-14.765547655476553,13.66991824965126],[-14.934749347493465,13.784494477601044],[-15.024750247502482,13.80532651904646],[-15.107551075510742,13.81227053286159],[-15.269552695526954,13.789702487962401],[-15.427954279542803,13.727206363626152],[-15.510755107551063,13.58659008386961],[-15.665556655566547,13.58832608732338],[-16.000360003600036,13.593534097684739],[-16.309963099630977,13.59700610459231],[-16.561965619656178,13.58659008386961],[-16.587165871658698,13.689014287642891],[-16.64836648366483,13.77060644997077],[-16.745567455674546,13.84004658812215],[-16.767167671676702,13.90427871591217],[-16.734767347673483,13.961566829887062],[-16.641166411664102,14.006702919685466],[-16.619566195661946,14.03968698530737],[-16.666366663666622,14.036214978399798],[-16.741967419674182,14.00496691623168],[-16.792367923679222,14.00496691623168],[-16.795967959679587,14.09350309237469],[-16.878768787687875,14.208079320324472],[-16.972369723697227,14.402511707148335],[-17.080370803708036,14.482367866022429],[-17.16677166771666,14.640344180316816],[-17.26037260372604,14.70110430119928],[-17.346773467734664,14.728880356459825],[-17.41877418774186,14.723672346098482],[-17.44397443974438,14.650760201039532],[-17.533975339753397,14.7549204082666],[-17.41157411574116,14.791376480796075],[-17.148771487714868,14.921576739829916],[-16.842768427684263,15.294817482393583],[-16.569165691656906,15.73402635620107],[-16.536765367653658,15.838186563428152],[-16.500765007650074,15.918042722302232],[-16.479164791647918,16.09685107804205],[-16.43956439564394,16.20448329217669],[-16.403564035640358,16.225315333622106],[-16.35676356763568,16.30690749594997],[-16.302763027630277,16.450995782614086],[-16.23796237962378,16.53085194148818],[-16.16956169561695,16.54647597257224],[-16.11196111961118,16.53953195875711],[-16.072360723607233,16.510019900042764],[-15.96075960759606,16.49265986550492],[-15.769957699576992,16.485715851689775],[-15.622356223562235,16.506547893135192],[-15.517955179551791,16.556891993294954],[-15.381153811538098,16.581196041647928],[-15.211952119521186,16.582932045101714],[-15.121951219512198,16.60376408654713],[-15.111151111511106,16.645428169437963],[-15.08955089550895,16.65758019361445],[-15.053550535505337,16.640220159076605],[-15.021150211502118,16.64716417289175],[-14.992349923499233,16.67667623160608],[-14.959949599495985,16.678412235059866],[-14.927549275492737,16.65410818670688],[-14.787147871478709,16.645428169437963],[-14.535145351453508,16.655844190160664],[-14.3011430114301,16.579460038194142],[-14.08514085140851,16.418011716992183],[-13.973539735397338,16.310379502857543],[-13.969939699396974,16.256563395790224],[-13.93393933939339,16.202747288722904],[-13.869138691386894,16.148931181655584],[-13.811538115381154,16.13851516093287],[-13.75753757537575,16.173235230008558],[-13.714337143371438,16.168027219647215],[-13.685536855368554,16.126363136756382],[-13.624336243362421,16.117683119487467],[-13.55593555935559,16.143723171294226],[-13.505535055350549,16.13504315402531],[-13.498334983349821,16.110739105672323],[-13.487534875348757,16.09685107804205],[-13.455134551345509,16.091643067680693],[-13.408334083340833,16.05865900205879],[-13.3471334713347,15.973594832823338],[-13.29673296732966,15.853810594512211],[-13.257132571325712,15.701042290579167],[-13.206732067320672,15.617714124797516],[-13.141931419314176,15.603826097167243],[-13.105931059310592,15.572578034999111],[-13.098730987309864,15.53438595901585],[-13.080730807308072,15.510081910662876],[-13.048330483304824,15.49619388303259],[-12.99432994329942,15.504873900301519],[-12.929529295292951,15.452793796687985],[-12.86112861128612,15.339953572191988],[-12.850328503285027,15.28960947203224],[-12.86112861128612,15.26183341677168],[-12.857528575285755,15.242737378780049],[-12.814328143281415,15.223641340788419],[-12.771127711277103,15.187185268258943],[-12.735127351273519,15.131633157737838],[-12.659526595265959,15.08128905757809],[-12.544325443254422,15.039624974687257],[-12.461524615246134,14.975392846897236],[-12.407524075240758,14.888592674208013],[-12.303123031230314,14.817416532602834],[-12.281522815228158,14.80873651533392]]]}},{"type":"Feature","id":"678","properties":{"name":"São Tomé and Principe"},"geometry":{"type":"MultiPolygon","coordinates":[[[[7.425074250742512,1.5682381733192443],[7.385473854738564,1.5421981215124845],[7.342273422734223,1.5630301629578867],[7.331473314733159,1.6029582423949336],[7.389073890738928,1.6793423943614556],[7.414274142741448,1.6984384323530861],[7.435874358743604,1.6828144012690274],[7.450274502745032,1.661982359823611],[7.453874538745396,1.6307342976554935],[7.425074250742512,1.5682381733192443]]],[[[6.658266582665846,0.12041129286293994],[6.557465574655765,0.04749914780398967],[6.521465214652153,0.06659518579562018],[6.496264962649633,0.11693928595536818],[6.467464674646749,0.22804350699757947],[6.478264782647841,0.28012361061111335],[6.525065250652517,0.34088373149357665],[6.625866258662597,0.39990784892225406],[6.687066870668701,0.4051158592836117],[6.748267482674834,0.3252597004095179],[6.748267482674834,0.2436675380816382],[6.658266582665846,0.12041129286293994]]]]}},{"type":"Feature","id":"646","properties":{"name":"Rwanda"},"geometry":{"type":"Polygon","coordinates":[[[29.576095760957628,-1.3881757084758277],[29.608496084960848,-1.3864397050220418],[29.824498244982465,-1.3360956048622796],[29.84609846098462,-1.3517196359463526],[29.882098820988205,-1.4524078362658486],[29.900099000990025,-1.4662958638961214],[29.92889928899291,-1.4697678708036932],[29.990099900999013,-1.447199825904491],[30.101701017010186,-1.3690796704841972],[30.14850148501486,-1.3204715737782209],[30.20610206102063,-1.2545034425344141],[30.278102781027826,-1.178119290567892],[30.321303213032138,-1.1138871627778713],[30.360903609036086,-1.0739590833408243],[30.411304113041126,-1.063543062618109],[30.468904689046894,-1.065279066071895],[30.50850508505087,-1.0670150695256808],[30.476104761047623,-1.0826391006097396],[30.468904689046894,-1.1312471973157159],[30.50850508505087,-1.2076313492822237],[30.630906309063107,-1.3673436670304113],[30.71010710107103,-1.396855725744743],[30.76050760507607,-1.459351850080992],[30.81090810908111,-1.5635120573080599],[30.828908289082904,-1.6937123163419017],[30.807308073080748,-1.8499526271825033],[30.81810818108181,-1.9680008620398581],[30.864908649086487,-2.04438501400638],[30.87570875708758,-2.1433372108720903],[30.854108541085424,-2.264857452637017],[30.828908289082904,-2.337769597695967],[30.796507965079655,-2.362073646048941],[30.764107641076407,-2.3724896667716564],[30.713707137071367,-2.363809649502727],[30.656106561065627,-2.3742256702254423],[30.594905949059495,-2.3967937151246446],[30.555305553055547,-2.400265722032202],[30.530105301053027,-2.3950577116708587],[30.48330483304835,-2.375961673679228],[30.40770407704079,-2.313465549342979],[30.270902709027098,-2.3481856184186682],[30.234902349023486,-2.3464496149648824],[30.184501845018445,-2.377697677133014],[30.141301413014133,-2.414153749662489],[30.116101161011613,-2.415889753116275],[30.090900909009093,-2.4106817427549174],[29.97209972099722,-2.337769597695967],[29.92889928899291,-2.339505601149753],[29.91089910899109,-2.5478260156038885],[29.892898928989297,-2.6641382470074575],[29.867698676986777,-2.7162183506209914],[29.78489784897849,-2.7665624507807394],[29.698496984969864,-2.7943385060412993],[29.65169651696519,-2.7926025025875134],[29.464494644946456,-2.808226533671572],[29.388893888938895,-2.808226533671572],[29.349293492934947,-2.7908664991337275],[29.295292952929543,-2.6728182642763727],[29.198091980919827,-2.620738160662839],[29.10089100891011,-2.596434112309865],[29.0648906489065,-2.603378126124994],[29.028890288902886,-2.6641382470074575],[29.01449014490146,-2.719690357528563],[28.920889208892106,-2.681498281545302],[28.895688956889586,-2.634626188293126],[28.892088920889222,-2.554770029419032],[28.85608856088561,-2.4471378152843926],[28.877688776887766,-2.400265722032202],[28.913689136891378,-2.3707536633178705],[28.989289892898938,-2.313465549342979],[29.10809108091081,-2.233609390468885],[29.13329133291333,-2.1954173144856384],[29.147691476914787,-2.1311851866956033],[29.14049140491406,-1.9853608965777028],[29.129691296912966,-1.8603686479052186],[29.144091440914423,-1.815232558106814],[29.198091980919827,-1.7197523681486615],[29.26649266492666,-1.6208001712829514],[29.352893528935283,-1.5183759675096553],[29.403294032940323,-1.5079599467869542],[29.46809468094682,-1.4680318673499073],[29.53649536495365,-1.40900774992123],[29.576095760957628,-1.3881757084758277]]]}},{"type":"Feature","id":"566","properties":{"name":"Nigeria"},"geometry":{"type":"MultiPolygon","coordinates":[[[[7.299072990729911,4.418755844433463],[7.205472054720559,4.387507782265331],[7.140671406714063,4.3944517960804745],[7.227072270722715,4.528124062021888],[7.270272702727027,4.498612003307542],[7.327873278732795,4.486459979131055],[7.299072990729911,4.418755844433463]]],[[[13.60633606336063,13.70463831872695],[13.764737647376478,13.48937389045767],[13.93393933939339,13.258485431104319],[14.063540635406355,13.077941071910729],[14.160741607416071,12.612692146296482],[14.171541715417163,12.524155970153473],[14.178741787417891,12.484227890716426],[14.185941859418591,12.44777181818695],[14.196741967419683,12.383539690396915],[14.272342723427244,12.35576363513637],[14.416344163441636,12.343611610959869],[14.52074520745208,12.298475521161478],[14.581945819458213,12.222091369194956],[14.585545855458548,12.20993934501847],[14.617946179461796,12.150915227589792],[14.628746287462889,12.109251144698959],[14.617946179461796,11.98599489948026],[14.59634596345964,11.829754588639645],[14.560345603456028,11.729066388320149],[14.581945819458213,11.591922115471164],[14.574745747457484,11.5328979980425],[14.560345603456028,11.492969918605453],[14.49554495544956,11.446097825353263],[14.409144091440908,11.400961735554873],[14.203942039420411,11.269025473067245],[14.142741427414279,11.248193431621829],[14.056340563405655,11.244721424714257],[13.980739807398095,11.211737359092353],[13.890738907389078,11.140561217487189],[13.69993699937001,10.873216685604376],[13.534335343353433,10.605872153721549],[13.476734767347693,10.383663711637126],[13.415534155341561,10.17187129027542],[13.271532715327169,10.03646302088022],[13.249932499325013,9.960078868913698],[13.242732427324285,9.916678782569093],[13.23913239132392,9.814254578795797],[13.221132211322129,9.645862243778708],[13.199531995319973,9.564270081450829],[13.174331743317452,9.53996603309784],[13.019530195301968,9.487885929484307],[12.929529295292951,9.427125808601843],[12.875528755287547,9.303869563383145],[12.857528575285755,9.170197297441732],[12.825128251282507,9.019164996962488],[12.807128071280715,8.88722873447486],[12.781927819278195,8.817788596323481],[12.731527315273155,8.744876451264531],[12.65232652326523,8.66849229929801],[12.583925839258399,8.623356209499605],[12.403924039240394,8.595580154239059],[12.310323103231042,8.420243805406812],[12.234722347223482,8.283099532557841],[12.231122311223118,8.227547422036736],[12.155521555215557,7.942842855616064],[12.025920259202593,7.727578427346785],[12.015120151201529,7.651194275380263],[12.015120151201529,7.590434154497814],[11.853118531185316,7.401209778035295],[11.809918099181004,7.345657667514189],[11.766717667176692,7.272745522455239],[11.809918099181004,7.201569380850074],[11.853118531185316,7.137337253060039],[11.860318603186045,7.116505211614637],[11.788317883178848,7.055745090732174],[11.658716587165884,6.951584883505106],[11.57951579515796,6.889088759168857],[11.561515615156168,6.8543686900931675],[11.550715507155076,6.698128379252552],[11.52911529115292,6.654728292907947],[11.47871478714788,6.597440178933056],[11.40311403114032,6.533208051143021],[11.323913239132395,6.4845999544370585],[11.23751237512377,6.449879885361369],[11.154711547115483,6.437727861184882],[11.107911079110806,6.4585599026302845],[11.079110791107922,6.505431995882475],[11.032310323103246,6.698128379252552],[11.007110071100726,6.7397924621433845],[10.953109531095322,6.77624853467286],[10.845108451084513,6.882144745353713],[10.737107371073705,6.988040956034581],[10.607506075060769,7.062689104547303],[10.578705787057885,7.05748109418596],[10.557105571055729,7.036649052740543],[10.517505175051753,6.9307528420596896],[10.481504815048169,6.890824762622643],[10.413104131041308,6.87693673499237],[10.294302943029436,6.87693673499237],[10.204302043020448,6.890824762622643],[10.186301863018628,6.913392807521845],[10.168301683016836,6.958528897320235],[10.143101431014315,6.996720973303496],[10.038700387003871,6.92207282479076],[9.873098730987323,6.8040245899334195],[9.819098190981919,6.783192548488003],[9.77949779497797,6.760624503588801],[9.725497254972566,6.6495202825465896],[9.66069660696607,6.531472047689235],[9.574295742957446,6.470711926806786],[9.491494914949158,6.418631823193252],[9.441094410944117,6.373495733394847],[9.372693726937285,6.3196796263275274],[9.239492394923957,6.186007360386114],[9.059490594905952,6.008935008100096],[8.998289982899848,5.916926825049515],[8.933489334893352,5.781518555654316],[8.897488974889768,5.630486255175072],[8.857888578885792,5.463829923611755],[8.800288002880023,5.198221395182713],[8.7138871388714,5.047189094703455],[8.641886418864203,4.927404856392329],[8.584285842858435,4.833660669887962],[8.55548555485555,4.755540514467654],[8.544685446854487,4.75727651792144],[8.515885158851603,4.724292452299537],[8.433084330843315,4.746860497198739],[8.393483934839367,4.8145646318963315],[8.343083430834326,4.824980652619047],[8.25308253082531,4.923932849484757],[8.235082350823518,4.908308818400698],[8.32868328683287,4.656588317601944],[8.292682926829286,4.55763612073622],[8.029880298802993,4.555900117282434],[7.799477994779949,4.5229160516605305],[7.644676446764464,4.524652055114316],[7.565475654756568,4.5611081276437915],[7.529475294752956,4.654852314148158],[7.518675186751864,4.646172296879229],[7.5078750787508,4.594092193265695],[7.461074610746124,4.555900117282434],[7.284672846728483,4.547220100013519],[7.205472054720559,4.6114522278035395],[7.144271442714427,4.68436437286249],[7.075870758707595,4.715612435030607],[7.086670866708687,4.686100376316276],[7.165871658716583,4.614924234711111],[7.155071550715519,4.514236034391601],[7.014670146701462,4.397923802988046],[6.924669246692474,4.390979789172903],[6.867068670686706,4.441323889332651],[6.838268382683822,4.5229160516605305],[6.823868238682394,4.644436293425443],[6.787867878678782,4.724292452299537],[6.766267662676626,4.724292452299537],[6.784267842678446,4.651380307240586],[6.791467914679146,4.592356189811909],[6.791467914679146,4.469099944593211],[6.859868598686006,4.373619754635058],[6.755467554675562,4.3441076959207265],[6.7158671586715855,4.342371692466941],[6.6330663306633255,4.340635689013155],[6.618666186661869,4.375355758088844],[6.600666006660077,4.455211916962938],[6.579065790657921,4.476043958408354],[6.553865538655401,4.340635689013155],[6.499864998649997,4.331955671744225],[6.463864638646385,4.333691675198011],[6.298262982629836,4.30417961648368],[6.262262622626224,4.309387626845037],[6.255062550625524,4.333691675198011],[6.27666276662768,4.371883751181272],[6.269462694626952,4.432643872063736],[6.215462154621548,4.385771778811545],[6.204662046620484,4.292027592307193],[6.172261722617236,4.278139564676906],[6.07506075060752,4.290291588853407],[5.9706597065970755,4.338899685559369],[5.905859058590579,4.387507782265331],[5.797857978579799,4.455211916962938],[5.58905589055891,4.647908300333015],[5.553055530555298,4.732972469568466],[5.491854918549194,4.83886868024932],[5.448654486544882,4.946500894383959],[5.383853838538386,5.128781257031335],[5.401854018540206,5.142669284661608],[5.452254522545246,5.127045253577549],[5.477454774547766,5.153085305384323],[5.38745387453875,5.173917346829725],[5.369453694536958,5.194749388275142],[5.365853658536594,5.258981516065177],[5.369453694536958,5.337101671485485],[5.43785437854379,5.36487772674603],[5.502655026550286,5.378765754376303],[5.531455314553142,5.425637847628494],[5.549455494554962,5.474245944334456],[5.38745387453875,5.4013337992755055],[5.232652326523265,5.482925961603385],[5.200252002520045,5.533270061763133],[5.214652146521473,5.571462137746394],[5.2902529025290335,5.576670148107752],[5.394653946539478,5.574934144653966],[5.455854558545582,5.611390217183441],[5.419854198541998,5.625278244813714],[5.351453514535166,5.623542241359928],[5.326253262532646,5.647846289712916],[5.326253262532646,5.7068704071415794],[5.304653046530461,5.6947183829650925],[5.275852758527606,5.640902275897773],[5.171451714517161,5.602710199914512],[5.113851138511393,5.640902275897773],[5.106651066510665,5.727702448586996],[5.092250922509237,5.767630528024043],[5.041850418504197,5.797142586738374],[4.861848618486192,6.0262950426379405],[4.6350463504635115,6.217255422554246],[4.429844298442987,6.349191685041859],[4.127441274412746,6.411687809378108],[3.4866348663486804,6.4082158024705365],[3.450634506345068,6.427311840462167],[3.490234902349016,6.456823899176499],[3.5478354783547843,6.477655940621915],[3.753037530375309,6.583552151302783],[3.7170371703716967,6.597440178933056],[3.5046350463504723,6.531472047689235],[3.429034290342912,6.524528033874105],[3.33543335433356,6.3960637782940495],[2.77382773827739,6.375231736848633],[2.705427054270558,6.370023726487275],[2.709027090270922,6.427311840462167],[2.734227342273442,6.59570417547927],[2.752227522275234,6.6616723067230765],[2.77382773827739,6.712016406882839],[2.752227522275234,6.771040524311502],[2.730627306273078,6.852632686639382],[2.719827198271986,6.9810969422194376],[2.74862748627487,7.019289018202699],[2.755827558275598,7.067897114908661],[2.752227522275234,7.142545263421397],[2.752227522275234,7.394265764220151],[2.766627666276662,7.422041819480711],[2.7846278462784824,7.442873860926127],[2.7846278462784824,7.477593930001817],[2.752227522275234,7.5418260577918375],[2.719827198271986,7.616474206304574],[2.719827198271986,7.722370416985427],[2.709027090270922,7.826530624212509],[2.6874268742687377,7.8734027174646855],[2.701827018270194,8.050475069750718],[2.712627126271258,8.272683511835126],[2.701827018270194,8.37163570870085],[2.72342723427235,8.441075846852229],[2.734227342273442,8.61467619223069],[2.734227342273442,8.783068527247792],[2.77382773827739,9.04867705567682],[2.8998289982899905,9.060829079853306],[3.043830438304383,9.083397124752508],[3.1122311223112433,9.18755733197959],[3.148231482314827,9.32122959792099],[3.1374313743137634,9.451429856954832],[3.166231662316619,9.49482994329945],[3.2238322383223874,9.566006084904615],[3.3282332823328318,9.66669428522411],[3.3246332463324677,9.777798506266322],[3.353433534335352,9.812518575342011],[3.403834038340392,9.838558627148785],[3.475834758347588,9.852446654779058],[3.5586355863558765,9.907998765300164],[3.6018360183601885,10.005214958712102],[3.6450364503645005,10.159719266098932],[3.5766357663576684,10.269087483687358],[3.5766357663576684,10.291655528586546],[3.6054360543605526,10.350679646015223],[3.6450364503645005,10.4097037634439],[3.681036810368113,10.427063797981745],[3.760237602376037,10.413175770351472],[3.771037710377101,10.418383780712816],[3.785437854378557,10.43574381525066],[3.8358383583835973,10.607608157175335],[3.828638286382869,10.654480250427525],[3.756637566375673,10.769056478377294],[3.745837458374581,10.850648640705174],[3.735037350373517,10.972168882470086],[3.7170371703716967,11.079801096604726],[3.6954369543695407,11.119729176041773],[3.6558365583655927,11.154449245117462],[3.637836378363801,11.177017290016664],[3.4866348663486804,11.395753725193515],[3.490234902349016,11.499913932420583],[3.5550355503555124,11.63185019490821],[3.5946359463594604,11.696082322698246],[3.6522365223652287,11.73253839522772],[3.663036630366321,11.762050453942052],[3.6486364863648646,11.800242529925313],[3.6198361983619805,11.828018585185873],[3.6126361263612807,11.887042702614536],[3.6198361983619805,11.926970782051583],[3.6414364143641365,11.970370868396202],[3.6342363423634367,12.062379051446783],[3.6342363423634367,12.20125932774954],[3.6450364503645005,12.406107735296118],[3.6450364503645005,12.529363980514816],[3.771037710377101,12.621372163565397],[3.9474394743947414,12.775876470952227],[4.037440374403758,12.933852785246614],[4.087840878408798,13.055373027011541],[4.149041490414902,13.458125828289553],[4.192241922419242,13.482429876642527],[4.242642426424283,13.501525914634158],[4.422644226442259,13.647350204752058],[4.559445594455951,13.701166311819378],[4.663846638466396,13.73241437398751],[4.822248222482244,13.760190429248055],[4.923049230492325,13.749774408525354],[5.099450994509965,13.74283039471021],[5.243452434524357,13.756718422340484],[5.36225362253623,13.836574581214578],[5.416254162541634,13.85914262611378],[5.491854918549194,13.873030653744053],[5.837458374583747,13.765398439609413],[6.1830618306183,13.662974235836117],[6.247862478624796,13.673390256558832],[6.298262982629836,13.65950222892856],[6.38466384663846,13.603950118407454],[6.514265142651425,13.485901883550099],[6.589865898658985,13.409517731583577],[6.625866258662597,13.364381641785187],[6.805868058680602,13.107453130625075],[6.87066870668707,13.04322100283504],[6.935469354693566,13.00850093375935],[7.0038700387003985,12.996348909582863],[7.057870578705803,12.999820916490435],[7.104671046710479,13.029332975204767],[7.173071730717311,13.086621089179658],[7.273872738727391,13.112661140986418],[7.3566735667356795,13.107453130625075],[7.788677886778885,13.338341589978413],[7.831878318783197,13.340077593432198],[7.954279542795433,13.322717558894354],[8.094680946809461,13.291469496726236],[8.45468454684547,13.058845033919098],[8.749887498874983,12.907812733439854],[8.958689586895872,12.857468633280092],[9.199891998920009,12.821012560750617],[9.617496174961758,12.810596540027916],[9.930699306993063,13.13522918588562],[10.0459004590046,13.206405327490785],[10.186301863018628,13.27063745528082],[10.229502295022968,13.281053476003521],[10.47430474304744,13.329661572709497],[10.96030960309605,13.371325655600316],[11.410314103141047,13.353965621062471],[11.500315003150035,13.340077593432198],[11.694716947169468,13.298413510541366],[11.989919899199009,13.192517299860512],[12.119521195211945,13.09009309608723],[12.31752317523177,13.074469065003171],[12.461524615246162,13.093565102994788],[12.511925119251202,13.194253303314298],[12.655926559265595,13.326189565801926],[12.760327603276039,13.380005672869245],[12.871928719287212,13.449445811020624],[13.048330483304852,13.534509980256061],[13.192331923319244,13.572702056239322],[13.325533255332573,13.671654253105046],[13.426334263342653,13.701166311819378],[13.60633606336063,13.70463831872695]]]]}},{"type":"Feature","id":"562","properties":{"name":"Niger"},"geometry":{"type":"Polygon","coordinates":[[[13.60633606336063,13.70463831872695],[13.426334263342653,13.701166311819378],[13.325533255332573,13.671654253105046],[13.192331923319244,13.572702056239322],[13.048330483304852,13.534509980256061],[12.871928719287212,13.449445811020624],[12.760327603276039,13.380005672869245],[12.655926559265595,13.326189565801926],[12.511925119251202,13.194253303314298],[12.461524615246162,13.093565102994788],[12.31752317523177,13.074469065003171],[12.119521195211945,13.09009309608723],[11.989919899199009,13.192517299860512],[11.694716947169468,13.298413510541366],[11.500315003150035,13.340077593432198],[11.410314103141047,13.353965621062471],[10.96030960309605,13.371325655600316],[10.47430474304744,13.329661572709497],[10.229502295022968,13.281053476003521],[10.186301863018628,13.27063745528082],[10.0459004590046,13.206405327490785],[9.930699306993063,13.13522918588562],[9.617496174961758,12.810596540027916],[9.199891998920009,12.821012560750617],[8.958689586895872,12.857468633280092],[8.749887498874983,12.907812733439854],[8.45468454684547,13.058845033919098],[8.094680946809461,13.291469496726236],[7.954279542795433,13.322717558894354],[7.831878318783197,13.340077593432198],[7.788677886778885,13.338341589978413],[7.3566735667356795,13.107453130625075],[7.273872738727391,13.112661140986418],[7.173071730717311,13.086621089179658],[7.104671046710479,13.029332975204767],[7.057870578705803,12.999820916490435],[7.0038700387003985,12.996348909582863],[6.935469354693566,13.00850093375935],[6.87066870668707,13.04322100283504],[6.805868058680602,13.107453130625075],[6.625866258662597,13.364381641785187],[6.589865898658985,13.409517731583577],[6.514265142651425,13.485901883550099],[6.38466384663846,13.603950118407454],[6.298262982629836,13.65950222892856],[6.247862478624796,13.673390256558832],[6.1830618306183,13.662974235836117],[5.837458374583747,13.765398439609413],[5.491854918549194,13.873030653744053],[5.416254162541634,13.85914262611378],[5.36225362253623,13.836574581214578],[5.243452434524357,13.756718422340484],[5.099450994509965,13.74283039471021],[4.923049230492325,13.749774408525354],[4.822248222482244,13.760190429248055],[4.663846638466396,13.73241437398751],[4.559445594455951,13.701166311819378],[4.422644226442259,13.647350204752058],[4.242642426424283,13.501525914634158],[4.192241922419242,13.482429876642527],[4.149041490414902,13.458125828289553],[4.087840878408798,13.055373027011541],[4.037440374403758,12.933852785246614],[3.9474394743947414,12.775876470952227],[3.771037710377101,12.621372163565397],[3.6450364503645005,12.529363980514816],[3.6450364503645005,12.406107735296118],[3.6342363423634367,12.20125932774954],[3.6342363423634367,12.062379051446783],[3.6414364143641365,11.970370868396202],[3.6198361983619805,11.926970782051583],[3.6126361263612807,11.887042702614536],[3.6198361983619805,11.828018585185873],[3.6486364863648646,11.800242529925313],[3.663036630366321,11.762050453942052],[3.6522365223652287,11.73253839522772],[3.5946359463594604,11.696082322698246],[3.5334353343533564,11.788090505748826],[3.450634506345068,11.852322633538847],[3.36063360633608,11.880098688799407],[3.2994329943299476,11.926970782051583],[3.2670326703266994,11.991202909841618],[3.148231482314827,12.117931161967888],[2.8782287822878345,12.367915659312857],[2.8494284942849504,12.373123669674214],[2.8062280622806384,12.383539690396915],[2.727027270272714,12.354027631682584],[2.680226802268038,12.312363548791751],[2.64782647826479,12.296739517707692],[2.5974259742597496,12.295003514253906],[2.467824678246785,12.262019448632003],[2.367023670236705,12.222091369194956],[2.363423634236341,12.189107303573053],[2.413824138241381,11.999882927110534],[2.388623886238861,11.897458723337252],[2.341823418234185,11.946066820043214],[2.1942219422194285,12.137027199959519],[2.089820898208984,12.277643479716062],[2.071820718207192,12.30889154188418],[2.057420574205736,12.357499638590156],[2.068220682206828,12.378331680035558],[2.107821078210776,12.39395571111963],[2.2050220502205207,12.413051749111261],[2.2230222302223126,12.426939776741534],[2.2266222662226767,12.466867856178581],[2.2122221222212204,12.538043997783745],[2.158221582215816,12.636996194649456],[2.1042210422104404,12.70122832243949],[2.0754207542075562,12.713380346615978],[2.017820178201788,12.71685235352355],[1.9566195661956556,12.70817233625462],[1.8414184141841474,12.62831617738054],[1.7910179101791073,12.612692146296482],[1.672216722167235,12.619636160111611],[1.5642156421564266,12.63526019119567],[1.4994149941499586,12.676924274086502],[1.3086130861308618,12.834900588380904],[1.0962109621096374,13.001556919944207],[1.006210062100621,13.02412496484341],[0.988209882098829,13.041484999381254],[0.9738097380974011,13.16994925496131],[0.9774097740977368,13.32445356234814],[0.988209882098829,13.364381641785187],[1.078210782107817,13.340077593432198],[1.1718117181171976,13.329661572709497],[1.2006120061200818,13.357437627970043],[1.1250112501125216,13.412989738491149],[1.0170101701017131,13.468541849012254],[0.9774097740977368,13.551870014793906],[0.945009450094517,13.581382073508252],[0.8982089820898409,13.610894132222583],[0.8406084060840726,13.626518163306642],[0.7866078660786684,13.65082221165963],[0.7470074700747205,13.675126260012618],[0.6858068580685881,13.68554228073532],[0.617406174061756,13.702902315273164],[0.5238052380523754,13.84004658812215],[0.4302043020430233,13.971982850609777],[0.372603726037255,14.076143057836845],[0.35460354603546307,14.13863918217308],[0.3834038340383472,14.246271396307733],[0.35460354603546307,14.287935479198552],[0.2502025020250187,14.395567693333192],[0.1638016380163947,14.497991897106488],[0.1854018540185507,14.652496204493303],[0.20340203402034263,14.782696463527145],[0.20340203402034263,14.864288625855025],[0.2178021780217989,14.911160719107201],[0.2286022860228627,14.963240822720735],[0.286202862028631,14.980600857258594],[0.43380433804338736,14.978864853804808],[0.7182071820718363,14.95456080545182],[0.948609486094881,14.982336860712365],[0.9594095940959448,14.987544871073723],[1.1214112141121575,15.126425147376494],[1.3014130141301337,15.272249437494395],[1.5678156781567907,15.286137465124668],[1.8594185941859394,15.301761496208726],[2.089820898208984,15.30870551002387],[2.421024210242109,15.320857534200357],[2.691026910269102,15.329537551469286],[3.000630006300071,15.341689575645773],[3.011430114301163,15.40765770688958],[3.029430294302955,15.425017741427425],[3.061830618306203,15.42675374488121],[3.288632886328884,15.390297672351736],[3.5046350463504723,15.355577603276046],[3.5190351903519,15.482305855402316],[3.709837098370997,15.64201817315049],[3.817838178381777,15.673266235318621],[3.843038430384297,15.701042290579167],[3.8754387543875453,15.754858397646487],[3.8970389703897013,15.838186563428152],[3.9078390783907935,15.89721068085683],[3.9474394743947414,15.945818777562792],[3.9762397623976256,16.036090957159587],[4.015840158401602,16.19233126800019],[4.120241202412018,16.35725159610972],[4.18144181441815,16.581196041647928],[4.192241922419242,16.798196473370993],[4.203042030420306,16.963116801480524],[4.235442354423554,16.99610086710244],[4.235442354423554,17.287749447338243],[4.23184231842319,17.582870034481616],[4.23184231842319,17.831118528372798],[4.23184231842319,18.140127143146444],[4.228242282422826,18.41094368193683],[4.228242282422826,18.704328265626415],[4.228242282422826,18.96820079060167],[4.228242282422826,19.143537139433903],[4.444244442444443,19.185201222324736],[4.671046710467124,19.228601308669354],[5.00225002250022,19.29109743300559],[5.3586535865358655,19.358801567703196],[5.747457474574759,19.433449716215932],[5.837458374583747,19.478585806014323],[6.129061290612924,19.732042310266863],[6.262262622626224,19.846618538216646],[6.528665286652881,20.07229898720864],[6.730267302673042,20.247635336040872],[6.989469894698942,20.469843778125295],[7.263072630726327,20.693788223663503],[7.48267482674828,20.872596579403307],[7.824678246782469,21.0757089834961],[8.343083430834326,21.381245591362173],[8.861488614886156,21.68678219922826],[9.379893798937985,21.99058280364055],[9.894698946989479,22.296119411506623],[10.413104131041308,22.60165601937271],[10.931509315093166,22.907192627238786],[11.449914499144995,23.21272923510486],[11.968319683196825,23.518265842970948],[12.490324903249046,23.40195361156738],[12.983529835298356,23.290849390525167],[13.480334803348029,23.179745169482956],[13.59913599135993,23.118985048600507],[13.861938619386194,22.901984616877428],[14.200342003420047,22.624224064271914],[14.214742147421475,22.619016053910556],[14.229142291422932,22.619016053910556],[14.556745567455692,22.7822003785663],[14.977949779497806,22.995728803381795],[15.08955089550895,22.41763965327155],[15.172351723517238,21.922878668942957],[15.179551795517966,21.60519003690038],[15.18315183151833,21.523597874572516],[15.21555215552155,21.46804576405141],[15.294752947529474,21.41075765007652],[15.607956079560807,20.954188741731187],[15.539555395553975,20.874332582857093],[15.586355863558651,20.73371630310055],[15.669156691566911,20.672956182218087],[15.92835928359284,20.400403639973916],[15.964359643596453,20.346587532906597],[15.949959499594996,20.303187446561978],[15.766357663576656,19.982026807611845],[15.733957339573408,19.903906652191537],[15.697956979569796,19.495945840552167],[15.672756727567275,19.206033263770152],[15.636756367563692,18.810224476307283],[15.597155971559715,18.336295533424092],[15.561155611556131,17.93701473905365],[15.517955179551791,17.409269689103155],[15.474754747547479,16.90756469095942],[15.211952119521214,16.633276145261462],[14.74754747547476,16.147195178201798],[14.36954369543696,15.749650387285143],[14.178741787417891,15.484041858856102],[13.80793807938079,14.966712829628307],[13.642336423364242,14.629928159594115],[13.512735127351277,14.456327814215655],[13.44793447934481,14.379943662249133],[13.505535055350549,14.135167175265522],[13.60633606336063,13.70463831872695]]]}},{"type":"Feature","id":"516","properties":{"name":"Namibia"},"geometry":{"type":"Polygon","coordinates":[[[23.380433804338054,-17.640640042806666],[23.596435964359642,-17.598975959915833],[23.798037980379803,-17.560783883932572],[24.035640356403576,-17.52085580449554],[24.226442264422644,-17.489607742327408],[24.27324273242732,-17.480927725058493],[24.73404734047341,-17.517383797587968],[24.932049320493206,-17.543423849394728],[25.00045000450004,-17.567727897747716],[25.090450904509055,-17.633696028991523],[25.259652596525967,-17.79340834673971],[25.216452164521655,-17.788200336378353],[24.91044910449105,-17.821184402000256],[24.791647916479178,-17.864584488344875],[24.528845288452885,-18.052072861353608],[24.47484474844748,-18.02776881300062],[24.413644136441377,-17.98957673701736],[24.359643596435973,-17.97742471284087],[24.244442444424465,-18.024296806093048],[24.129241292412928,-18.078112913160368],[24.003240032400328,-18.15449706512689],[23.898838988389883,-18.229145213639626],[23.8628386283863,-18.269073293076673],[23.700837008370087,-18.42357760046349],[23.646836468364683,-18.449617652270263],[23.600036000360006,-18.460033672992964],[23.582035820358215,-18.453089659177834],[23.56043560435606,-18.387121527934013],[23.45963459634598,-18.230881217093412],[23.297632976329766,-18.02776881300062],[23.25083250832509,-18.006936771555203],[23.21843218432184,-17.99999275774006],[23.09963099630997,-18.010408778462775],[22.754027540275416,-18.067696892437667],[22.458824588245903,-18.11630498914363],[22.012420124201242,-18.19789715147151],[21.530015300152996,-18.2656012861691],[21.23121231212312,-18.307265369059934],[20.975609756097555,-18.31941739323642],[20.975609756097555,-18.520793793875427],[20.975609756097555,-18.928754605514797],[20.975609756097555,-19.336715417154167],[20.975609756097555,-19.744676228793523],[20.975609756097555,-20.152637040432893],[20.97920979209792,-20.560597852072263],[20.97920979209792,-20.96855866371162],[20.97920979209792,-21.37651947535099],[20.97920979209792,-21.78448028699036],[20.97920979209792,-21.961552639276377],[20.97200972009722,-21.999744715259638],[20.824408244082434,-21.999744715259638],[20.48600486004861,-21.999744715259638],[20.205202052020525,-21.999744715259638],[19.978399783997844,-21.999744715259638],[19.978399783997844,-22.242785198789477],[19.978399783997844,-22.52922576866392],[19.978399783997844,-22.815666338538378],[19.978399783997844,-23.10210690841282],[19.978399783997844,-23.388547478287265],[19.978399783997844,-23.674988048161723],[19.978399783997844,-23.963164621489952],[19.978399783997844,-24.24960519136441],[19.978399783997844,-24.536045761238853],[19.981999819998208,-24.751310189508132],[19.981999819998208,-24.777350241314906],[19.981999819998208,-25.197463077130763],[19.981999819998208,-25.64187996129961],[19.981999819998208,-26.086296845468446],[19.981999819998208,-26.530713729637284],[19.981999819998208,-26.97513061380613],[19.981999819998208,-27.421283501428753],[19.981999819998208,-27.8657003855976],[19.981999819998208,-28.310117269766437],[19.981999819998208,-28.450733549522987],[19.877598775987764,-28.4489975460692],[19.67239672396724,-28.504549656590306],[19.53919539195394,-28.573989794741685],[19.48159481594817,-28.660789967430915],[19.40599405994061,-28.714606074498235],[19.31239312393126,-28.733702112489865],[19.272792727927282,-28.777102198834477],[19.283592835928374,-28.84827834043964],[19.247592475924762,-28.90209444750696],[19.161191611916138,-28.938550520036436],[19.024390243902445,-28.928134499313735],[18.837188371883713,-28.869110381885058],[18.599585995859968,-28.855222354254785],[18.311583115831155,-28.886470416422902],[18.102781027810295,-28.870846385338844],[17.976779767797694,-28.811822267910166],[17.839978399784002,-28.777102198834477],[17.699576995769974,-28.768422181565555],[17.616776167761685,-28.742382129758788],[17.447574475744773,-28.698982043414176],[17.415174151741525,-28.62086188799387],[17.397173971739733,-28.561837770565198],[17.346773467734693,-28.501077649682735],[17.34317343173433,-28.452469552976773],[17.379173791737912,-28.41427747699351],[17.38637386373864,-28.35351735611105],[17.357573575735756,-28.27018919032939],[17.31077310773108,-28.228525107438564],[17.245972459724612,-28.23026111089235],[17.206372063720636,-28.199013048724225],[17.188371883718844,-28.13304491748041],[17.148771487714896,-28.082700817320664],[17.055170551705515,-28.03062071370713],[16.93276932769328,-28.068812789690384],[16.87516875168751,-28.12783690711906],[16.84276842768429,-28.218109086715856],[16.810368103681043,-28.26498117996804],[16.795967959679615,-28.34136533193456],[16.788767887678887,-28.39518143900188],[16.75636756367564,-28.452469552976773],[16.72396723967239,-28.475037597875968],[16.687966879668807,-28.46462157715326],[16.626766267662674,-28.487189622052462],[16.486364863648646,-28.5722537912879],[16.44676446764467,-28.617389881086304],[16.335163351633526,-28.535797718758424],[16.007560075600765,-28.231997114346136],[15.892358923589256,-28.152140955472042],[15.719557195571952,-27.9663885859171],[15.34155341553415,-27.386563432353064],[15.287552875528775,-27.275459211310853],[15.21555215552155,-26.99596265525154],[15.13275132751329,-26.787642240797396],[15.121951219512198,-26.667858002486263],[15.161551615516174,-26.60015386778867],[15.13995139951399,-26.50814568473809],[15.096750967509678,-26.426553522410217],[14.967149671496713,-26.31892130827557],[14.93114931149313,-25.957832589888383],[14.844748447484477,-25.72520812708126],[14.862748627486269,-25.534247747164954],[14.823148231482321,-25.358911398332722],[14.819548195481957,-25.246071173836725],[14.837548375483749,-25.032542749021232],[14.769147691476917,-24.787766262037607],[14.628746287462889,-24.54819778541534],[14.502745027450288,-24.20273309811222],[14.484744847448468,-24.049964794179175],[14.49554495544956,-23.64200398253982],[14.473944739447404,-23.477083654430288],[14.473944739447404,-23.280915264152625],[14.423544235442364,-23.077802860059833],[14.401944019440208,-22.968434642471408],[14.437944379443792,-22.8798984663284],[14.459544595445948,-22.90767452158896],[14.49554495544956,-22.92156254921923],[14.52074520745208,-22.805250317815663],[14.524345243452444,-22.70282611404238],[14.463144631446312,-22.44936960978984],[14.322743227432284,-22.190705095175943],[13.973539735397367,-21.767120252452514],[13.887138871388714,-21.60740793470434],[13.840338403384038,-21.473735668762927],[13.451534515345173,-20.916478560098085],[13.285932859328597,-20.524141779542788],[13.167131671316724,-20.18388510260101],[13.041130411304124,-20.02764479176041],[12.457924579245798,-18.92701860206101],[12.328323283232834,-18.751682253228765],[12.094320943209425,-18.541625835320843],[12.04032040320405,-18.47044969371568],[11.950319503195033,-18.27080929653046],[11.777517775177756,-18.001728761193846],[11.734317343173444,-17.751744263848877],[11.719917199171988,-17.467039697428206],[11.741517415174172,-17.25003926570514],[11.903519035190357,-17.225735217352167],[12.015120151201529,-17.168447103377275],[12.11592115921161,-17.164975096469703],[12.213122131221326,-17.210111186268108],[12.31752317523177,-17.213583193175666],[12.360723607236082,-17.206639179360536],[12.547925479254786,-17.21184718972188],[12.655926559265595,-17.159767086108346],[12.78552785527856,-17.107686982494812],[12.857528575285755,-17.06255089269642],[12.9619296192962,-17.01567879944423],[13.102331023310228,-16.96707070273827],[13.177931779317788,-16.972278713099612],[13.275132751327533,-16.98963874763747],[13.404734047340469,-17.006998782175316],[13.476734767347693,-17.03998284779722],[13.563135631356317,-17.140671048116715],[13.692736927369282,-17.232679231167296],[13.793537935379362,-17.2882313416884],[13.905139051390535,-17.361143486747352],[13.937539375393754,-17.388919542007912],[13.987939879398795,-17.40454357309197],[14.016740167401679,-17.40975158345333],[14.225542255422567,-17.397599559276827],[14.416344163441636,-17.387183538554126],[14.617946179461796,-17.387183538554126],[14.999549995499962,-17.388919542007912],[15.38475384753849,-17.388919542007912],[15.766357663576656,-17.388919542007912],[16.147961479614793,-17.390655545461698],[16.529565295652958,-17.390655545461698],[16.914769147691487,-17.390655545461698],[17.296372963729652,-17.392391548915484],[17.677976779767818,-17.392391548915484],[17.836378363783638,-17.392391548915484],[18.109981099810994,-17.39586355582304],[18.397983979839807,-17.399335562730613],[18.42678426784269,-17.40454357309197],[18.45918459184591,-17.425375614537387],[18.487984879848796,-17.44273564907523],[18.588785887858876,-17.5694639012015],[18.71838718387184,-17.703136167142915],[18.82638826388265,-17.76563229147915],[18.955989559895613,-17.80382436746241],[19.074790747907485,-17.817712395092684],[19.189991899918994,-17.80903237782377],[19.377193771937726,-17.824656408907828],[19.63999639996402,-17.868056495252446],[19.913599135991376,-17.88194452288272],[20.19440194401946,-17.86284848489109],[20.392403924039257,-17.887152533244077],[20.507605076050766,-17.953120664487884],[20.626406264062638,-17.996520750832502],[20.74520745207454,-18.01908879573169],[20.907209072090723,-18.005200768101417],[21.112411124111247,-17.956592671395455],[21.288812888128888,-17.963536685210585],[21.368013680136812,-17.99999275774006],[21.418414184141852,-17.99999275774006],[21.71721717217173,-17.947912654126526],[21.9620196201962,-17.90451256778192],[22.325623256232575,-17.836808433084315],[22.62442624426245,-17.78125632256321],[23.06723067230672,-17.699664160235344],[23.380433804338054,-17.640640042806666]]]}},{"type":"Feature","id":"508","properties":{"name":"Mozambique"},"geometry":{"type":"Polygon","coordinates":[[[31.28611286112863,-22.40249751653765],[31.43011430114302,-22.298337309310583],[31.57051570515705,-22.154249022646468],[31.736117361173626,-21.98412068417558],[31.887318873188747,-21.831352380242535],[32.01692016920171,-21.697680114301136],[32.19332193321935,-21.51539975165376],[32.36972369723699,-21.33485539246017],[32.412924129241304,-21.312287347560968],[32.430924309243096,-21.29666331647691],[32.355323553235536,-21.13695099872872],[32.47772477724777,-20.949462625720003],[32.481324813248136,-20.829678387408862],[32.47772477724777,-20.713366156005293],[32.49212492124923,-20.659550048937973],[32.52812528125281,-20.612677955685797],[32.67212672126723,-20.51546176227386],[32.78012780127801,-20.360957454887043],[32.87012870128703,-20.216869168222914],[32.992529925299266,-19.98424470541579],[33.00333003330033,-19.93042859834847],[33.006930069300694,-19.87314048437358],[32.97092970929711,-19.795020328953285],[32.891728917289186,-19.668292076827],[32.83052830528305,-19.558923859238575],[32.77652776527765,-19.3887955207677],[32.83052830528305,-19.241235227196015],[32.848528485284874,-19.152699051053006],[32.848528485284874,-19.10409095434703],[32.82692826928269,-19.05895486454864],[32.765727657276585,-19.02423479547295],[32.715327153271545,-19.001666750573747],[32.70092700927009,-18.940906629691284],[32.70092700927009,-18.867994484632334],[32.72252722527227,-18.828066405195287],[32.85572855728557,-18.763834277405266],[32.88452884528846,-18.729114208329577],[32.898928989289914,-18.68918612889253],[32.90252902529025,-18.633634018371424],[32.942129421294226,-18.49301773861488],[32.992529925299266,-18.359345472673468],[32.99612996129963,-18.312473379421277],[32.97812978129781,-18.27080929653046],[32.96372963729638,-18.196161148017723],[32.956529565295654,-18.083320923521725],[32.95292952929529,-17.76563229147915],[32.981729817298174,-17.437527638713874],[32.97092970929711,-17.251775269158927],[32.88452884528846,-17.038246844343433],[32.87732877328773,-16.883742536956603],[32.93852938529386,-16.776110322821964],[32.949329493294954,-16.711878195031943],[32.90252902529025,-16.7049341812168],[32.8089280892809,-16.697990167401656],[32.740527405274065,-16.677158125956254],[32.63612636126362,-16.58862194981323],[32.45252452524525,-16.51570980475428],[32.24372243722439,-16.448005670056688],[31.94131941319415,-16.428909632065057],[31.68931689316895,-16.213645203795778],[31.491314913149125,-16.17892513472009],[31.426514265142657,-16.152885082913315],[31.23571235712359,-16.02442082733326],[30.940509405094048,-16.012268803156772],[30.630906309063107,-15.998380775526499],[30.436504365043646,-15.994908768618927],[30.40770407704079,-15.977548734081083],[30.3969039690397,-15.80047638179505],[30.3969039690397,-15.642500067500663],[30.378903789037906,-15.505355794651692],[30.350103501035022,-15.349115483811076],[30.30690306903071,-15.288355362928613],[30.252902529025306,-15.182459152247759],[30.224102241022422,-15.06614692084419],[30.220502205022058,-15.010594810323084],[30.23130231302315,-14.989762768877682],[30.44730447304474,-14.908170606549803],[30.537305373053726,-14.86650652365897],[30.67410674106742,-14.819634430406794],[30.915309153091528,-14.753666299162987],[31.131311313113144,-14.69464218173431],[31.32931329313294,-14.637354067759418],[31.53811538115383,-14.576593946876955],[31.624516245162454,-14.536665867439908],[31.728917289172898,-14.496737788002875],[31.9809198091981,-14.415145625674995],[32.052920529205295,-14.387369570414435],[32.20052200522005,-14.340497477162259],[32.27252272522725,-14.323137442624414],[32.55332553325533,-14.229393256120048],[32.873728737287394,-14.121761041985408],[32.98532985329854,-14.085304969455933],[33.201332013320155,-14.014128827850769],[33.24453244532447,-14.0436408865651],[33.38853388533886,-14.290153377002511],[33.50373503735037,-14.434241663666626],[33.636936369363696,-14.56791392960804],[33.65853658536585,-14.560969915792896],[33.694536945369464,-14.529721853624778],[33.762937629376296,-14.517569829448277],[33.96813968139682,-14.48632176728016],[34.05094050940511,-14.484585763826374],[34.10134101341015,-14.449865694750684],[34.20934209342093,-14.42382564294391],[34.331743317433194,-14.408201611859852],[34.374943749437506,-14.425561646397696],[34.50454504545047,-14.597425988322371],[34.52254522545226,-14.731098254263784],[34.551345513455146,-14.922058634180075],[34.558545585455875,-15.015802820684442],[34.55494554945551,-15.140795069356926],[34.540545405454054,-15.297035380197542],[34.43614436144361,-15.477579739391132],[34.414544145441454,-15.56611591553414],[34.356943569435714,-15.704996191836912],[34.281342813428154,-15.772700326534505],[34.24534245342454,-15.829988440509396],[34.248942489424905,-15.887276554484288],[34.28854288542885,-15.93588465119025],[34.374943749437506,-16.02442082733326],[34.40374403744039,-16.079972937854365],[34.39654396543966,-16.130317038014113],[34.39654396543966,-16.199757176165505],[34.41814418144182,-16.24662926941768],[34.439744397443974,-16.27440532467824],[34.52974529745299,-16.31954141447663],[34.61254612546125,-16.43238163897263],[34.760147601476035,-16.56778990836783],[34.93294932949331,-16.760486291737905],[35.01575015750157,-16.819510409166583],[35.08055080550807,-16.833398436796855],[35.112951129511316,-16.899366568040662],[35.094950949509496,-16.9740147165534],[35.044550445504456,-17.017414802898017],[35.06615066150661,-17.07817492378048],[35.09135091350913,-17.111158989402384],[35.12375123751238,-17.126783020486442],[35.202952029520304,-17.130255027394014],[35.271352713527136,-17.118103003217527],[35.28935289352896,-17.09727096177211],[35.28215282152823,-16.80735838499008],[35.228152281522824,-16.638966049972993],[35.177751777517784,-16.572997918729172],[35.16695166951669,-16.560845894552685],[35.18495184951851,-16.50529378403158],[35.24255242552425,-16.375093524997737],[35.29295292952929,-16.24662926941768],[35.32175321753218,-16.19281316235036],[35.35775357753579,-16.15982909672846],[35.5989559895599,-16.12510902765277],[35.71055710557107,-16.095596968938423],[35.75375753757538,-16.059140896408948],[35.789757897578994,-15.958452696089452],[35.81855818558185,-15.680692143483924],[35.82935829358294,-15.418555621962454],[35.80415804158042,-15.265787318029425],[35.840158401584034,-15.034898858676073],[35.89415894158941,-14.892546575465744],[35.865358653586554,-14.863034516751412],[35.847358473584734,-14.670338133381321],[35.688956889568914,-14.465489725834743],[35.48735487354875,-14.201617200859502],[35.37575375753758,-14.059264917649159],[35.246152461524616,-13.896080592993414],[35.012150121501236,-13.642624088740874],[34.90774907749079,-13.552351909144079],[34.85014850148502,-13.515895836614604],[34.66294662946629,-13.486383777900272],[34.61254612546125,-13.437775681194296],[34.56214562145621,-13.359655525774002],[34.54414544145442,-13.215567239109873],[34.54414544145442,-13.107935024975234],[34.52254522545226,-12.925654662327858],[34.482944829448314,-12.66699014771396],[34.464944649446494,-12.590605995747438],[34.41094410944109,-12.396173608923576],[34.36054360543605,-12.210421239368628],[34.356943569435714,-12.165285149570238],[34.374943749437506,-12.120149059771833],[34.46134461344613,-11.983004786922862],[34.526145261452626,-11.88752459696471],[34.55494554945551,-11.83370848989739],[34.60534605346055,-11.689620203233275],[34.61974619746198,-11.620180065081883],[34.659346593465955,-11.588932002913765],[34.8249482494825,-11.575043975283492],[34.95814958149583,-11.578515982191064],[35.18135181351815,-11.575043975283492],[35.41895418954189,-11.583723992552407],[35.45135451354514,-11.588932002913765],[35.505355053550545,-11.604556033997824],[35.56295562955631,-11.602820030544038],[35.631356313563145,-11.581987989098636],[35.70335703357034,-11.531643888938873],[35.78615786157863,-11.45352373351858],[35.91215912159123,-11.455259736972351],[36.08136081360814,-11.536851899300231],[36.174961749617495,-11.609764044359181],[36.192961929619315,-11.670524165241645],[36.30456304563046,-11.70698023777112],[36.51696516965171,-11.715660255040035],[36.67536675366753,-11.684412192871918],[36.77256772567728,-11.609764044359181],[36.87336873368736,-11.57157196837592],[36.97776977769777,-11.566363958014563],[37.06057060570606,-11.592404009821337],[37.114571145711466,-11.647956120342442],[37.21897218972191,-11.686148196325703],[37.373773737737395,-11.710452244678692],[37.54297542975431,-11.675732175602988],[37.726577265772676,-11.58025198564485],[37.83097830978309,-11.481299788779125],[37.85617856178561,-11.378875585005844],[37.884978849788496,-11.316379460669594],[37.92097920979211,-11.295547419224178],[38.018180181801824,-11.281659391593905],[38.17658176581767,-11.278187384686333],[38.31338313383134,-11.311171450308237],[38.49338493384934,-11.413595654081533],[38.604986049860514,-11.345891519383926],[38.79578795787958,-11.229579287980371],[38.98658986589868,-11.167083163644122],[39.17019170191702,-11.167083163644122],[39.32139321393214,-11.121947073845732],[39.44019440194404,-11.035146901156494],[39.56259562595628,-10.977858787181603],[39.69579695796958,-10.955290742282415],[39.81819818198184,-10.911890655937796],[39.987399873998754,-10.821618476341001],[40.16740167401676,-10.687946210399588],[40.347403474034735,-10.550801937550617],[40.46260462604627,-10.46400176486138],[40.516605166051676,-10.568161972088461],[40.61020610206103,-10.661906158592828],[40.556205562055624,-10.715722265660148],[40.48780487804879,-10.76433036236611],[40.5958059580596,-10.83029849360993],[40.516605166051676,-10.92925069047564],[40.50580505805058,-10.99869082862702],[40.52740527405274,-11.024730880433793],[40.54540545405456,-11.066394963324626],[40.491404914049156,-11.179235187820609],[40.41940419404196,-11.266035360509846],[40.40140401404014,-11.332003491753653],[40.466204662046636,-11.450051726611008],[40.43380433804339,-11.656636137611358],[40.49500495004952,-11.844124510620091],[40.50940509405095,-11.939604700578244],[40.531005310053104,-12.003836828368279],[40.50220502205022,-12.120149059771833],[40.50940509405095,-12.312845443141924],[40.523805238052375,-12.392701602016004],[40.48780487804879,-12.491653798881728],[40.549005490054896,-12.526373867957417],[40.581405814058144,-12.635742085545843],[40.57060570605708,-12.758998330764541],[40.55260552605526,-12.824966462008362],[40.448204482044815,-12.904822620882442],[40.43380433804339,-12.936070683050573],[40.43740437404375,-12.98294277630275],[40.567005670056716,-12.984678779756536],[40.574205742057416,-13.057590924815486],[40.56340563405635,-13.114879038790377],[40.57060570605708,-13.224247256378803],[40.55260552605526,-13.293687394530181],[40.581405814058144,-13.373543553404275],[40.54540545405456,-13.462079729547284],[40.55980559805599,-13.531519867698663],[40.55980559805599,-13.620056043841672],[40.592205922059236,-13.845736492833666],[40.5958059580596,-14.123497045439194],[40.6030060300603,-14.166897131783813],[40.649806498064976,-14.19814519395193],[40.71460714607147,-14.213769225035989],[40.71460714607147,-14.290153377002511],[40.63900639006391,-14.390841577322007],[40.63540635406355,-14.45160169820447],[40.64620646206464,-14.538401870893694],[40.725407254072536,-14.420353636036353],[40.775807758077576,-14.422089639490139],[40.81900819008192,-14.46722572928853],[40.81180811808119,-14.534929863986122],[40.826208262082616,-14.569649933061825],[40.81900819008192,-14.635618064305632],[40.84420844208444,-14.718946230087283],[40.833408334083344,-14.791858375146234],[40.775807758077576,-14.842202475305996],[40.700207002070016,-14.929002647995219],[40.68580685806859,-15.01233081377687],[40.693006930069316,-15.064410917390418],[40.642606426064276,-15.081770951928263],[40.617406174061756,-15.114755017550166],[40.65340653406534,-15.192875172970474],[40.649806498064976,-15.260579307668067],[40.55980559805599,-15.47410773248356],[40.315003150031515,-15.764020309265575],[40.20700207002071,-15.866444513038871],[40.10980109801099,-15.979284737534869],[40.10980109801099,-16.026156830787045],[40.0990009900099,-16.06608491022409],[39.98379983799839,-16.225797227972265],[39.861398613986154,-16.25183727977904],[39.78939789397896,-16.295237366123644],[39.84339843398436,-16.4358536458802],[39.76419764197644,-16.468837711502104],[39.62379623796238,-16.579941932544315],[39.242192421924216,-16.791734353906023],[39.18099180991811,-16.842078454065785],[39.083790837908396,-16.972278713099612],[38.957789577895795,-17.00526277872153],[38.8857888578886,-17.041718851251005],[38.756187561875635,-17.055606878881278],[38.712987129871294,-17.045190858158577],[38.66978669786698,-17.05039886851992],[38.6337863378634,-17.07817492378048],[38.3817838178382,-17.17018310683106],[38.144181441814425,-17.24309525189001],[38.086580865808656,-17.276079317511915],[38.04698046980471,-17.321215407310305],[37.83817838178382,-17.392391548915484],[37.51057510575106,-17.571199904655288],[37.24417244172443,-17.73959223967239],[37.049770497705,-17.909720578143265],[36.99936999369996,-17.93576062995004],[36.938169381693825,-17.99304874392493],[36.92016920169203,-18.079848916614154],[36.89856898568988,-18.128457013320116],[36.75456754567546,-18.307265369059934],[36.53856538565387,-18.517321786967855],[36.49896498964989,-18.576345904396533],[36.41256412564127,-18.6926581358001],[36.40536405364054,-18.76904228776661],[36.326163261632615,-18.793346336119598],[36.26136261362615,-18.720434191060647],[36.23616236162363,-18.86105047081719],[36.18216182161822,-18.871466491539906],[36.124561245612455,-18.84195443282556],[35.98055980559806,-18.91313057443074],[35.85455854558546,-18.992986733304818],[35.6529565295653,-19.163115071775707],[35.36495364953652,-19.494691731448555],[34.94734947349474,-19.81238036349113],[34.88974889748897,-19.821060380760045],[34.85374853748539,-19.821060380760045],[34.72054720547206,-19.709956159717834],[34.64854648546486,-19.70127614244892],[34.71334713347133,-19.767244273692725],[34.75654756547567,-19.82279638421383],[34.74574745747458,-19.928692594894684],[34.74934749347494,-20.090140916096644],[34.6989469894699,-20.404357541231647],[34.70614706147063,-20.473797679383026],[34.76374763747637,-20.56233385552605],[34.87534875348754,-20.66996606966069],[34.98334983349835,-20.80711034250966],[35.11655116551165,-21.1959751161574],[35.127351273512744,-21.39561551334262],[35.26775267752677,-21.650808021048945],[35.271352713527136,-21.761912242091157],[35.328953289532905,-22.0379367912429],[35.32535325353254,-22.26014523332732],[35.31455314553148,-22.397289506176307],[35.38295382953831,-22.454577620151184],[35.40815408154083,-22.40249751653765],[35.4009540095401,-22.315697343848427],[35.41895418954189,-22.17681706754567],[35.454954549545505,-22.116056946663207],[35.49455494554945,-22.124736963932122],[35.505355053550545,-22.190705095175943],[35.530555305553065,-22.247993209150835],[35.54135541355416,-22.301809316218154],[35.54135541355416,-22.37645746473089],[35.49095490954912,-22.657690024243976],[35.505355053550545,-22.77226625219376],[35.57375573755738,-22.963226632110064],[35.49455494554945,-23.185435074194487],[35.37575375753758,-23.707972113783626],[35.37215372153722,-23.79824429338042],[35.39735397353974,-23.838172372817468],[35.46215462154623,-23.850324396993955],[35.48375483754839,-23.784356265750148],[35.52335523355234,-23.784356265750148],[35.54135541355416,-23.824284345187195],[35.49095490954912,-24.065588825263248],[35.43695436954371,-24.1714850359441],[35.253352533525344,-24.430149550558],[35.15615156151563,-24.54125377160021],[34.99054990549905,-24.650621989188636],[34.608946089460915,-24.82075032765951],[33.83493834938349,-25.06726281809692],[33.52893528935289,-25.188783059861834],[33.34893348933491,-25.261695204920784],[32.96012960129602,-25.49084766082035],[32.790927909279105,-25.64361596475338],[32.72252722527227,-25.820688317039412],[32.65412654126541,-25.902280479367278],[32.589325893258945,-26.004704683140574],[32.64692646926471,-26.091504855829797],[32.70452704527045,-26.159208990527397],[32.76932769327695,-26.202609076872008],[32.80532805328053,-26.24080115285527],[32.848528485284874,-26.268577208115822],[32.89532895328955,-26.129696931813058],[32.916929169291706,-26.086296845468446],[32.956529565295654,-26.082824838560875],[32.9349293492935,-26.252953177031756],[32.88812888128882,-26.831042327142008],[32.88452884528846,-26.85013836513364],[32.77652776527765,-26.85013836513364],[32.589325893258945,-26.855346375494996],[32.47772477724777,-26.85881838240256],[32.35172351723517,-26.862290389310132],[32.20052200522005,-26.832778330595794],[32.11412114121143,-26.83972234441093],[32.1069210692107,-26.520297708914576],[32.078120781207815,-26.44912156730941],[32.04932049320493,-26.346697363536123],[32.04212042120423,-26.28072923229231],[32.06012060120602,-26.214761101048502],[32.06732067320675,-26.110600893821427],[32.06012060120602,-26.018592710770847],[31.970119701197007,-25.97172061751867],[31.94851948519485,-25.957832589888383],[31.926919269192695,-25.884920444829433],[31.919719197191966,-25.77381622378722],[31.984519845198463,-25.631463940576893],[31.9809198091981,-25.358911398332722],[31.988119881198827,-25.26343120837457],[31.984519845198463,-25.074206831912065],[31.984519845198463,-24.843318372558713],[31.984519845198463,-24.638469965012135],[31.984519845198463,-24.461397612726117],[31.96651966519667,-24.37633344349068],[31.952119521195215,-24.32946135023849],[31.908919089190903,-24.235717163734122],[31.858518585185863,-24.039548773456474],[31.800918009180094,-23.891988479884787],[31.725317253172534,-23.79477228647285],[31.700117001170014,-23.742692182859315],[31.674916749167494,-23.674988048161723],[31.602916029160298,-23.553467806396796],[31.54531545315453,-23.48229166479163],[31.5309153091531,-23.42500355081674],[31.5309153091531,-23.27917926069884],[31.466114661146605,-23.017042739177384],[31.41931419314193,-22.824346355807293],[31.347313473134733,-22.617761944806944],[31.300513005130057,-22.478881668504172],[31.29331293312933,-22.454577620151184],[31.28611286112863,-22.40249751653765]],[[34.641346413464134,-12.01425284909098],[34.62334623346234,-11.984740790376648],[34.590945909459094,-11.970852762746361],[34.55494554945551,-11.983004786922862],[34.540545405454054,-12.019460859452337],[34.58014580145803,-12.066332952704514],[34.62334623346234,-12.066332952704514],[34.641346413464134,-12.01425284909098]],[[34.72054720547206,-12.111469042502918],[34.74574745747458,-12.088900997603716],[34.75654756547567,-12.05938893888937],[34.75654756547567,-12.031612883628824],[34.73854738547385,-12.012516845637194],[34.71334713347133,-12.002100824914493],[34.68094680946811,-12.009044838729622],[34.666546665466655,-12.047236914712883],[34.66294662946629,-12.101053021780203],[34.684546845468475,-12.118413056318047],[34.72054720547206,-12.111469042502918]]]}},{"type":"Feature","id":"504","properties":{"name":"Morocco"},"geometry":{"type":"Polygon","coordinates":[[[-2.2194221942219485,35.104352893528954],[-2.1906219062190644,35.02970474501622],[-2.133021330213296,34.97068062758754],[-1.9206192061920433,34.835272358192356],[-1.794617946179443,34.75194419241069],[-1.7910179101791073,34.72243213369636],[-1.8342183421834193,34.65472799899875],[-1.8486184861848471,34.607855905746575],[-1.8162181621816273,34.55751180558683],[-1.7406174061740671,34.496751684704364],[-1.733417334173339,34.46723962599003],[-1.751417514175131,34.43251955691433],[-1.7910179101791073,34.36828742912431],[-1.708217082170819,34.17559104575422],[-1.6938169381693626,33.989838676199284],[-1.715417154171547,33.857902413711656],[-1.715417154171547,33.781518261745134],[-1.7046170461704548,33.7172861339551],[-1.6326163261632587,33.566253833475855],[-1.6794167941679348,33.31800533958466],[-1.6254162541625305,33.18259707018947],[-1.5498154981549703,33.07322885260105],[-1.5102151021510224,32.877060462323385],[-1.44901449014489,32.785052279272804],[-1.3518135181351738,32.70346011694494],[-1.2978129781297696,32.67568406168438],[-1.1898118981189612,32.607979926986786],[-1.1106111061110653,32.55242781646568],[-1.0638106381063608,32.46909965068403],[-1.1610116101161054,32.39965951253264],[-1.2402124021240013,32.3371633881964],[-1.2618126181261857,32.27119525695258],[-1.2258122581225734,32.16529904627173],[-1.2258122581225734,32.108010932296835],[-1.2762127621276136,32.088914894305205],[-1.4778147781477742,32.09412290466656],[-1.6362163621636228,32.09933091502792],[-1.8162181621816273,32.104538925389264],[-2.0718207182071637,32.11495494611198],[-2.2302223022230123,32.12189895992712],[-2.449824498244965,32.13057897719604],[-2.5218252182521894,32.12537096683468],[-2.72342723427235,32.09585890812035],[-2.8638286382863782,32.07502686667493],[-2.8854288542885342,32.06808285285979],[-2.9322293222932103,32.04204280105303],[-2.9610296102960945,31.96392264563272],[-2.9898298982989786,31.873650466035926],[-3.0186301863018628,31.83372238659888],[-3.439834398343976,31.705258131018823],[-3.605436054360524,31.686162093027193],[-3.6990369903699047,31.70005012065748],[-3.767437674376737,31.689634099934764],[-3.825038250382505,31.66185804467422],[-3.846638466384661,31.620193961783386],[-3.850238502385025,31.566377854716066],[-3.835838358383569,31.512561747648746],[-3.796237962379621,31.43791359913601],[-3.789037890378893,31.361529447169488],[-3.814238142381413,31.309449343555954],[-3.821438214382141,31.255633236488634],[-3.832238322383205,31.198345122513743],[-3.810638106381049,31.167097060345625],[-3.771037710377101,31.161889049984268],[-3.7314373143731245,31.135848998177494],[-3.6738367383673847,31.11154494982452],[-3.6234362343623445,31.066408860026115],[-3.6270362703627086,31.00044072878231],[-3.6666366663666565,30.963984656252833],[-3.702637026370269,30.944888618261203],[-3.861038610386089,30.92752858372336],[-3.9870398703986893,30.91364055609307],[-4.149041490414902,30.809480348866003],[-4.3218432184321784,30.698376127823792],[-4.530645306453067,30.625463982764842],[-4.620646206462055,30.604631941319425],[-4.779047790477904,30.55255183770589],[-4.969849698496972,30.46575166501667],[-5.063450634506353,30.326871388713897],[-5.178651786517861,30.165423067511938],[-5.293852938529369,30.0577908533773],[-5.448654486544854,29.957102653057802],[-5.592655926559246,29.917174573620755],[-5.776257762577615,29.86856647691478],[-6.003060030600295,29.832110404385304],[-6.165061650616508,29.81822237675503],[-6.215462154621548,29.811278362939902],[-6.355863558635576,29.80780635603233],[-6.427864278642772,29.816486373301245],[-6.478264782647813,29.819958380208817],[-6.499864998649969,29.809542359486116],[-6.507065070650697,29.783502307679342],[-6.510665106651061,29.72621419370445],[-6.521465214652153,29.660246062460644],[-6.564665646656465,29.604693951939538],[-6.597065970659713,29.578653900132764],[-6.636666366663661,29.568237879410063],[-6.755467554675533,29.58386191049412],[-6.856268562685614,29.601221945031966],[-7.093870938709387,29.625525993384954],[-7.140671406714063,29.620317983023597],[-7.158671586715855,29.613373969208453],[-7.234272342723415,29.575181893225192],[-7.349473494734951,29.495325734351113],[-7.428674286742847,29.424149592745948],[-7.4862748627486155,29.392901530577817],[-7.623076230762308,29.375541496039972],[-7.684276842768412,29.349501444233212],[-7.943479434794341,29.174165095400966],[-7.997479974799745,29.132501012510147],[-8.263882638826374,28.979732708577103],[-8.339483394833934,28.929388608417355],[-8.400684006840066,28.88078051171138],[-8.559085590855915,28.76794028721538],[-8.659886598865995,28.71933219050942],[-8.677886778867787,28.689820131795088],[-8.685086850868515,28.62037999364371],[-8.685086850868515,28.46934769316445],[-8.685086850868515,28.32352340304655],[-8.685086850868515,28.11173098168483],[-8.685086850868515,27.899938560323122],[-8.685086850868515,27.656898076793283],[-8.818288182881815,27.656898076793283],[-8.818288182881815,27.655162073339497],[-8.814688146881451,27.613497990448664],[-8.785887858878596,27.530169824667013],[-8.775087750877503,27.460729686515634],[-8.789487894878931,27.417329600171016],[-8.803888038880388,27.36177748964991],[-8.79668796687966,27.30796138258259],[-8.775087750877503,27.2506732686077],[-8.753487534875347,27.19164915117902],[-8.753487534875347,27.15172107174199],[-8.793087930879295,27.120473009573857],[-8.890288902889012,27.104848978489798],[-9.001890018900184,27.090960950859525],[-9.084690846908472,27.090960950859525],[-9.207092070920709,27.09964096812844],[-9.286292862928633,27.09790496467467],[-9.354693546935465,27.09790496467467],[-9.412294122941233,27.08922494740574],[-9.487894878948794,27.05103287142248],[-9.570695706957054,26.990272750540015],[-9.675096750967498,26.910416591665935],[-9.73629736297363,26.860072491506187],[-9.81909819098189,26.849656470783472],[-9.901899018990179,26.849656470783472],[-9.981099810998103,26.88958455022052],[-10.031500315003143,26.910416591665935],[-10.067500675006755,26.90868058821215],[-10.121501215012131,26.88090453295159],[-10.189901899018992,26.860072491506187],[-10.251102511025096,26.860072491506187],[-10.35550355503554,26.901736574397006],[-10.477904779047776,26.960760691825683],[-10.549905499054972,26.990272750540015],[-10.654306543065417,27.00068877126273],[-10.758707587075861,27.01978480925436],[-10.830708307083057,27.01110479198543],[-10.924309243092438,27.01110479198543],[-11.046710467104674,26.971176712548385],[-11.151111511115118,26.941664653834053],[-11.262712627126263,26.910416591665935],[-11.392313923139227,26.882640536405376],[-11.359913599135979,26.794104360262367],[-11.316713167131667,26.745496263556404],[-11.316713167131667,26.68473614267394],[-11.338313383133823,26.632656039060407],[-11.399513995139955,26.584047942354445],[-11.471514715147151,26.51981581456441],[-11.5111151111511,26.469471714404662],[-11.55431554315544,26.40176757970707],[-11.583115831158295,26.360103496816237],[-11.6371163711637,26.2958713690262],[-11.683916839168376,26.214279206698336],[-11.698316983169832,26.162199103084802],[-11.719917199171988,26.10491098910991],[-11.755917559175572,26.08581495111828],[-11.881918819188172,26.07019092003422],[-11.961119611196096,26.05109488204259],[-12.029520295202957,26.030262840597175],[-12.058320583205813,25.995542771521485],[-12.061920619206177,25.990334761160128],[-12.079920799207997,25.92089462300875],[-12.079920799207997,25.870550522849],[-12.101521015210153,25.830622443411954],[-12.130321303213037,25.73167024654623],[-12.169921699216985,25.63966206349565],[-12.202322023220233,25.519877825184523],[-12.231122311223118,25.4209256283188],[-12.270722707227065,25.25947730711684],[-12.310323103231013,25.110181010091367],[-12.360723607236054,24.969564730334824],[-12.40032400324003,24.8810285541918],[-12.432724327243278,24.830684454032053],[-12.50112501125011,24.769924333149604],[-12.562325623256214,24.731732257166342],[-12.630726307263075,24.679652153552794],[-12.709927099270999,24.631044056846832],[-12.821528215282143,24.57028393596437],[-12.91152911529116,24.51993983580462],[-12.947529475294743,24.49737179090542],[-12.990729907299055,24.469595735644873],[-13.06273062730628,24.400155597493494],[-13.12033120331202,24.30120340062777],[-13.159931599315996,24.219611238299905],[-13.231932319323192,24.09114698271985],[-13.282332823328233,24.01997084111467],[-13.311133111331117,23.981778765131423],[-13.390333903339041,23.941850685694376],[-13.480334803348029,23.910602623526245],[-13.58113581135811,23.870674544089212],[-13.660336603366034,23.830746464652165],[-13.771937719377178,23.79081838521512],[-13.840338403384038,23.75089030577807],[-13.890738907389078,23.691866188349394],[-13.930339303393026,23.62069004674423],[-13.980739807398066,23.520001846424734],[-14.020340203402014,23.410633628836308],[-14.041940419404199,23.341193490684915],[-14.099540995409939,23.099889010608877],[-14.121141211412095,22.961008734306105],[-14.142741427414279,22.87073655470931],[-14.171541715417135,22.7596323336671],[-14.189541895418955,22.591239998649996],[-14.189541895418955,22.450623718893453],[-14.211142111421111,22.37076756001936],[-14.221942219422175,22.31000743913691],[-14.272342723427215,22.240567300985532],[-14.311943119431191,22.19022320082577],[-14.380343803438024,22.12078306267439],[-14.441544415444156,22.080854983237344],[-14.459544595445948,22.040926903800298],[-14.52074520745208,21.99058280364055],[-14.581945819458184,21.91072664476647],[-14.632346323463224,21.860382544606708],[-14.62154621546216,21.82045446516966],[-14.610746107461068,21.751014327018282],[-14.639546395463952,21.679838185413118],[-14.6719467194672,21.599982026539024],[-14.751147511475097,21.501029829673314],[-14.841148411484113,21.450685729513566],[-14.970749707497077,21.44026970879085],[-15.150751507515082,21.44026970879085],[-15.29115291152911,21.450685729513566],[-15.460354603546023,21.450685729513566],[-15.611556115561143,21.469781767505197],[-15.7519575195752,21.4906138089506],[-15.921159211592112,21.501029829673314],[-16.039960399603984,21.501029829673314],[-16.191161911619105,21.480197788227898],[-16.579965799657998,21.480197788227898],[-16.73116731167312,21.469781767505197],[-16.95076950769507,21.42985368806815],[-17.004770047700475,21.42117367079922],[-16.929169291692915,21.900310624043755],[-16.792367923679222,22.158975138657652],[-16.684366843668442,22.273551366607435],[-16.5151651516515,22.334311487489884],[-16.360363603636017,22.594712005557568],[-16.302763027630277,22.834280482179835],[-16.201962019620197,22.945384703222047],[-16.16956169561695,23.03218487591127],[-16.209162091620897,23.09815300715509],[-16.11196111961118,23.228353266188932],[-15.996759967599672,23.426257659920367],[-15.942759427594268,23.552985912046637],[-15.805958059580604,23.749154302324285],[-15.787957879578784,23.792554388668904],[-15.80235802358024,23.842898488828652],[-15.856358563585644,23.799498402484033],[-15.913959139591384,23.72832226087887],[-15.982359823598216,23.671034146903978],[-15.95355953559536,23.74047428505537],[-15.899558995589956,23.844634492282438],[-15.77715777157772,23.952266706417078],[-15.586355863558623,24.07205094472822],[-15.19035190351903,24.478275752913788],[-15.03915039150391,24.549451894518967],[-14.905949059490581,24.71958023298984],[-14.85554855548554,24.872348536922885],[-14.841148411484113,25.219549227679792],[-14.794347943479437,25.403565593780954],[-14.707947079470785,25.54765388044507],[-14.60354603546034,25.808054398512752],[-14.524345243452416,25.926102633370093],[-14.47034470344704,26.162199103084802],[-14.412744127441272,26.254207286135383],[-14.311943119431191,26.2958713690262],[-14.1679416794168,26.415655607337342],[-13.951939519395182,26.488567752396293],[-13.696336963369617,26.64307205978311],[-13.577535775357745,26.73508024283369],[-13.494734947349457,26.872224515682674],[-13.408334083340833,27.14651306138063],[-13.257132571325712,27.43468963470886],[-13.177931779317788,27.651690066431925],[-13.174331743317424,27.655162073339497],[-13.041130411304096,27.76973830128928],[-12.947529475294743,27.913826587953395],[-12.792727927279259,27.97805871574343],[-12.468724687246862,28.009306777911547],[-11.986319863198617,28.129091016222674],[-11.55431554315544,28.309635375416264],[-11.431914319143175,28.382547520475214],[-11.298712987129875,28.526635807139343],[-11.082710827108258,28.714124180148062],[-10.672306723067237,28.939804629140056],[-10.485104851048504,29.06479687781254],[-10.200702007020055,29.38074950640133],[-10.009900099000987,29.641150024469013],[-9.851498514985138,29.809542359486116],[-9.74349743497433,29.95883865651159],[-9.66789667896677,30.109870956990832],[-9.624696246962458,30.35291144052067],[-9.653496534965342,30.448391630478824],[-9.772297722977214,30.60289593786564],[-9.855098550985502,30.644560020756472],[-9.876698766987658,30.717472165815423],[-9.833498334983346,30.847672424849264],[-9.833498334983346,31.069880866933687],[-9.808298082980826,31.424025571505737],[-9.675096750967498,31.71046614138018],[-9.347493474934737,32.08717889085142],[-9.286292862928633,32.23994719478446],[-9.25029250292502,32.486459685221874],[-9.246692466924657,32.5732598579111],[-8.836288362883636,32.920460548668004],[-8.595085950859499,33.18780508055082],[-8.51228512285121,33.25203720834085],[-8.299882998829986,33.373557450105764],[-7.561875618756176,33.64090198198859],[-7.144271442714427,33.830126358451096],[-6.899468994689954,33.96900663475387],[-6.755467554675533,34.13219095940961],[-6.352263522635212,34.77624824076368],[-5.956259562595619,35.68070604018541],[-5.923859238592371,35.78660225086628],[-5.74745747457473,35.81611430958061],[-5.62145621456213,35.8282663337571],[-5.52065520655205,35.86125039937902],[-5.3982539825398135,35.930690537530396],[-5.279452794527941,35.902914482269836],[-5.3370533705337095,35.85604238901766],[-5.3370533705337095,35.74493816797545],[-5.254252542525421,35.614737908941606],[-5.106651066510665,35.46717761536992],[-4.836648366483672,35.28142524581497],[-4.627846278462783,35.206777097302236],[-4.329043290432907,35.161641007503846],[-3.9834398343983253,35.24323316983171],[-3.789037890378893,35.2449691732855],[-3.6918369183691766,35.27968924236119],[-3.5910359103590963,35.22760913874765],[-3.3930339303393,35.211985107663594],[-3.205832058320567,35.23976116292414],[-3.0618306183061748,35.31788131834445],[-2.9718297182971867,35.40641749448746],[-2.9574295742957304,35.36301740814285],[-2.9538295382953663,35.314409311436876],[-2.9250292502925106,35.28663325617633],[-2.8710287102871064,35.17205702822655],[-2.838628386283858,35.12865694188193],[-2.7306273062730497,35.13560095569707],[-2.6370263702636976,35.11303291079787],[-2.4246242462424448,35.123448931520585],[-2.2194221942219485,35.104352893528954]]]}},{"type":"Feature","id":"732","properties":{"name":"W. Sahara"},"geometry":{"type":"Polygon","coordinates":[[[-8.685086850868515,27.656898076793283],[-8.685086850868515,27.490241745229966],[-8.685086850868515,27.285393337683388],[-8.681486814868151,27.11873700612007],[-8.681486814868151,26.920832612388637],[-8.681486814868151,26.722928218657202],[-8.681486814868151,26.497247769665208],[-8.681486814868151,26.273303324127014],[-8.681486814868151,26.110118999471254],[-8.681486814868151,25.995542771521485],[-8.886688866888676,25.995542771521485],[-9.070290702907016,25.995542771521485],[-9.257492574925749,25.995542771521485],[-9.444694446944453,25.995542771521485],[-9.631896318963186,25.995542771521485],[-9.815498154981555,25.995542771521485],[-10.002700027000259,25.995542771521485],[-10.189901899018992,25.995542771521485],[-10.377103771037696,25.995542771521485],[-10.560705607056065,25.995542771521485],[-10.747907479074797,25.995542771521485],[-10.935109351093502,25.995542771521485],[-11.122311223112234,25.995542771521485],[-11.309513095130939,25.995542771521485],[-11.493114931149307,25.995542771521485],[-11.680316803168012,25.995542771521485],[-11.867518675186744,25.995542771521485],[-12.0151201512015,25.995542771521485],[-12.0151201512015,25.875758533210345],[-12.0151201512015,25.74035026381516],[-12.0151201512015,25.603205990966174],[-12.0151201512015,25.467797721570975],[-12.0151201512015,25.33238945217579],[-12.0151201512015,25.195245179326804],[-12.0151201512015,25.05983690993162],[-12.0151201512015,24.922692637082633],[-12.0151201512015,24.787284367687448],[-12.0151201512015,24.650140094838463],[-12.0151201512015,24.514731825443263],[-12.0151201512015,24.379323556048078],[-12.0151201512015,24.242179283199093],[-12.0151201512015,24.106771013803908],[-12.0151201512015,23.969626740954922],[-12.0151201512015,23.834218471559737],[-12.0151201512015,23.69707419871075],[-12.0151201512015,23.577289960399625],[-12.022320223202229,23.4679217428112],[-12.083520835208333,23.434937677189282],[-12.227522275222753,23.37764956321439],[-12.371523715237146,23.318625445785727],[-12.558725587255879,23.290849390525167],[-12.619926199261982,23.271753352533537],[-12.738727387273855,23.191897193659457],[-12.897128971289703,23.08947298988616],[-13.030330303303032,23.000936813743152],[-13.12033120331202,22.884624582339583],[-13.152731527315268,22.820392454549562],[-13.167131671316696,22.75268831985197],[-13.156331563315632,22.688456192061935],[-13.105931059310592,22.55999193648188],[-13.0951309513095,22.495759808691858],[-13.0879308793088,22.38291958419586],[-13.077130771307708,22.25966333897715],[-13.06993069930698,22.127727076489535],[-13.059130591305916,21.995790814001907],[-13.051930519305188,21.855174534245364],[-13.041130411304096,21.714558254488807],[-13.033930339303396,21.57220597127848],[-13.026730267302668,21.466309760597625],[-13.015930159301575,21.334373498109997],[-13.167131671316696,21.334373498109997],[-13.39753397533974,21.334373498109997],[-13.624336243362421,21.33263749465621],[-13.854738547385466,21.33263749465621],[-14.08514085140851,21.33263749465621],[-14.315543155431556,21.33263749465621],[-14.542345423454236,21.33263749465621],[-14.772747727477281,21.33263749465621],[-15.003150031500297,21.330901491202425],[-15.229952299522978,21.330901491202425],[-15.460354603546023,21.330901491202425],[-15.690756907569067,21.330901491202425],[-15.917559175591748,21.330901491202425],[-16.147961479614793,21.330901491202425],[-16.378363783637838,21.32916548774864],[-16.608766087660882,21.32916548774864],[-16.835568355683563,21.32916548774864],[-16.9651696516965,21.32916548774864],[-17.004770047700475,21.141677114739906],[-17.04077040770406,21.008004848798507],[-17.062370623706244,20.89863663121008],[-17.047970479704787,20.8066284481595],[-17.098370983709827,20.85697254831925],[-17.00837008370084,21.377773584454616],[-17.004770047700475,21.42117367079922],[-16.95076950769507,21.42985368806815],[-16.73116731167312,21.469781767505197],[-16.579965799657998,21.480197788227898],[-16.191161911619105,21.480197788227898],[-16.039960399603984,21.501029829673314],[-15.921159211592112,21.501029829673314],[-15.7519575195752,21.4906138089506],[-15.611556115561143,21.469781767505197],[-15.460354603546023,21.450685729513566],[-15.29115291152911,21.450685729513566],[-15.150751507515082,21.44026970879085],[-14.970749707497077,21.44026970879085],[-14.841148411484113,21.450685729513566],[-14.751147511475097,21.501029829673314],[-14.6719467194672,21.599982026539024],[-14.639546395463952,21.679838185413118],[-14.610746107461068,21.751014327018282],[-14.62154621546216,21.82045446516966],[-14.632346323463224,21.860382544606708],[-14.581945819458184,21.91072664476647],[-14.52074520745208,21.99058280364055],[-14.459544595445948,22.040926903800298],[-14.441544415444156,22.080854983237344],[-14.380343803438024,22.12078306267439],[-14.311943119431191,22.19022320082577],[-14.272342723427215,22.240567300985532],[-14.221942219422175,22.31000743913691],[-14.211142111421111,22.37076756001936],[-14.189541895418955,22.450623718893453],[-14.189541895418955,22.591239998649996],[-14.171541715417135,22.7596323336671],[-14.142741427414279,22.87073655470931],[-14.121141211412095,22.961008734306105],[-14.099540995409939,23.099889010608877],[-14.041940419404199,23.341193490684915],[-14.020340203402014,23.410633628836308],[-13.980739807398066,23.520001846424734],[-13.930339303393026,23.62069004674423],[-13.890738907389078,23.691866188349394],[-13.840338403384038,23.75089030577807],[-13.771937719377178,23.79081838521512],[-13.660336603366034,23.830746464652165],[-13.58113581135811,23.870674544089212],[-13.480334803348029,23.910602623526245],[-13.390333903339041,23.941850685694376],[-13.311133111331117,23.981778765131423],[-13.282332823328233,24.01997084111467],[-13.231932319323192,24.09114698271985],[-13.159931599315996,24.219611238299905],[-13.12033120331202,24.30120340062777],[-13.06273062730628,24.400155597493494],[-12.990729907299055,24.469595735644873],[-12.947529475294743,24.49737179090542],[-12.91152911529116,24.51993983580462],[-12.821528215282143,24.57028393596437],[-12.709927099270999,24.631044056846832],[-12.630726307263075,24.679652153552794],[-12.562325623256214,24.731732257166342],[-12.50112501125011,24.769924333149604],[-12.432724327243278,24.830684454032053],[-12.40032400324003,24.8810285541918],[-12.360723607236054,24.969564730334824],[-12.310323103231013,25.110181010091367],[-12.270722707227065,25.25947730711684],[-12.231122311223118,25.4209256283188],[-12.202322023220233,25.519877825184523],[-12.169921699216985,25.63966206349565],[-12.130321303213037,25.73167024654623],[-12.101521015210153,25.830622443411954],[-12.079920799207997,25.870550522849],[-12.079920799207997,25.92089462300875],[-12.061920619206177,25.990334761160128],[-12.058320583205813,25.995542771521485],[-12.029520295202957,26.030262840597175],[-11.961119611196096,26.05109488204259],[-11.881918819188172,26.07019092003422],[-11.755917559175572,26.08581495111828],[-11.719917199171988,26.10491098910991],[-11.698316983169832,26.162199103084802],[-11.683916839168376,26.214279206698336],[-11.6371163711637,26.2958713690262],[-11.583115831158295,26.360103496816237],[-11.55431554315544,26.40176757970707],[-11.5111151111511,26.469471714404662],[-11.471514715147151,26.51981581456441],[-11.399513995139955,26.584047942354445],[-11.338313383133823,26.632656039060407],[-11.316713167131667,26.68473614267394],[-11.316713167131667,26.745496263556404],[-11.359913599135979,26.794104360262367],[-11.392313923139227,26.882640536405376],[-11.262712627126263,26.910416591665935],[-11.151111511115118,26.941664653834053],[-11.046710467104674,26.971176712548385],[-10.924309243092438,27.01110479198543],[-10.830708307083057,27.01110479198543],[-10.758707587075861,27.01978480925436],[-10.654306543065417,27.00068877126273],[-10.549905499054972,26.990272750540015],[-10.477904779047776,26.960760691825683],[-10.35550355503554,26.901736574397006],[-10.251102511025096,26.860072491506187],[-10.189901899018992,26.860072491506187],[-10.121501215012131,26.88090453295159],[-10.067500675006755,26.90868058821215],[-10.031500315003143,26.910416591665935],[-9.981099810998103,26.88958455022052],[-9.901899018990179,26.849656470783472],[-9.81909819098189,26.849656470783472],[-9.73629736297363,26.860072491506187],[-9.675096750967498,26.910416591665935],[-9.570695706957054,26.990272750540015],[-9.487894878948794,27.05103287142248],[-9.412294122941233,27.08922494740574],[-9.354693546935465,27.09790496467467],[-9.286292862928633,27.09790496467467],[-9.207092070920709,27.09964096812844],[-9.084690846908472,27.090960950859525],[-9.001890018900184,27.090960950859525],[-8.890288902889012,27.104848978489798],[-8.793087930879295,27.120473009573857],[-8.753487534875347,27.15172107174199],[-8.753487534875347,27.19164915117902],[-8.775087750877503,27.2506732686077],[-8.79668796687966,27.30796138258259],[-8.803888038880388,27.36177748964991],[-8.789487894878931,27.417329600171016],[-8.775087750877503,27.460729686515634],[-8.785887858878596,27.530169824667013],[-8.814688146881451,27.613497990448664],[-8.818288182881815,27.655162073339497],[-8.818288182881815,27.656898076793283],[-8.685086850868515,27.656898076793283]]]}},{"type":"Feature","id":"480","properties":{"name":"Mauritius"},"geometry":{"type":"Polygon","coordinates":[[[57.6527765277653,-20.48421370010574],[57.52317523175233,-20.513725758820073],[57.382773827738276,-20.50330973809737],[57.32877328773287,-20.44949363103005],[57.31797317973181,-20.42692558613085],[57.364773647736484,-20.406093544685433],[57.36117361173612,-20.33838940998784],[57.38637386373864,-20.229021192399415],[57.415174151741525,-20.18388510260101],[57.48717487174872,-20.143957023163964],[57.515975159751605,-20.055420847020955],[57.57717577175774,-19.99639672959229],[57.65637656376563,-19.989452715777148],[57.73557735577356,-20.098820933365573],[57.793177931779326,-20.213397161315356],[57.78237782377823,-20.326237385811353],[57.724777247772494,-20.369637472155958],[57.70677706777067,-20.43560560339978],[57.6527765277653,-20.48421370010574]]]}},{"type":"Feature","id":"478","properties":{"name":"Mauritania"},"geometry":{"type":"MultiPolygon","coordinates":[[[[-16.374763747637473,19.706002258460103],[-16.435964359643577,19.608786065048164],[-16.46476464764646,19.646978141031425],[-16.475564755647554,19.711210268821446],[-16.42156421564215,19.801482448418255],[-16.392763927639265,19.850090545124218],[-16.342363423634225,19.865714576208276],[-16.374763747637473,19.706002258460103]]],[[[-12.281522815228158,14.80873651533392],[-12.303123031230314,14.817416532602834],[-12.407524075240758,14.888592674208013],[-12.461524615246134,14.975392846897236],[-12.544325443254422,15.039624974687257],[-12.659526595265959,15.08128905757809],[-12.735127351273519,15.131633157737838],[-12.771127711277103,15.187185268258943],[-12.814328143281415,15.223641340788419],[-12.857528575285755,15.242737378780049],[-12.86112861128612,15.26183341677168],[-12.850328503285027,15.28960947203224],[-12.86112861128612,15.339953572191988],[-12.929529295292951,15.452793796687985],[-12.99432994329942,15.504873900301519],[-13.048330483304824,15.49619388303259],[-13.080730807308072,15.510081910662876],[-13.098730987309864,15.53438595901585],[-13.105931059310592,15.572578034999111],[-13.141931419314176,15.603826097167243],[-13.206732067320672,15.617714124797516],[-13.257132571325712,15.701042290579167],[-13.29673296732966,15.853810594512211],[-13.3471334713347,15.973594832823338],[-13.408334083340833,16.05865900205879],[-13.455134551345509,16.091643067680693],[-13.487534875348757,16.09685107804205],[-13.498334983349821,16.110739105672323],[-13.505535055350549,16.13504315402531],[-13.55593555935559,16.143723171294226],[-13.624336243362421,16.117683119487467],[-13.685536855368554,16.126363136756382],[-13.714337143371438,16.168027219647215],[-13.75753757537575,16.173235230008558],[-13.811538115381154,16.13851516093287],[-13.869138691386894,16.148931181655584],[-13.93393933939339,16.202747288722904],[-13.969939699396974,16.256563395790224],[-13.973539735397338,16.310379502857543],[-14.08514085140851,16.418011716992183],[-14.3011430114301,16.579460038194142],[-14.535145351453508,16.655844190160664],[-14.787147871478709,16.645428169437963],[-14.927549275492737,16.65410818670688],[-14.959949599495985,16.678412235059866],[-14.992349923499233,16.67667623160608],[-15.021150211502118,16.64716417289175],[-15.053550535505337,16.640220159076605],[-15.08955089550895,16.65758019361445],[-15.111151111511106,16.645428169437963],[-15.121951219512198,16.60376408654713],[-15.211952119521186,16.582932045101714],[-15.381153811538098,16.581196041647928],[-15.517955179551791,16.556891993294954],[-15.622356223562235,16.506547893135192],[-15.769957699576992,16.485715851689775],[-15.96075960759606,16.49265986550492],[-16.072360723607233,16.510019900042764],[-16.11196111961118,16.53953195875711],[-16.16956169561695,16.54647597257224],[-16.23796237962378,16.53085194148818],[-16.302763027630277,16.450995782614086],[-16.35676356763568,16.30690749594997],[-16.403564035640358,16.225315333622106],[-16.43956439564394,16.20448329217669],[-16.479164791647918,16.09685107804205],[-16.500765007650074,15.918042722302232],[-16.536765367653658,15.838186563428152],[-16.536765367653658,16.286075454504555],[-16.482764827648282,16.454467789521658],[-16.46476464764646,16.602028083093344],[-16.34596345963459,16.92666072895105],[-16.209162091620897,17.19226925738009],[-16.07956079560796,17.54641396195214],[-16.02916029160292,17.88840664234769],[-16.047160471604712,18.22345530892811],[-16.08676086760866,18.52204790297904],[-16.151561515615157,18.718216293256702],[-16.21276212762126,19.00292085967736],[-16.30636306363064,19.153953160156618],[-16.475564755647554,19.285889422644246],[-16.5151651516515,19.362273574610768],[-16.475564755647554,19.390049629871314],[-16.37116371163711,19.41088167131673],[-16.30636306363064,19.513305875090012],[-16.443164431644306,19.473377795652965],[-16.284762847628457,19.78759442078797],[-16.234362343623417,20.001122845603476],[-16.241562415624145,20.14173912536002],[-16.209162091620897,20.228539298049242],[-16.335163351633497,20.416027671057975],[-16.428764287642878,20.65212414077267],[-16.479164791647918,20.69031621675593],[-16.529565295652958,20.709412254747562],[-16.533165331653322,20.653860144226456],[-16.561965619656178,20.60351604406671],[-16.62316623166231,20.634764106234826],[-16.727567275672754,20.8066284481595],[-16.87516875168751,21.0861250042188],[-16.929169291692915,21.115637062933146],[-16.972369723697227,21.0757089834961],[-16.997569975699747,21.039252910966624],[-17.047970479704787,20.8066284481595],[-17.062370623706244,20.89863663121008],[-17.04077040770406,21.008004848798507],[-17.004770047700475,21.141677114739906],[-16.9651696516965,21.32916548774864],[-16.835568355683563,21.32916548774864],[-16.608766087660882,21.32916548774864],[-16.378363783637838,21.32916548774864],[-16.147961479614793,21.330901491202425],[-15.917559175591748,21.330901491202425],[-15.690756907569067,21.330901491202425],[-15.460354603546023,21.330901491202425],[-15.229952299522978,21.330901491202425],[-15.003150031500297,21.330901491202425],[-14.772747727477281,21.33263749465621],[-14.542345423454236,21.33263749465621],[-14.315543155431556,21.33263749465621],[-14.08514085140851,21.33263749465621],[-13.854738547385466,21.33263749465621],[-13.624336243362421,21.33263749465621],[-13.39753397533974,21.334373498109997],[-13.167131671316696,21.334373498109997],[-13.015930159301575,21.334373498109997],[-13.026730267302668,21.466309760597625],[-13.033930339303396,21.57220597127848],[-13.041130411304096,21.714558254488807],[-13.051930519305188,21.855174534245364],[-13.059130591305916,21.995790814001907],[-13.06993069930698,22.127727076489535],[-13.077130771307708,22.25966333897715],[-13.0879308793088,22.38291958419586],[-13.0951309513095,22.495759808691858],[-13.105931059310592,22.55999193648188],[-13.156331563315632,22.688456192061935],[-13.167131671316696,22.75268831985197],[-13.152731527315268,22.820392454549562],[-13.12033120331202,22.884624582339583],[-13.030330303303032,23.000936813743152],[-12.897128971289703,23.08947298988616],[-12.738727387273855,23.191897193659457],[-12.619926199261982,23.271753352533537],[-12.558725587255879,23.290849390525167],[-12.371523715237146,23.318625445785727],[-12.227522275222753,23.37764956321439],[-12.083520835208333,23.434937677189282],[-12.022320223202229,23.4679217428112],[-12.0151201512015,23.577289960399625],[-12.0151201512015,23.69707419871075],[-12.0151201512015,23.834218471559737],[-12.0151201512015,23.969626740954922],[-12.0151201512015,24.106771013803908],[-12.0151201512015,24.242179283199093],[-12.0151201512015,24.379323556048078],[-12.0151201512015,24.514731825443263],[-12.0151201512015,24.650140094838463],[-12.0151201512015,24.787284367687448],[-12.0151201512015,24.922692637082633],[-12.0151201512015,25.05983690993162],[-12.0151201512015,25.195245179326804],[-12.0151201512015,25.33238945217579],[-12.0151201512015,25.467797721570975],[-12.0151201512015,25.603205990966174],[-12.0151201512015,25.74035026381516],[-12.0151201512015,25.875758533210345],[-12.0151201512015,25.995542771521485],[-11.867518675186744,25.995542771521485],[-11.680316803168012,25.995542771521485],[-11.493114931149307,25.995542771521485],[-11.309513095130939,25.995542771521485],[-11.122311223112234,25.995542771521485],[-10.935109351093502,25.995542771521485],[-10.747907479074797,25.995542771521485],[-10.560705607056065,25.995542771521485],[-10.377103771037696,25.995542771521485],[-10.189901899018992,25.995542771521485],[-10.002700027000259,25.995542771521485],[-9.815498154981555,25.995542771521485],[-9.631896318963186,25.995542771521485],[-9.444694446944453,25.995542771521485],[-9.257492574925749,25.995542771521485],[-9.070290702907016,25.995542771521485],[-8.886688866888676,25.995542771521485],[-8.681486814868151,25.995542771521485],[-8.681486814868151,26.110118999471254],[-8.681486814868151,26.273303324127014],[-8.681486814868151,26.497247769665208],[-8.681486814868151,26.722928218657202],[-8.681486814868151,26.920832612388637],[-8.681486814868151,27.11873700612007],[-8.685086850868515,27.285393337683388],[-8.494284942849418,27.176025120094963],[-8.307083070830714,27.06492089905275],[-8.119881198811981,26.95381667801054],[-7.932679326793249,26.84271245696833],[-7.74187741877418,26.733344239379903],[-7.554675546755448,26.622240018337706],[-7.367473674736743,26.511135797295495],[-7.180271802718011,26.40176757970707],[-6.989469894698942,26.290663358664858],[-6.8022680226802095,26.179559137622647],[-6.615066150661505,26.07019092003422],[-6.427864278642772,25.95908669899201],[-6.237062370623704,25.8479824779498],[-6.049860498604971,25.736878256907588],[-5.862658626586267,25.627510039319162],[-5.675456754567534,25.51640581827695],[-5.517055170551686,25.42439763522637],[-5.275852758527577,25.275101338200898],[-5.0490504905048965,25.13622106189814],[-4.822248222482216,24.995604782141584],[-5.171451714517133,24.995604782141584],[-5.63945639456395,24.995604782141584],[-5.959859598595983,24.995604782141584],[-6.287462874628744,24.995604782141584],[-6.593465934659349,24.993868778687798],[-6.568265682656829,24.76645232624203],[-6.539465394653945,24.518203832350835],[-6.510665106651061,24.269955338459653],[-6.481864818648177,24.01997084111467],[-6.4530645306452925,23.771722347223488],[-6.424264242642408,23.523473853332305],[-6.395463954639553,23.27522535944111],[-6.3666636666366685,23.026976865549926],[-6.337863378633784,22.776992368204944],[-6.312663126631264,22.52874387431376],[-6.28386283862838,22.280495380422565],[-6.255062550625496,22.032246886531382],[-6.226262262622612,21.782262389186414],[-6.197461974619728,21.534013895295217],[-6.168661686616872,21.285765401404035],[-6.139861398613988,21.03751690751284],[-6.111061110611104,20.78753241016787],[-6.0822608226082195,20.539283916276673],[-6.053460534605335,20.29103542238549],[-6.024660246602451,20.042786928494294],[-5.999459994599931,19.792802431149326],[-5.970659706597047,19.544553937258144],[-5.941859418594191,19.296305443366947],[-5.913059130591307,19.048056949475765],[-5.884258842588423,18.798072452130782],[-5.855458554585539,18.5498239582396],[-5.826658266582655,18.301575464348403],[-5.797857978579771,18.05332697045722],[-5.769057690576886,17.805078476566024],[-5.740257402574031,17.555093979221056],[-5.711457114571147,17.306845485329873],[-5.6862568625686265,17.058596991438677],[-5.657456574565742,16.810348497547494],[-5.628656286562858,16.56904401747144],[-5.509855098550986,16.44231576534517],[-5.3586535865358655,16.282603447596998],[-5.4018540185401775,16.05865900205879],[-5.455854558545582,15.789578466722176],[-5.51345513455135,15.49619388303259],[-5.72225722257221,15.49619388303259],[-5.927459274592735,15.49619388303259],[-6.13266132661326,15.49619388303259],[-6.33426334263342,15.49619388303259],[-6.539465394653945,15.49619388303259],[-6.74466744667447,15.49619388303259],[-6.94626946269463,15.49619388303259],[-7.151471514715155,15.49619388303259],[-7.356673566735651,15.49619388303259],[-7.558275582755812,15.49619388303259],[-7.763477634776336,15.49619388303259],[-7.968679686796861,15.49619388303259],[-8.170281702817022,15.49619388303259],[-8.375483754837546,15.49619388303259],[-8.580685806858071,15.49619388303259],[-8.782287822878232,15.49619388303259],[-8.987489874898756,15.49619388303259],[-9.178291782917825,15.49619388303259],[-9.293492934929333,15.503137896847733],[-9.336693366933673,15.525705941746935],[-9.351093510935101,15.676738242226193],[-9.387093870938713,15.668058224957264],[-9.426694266942661,15.622922135158873],[-9.448294482944817,15.574314038452897],[-9.441094410944117,15.511817914116662],[-9.448294482944817,15.458001807049328],[-9.577895778957782,15.437169765603926],[-9.754297542975422,15.40071369307445],[-9.941499414994155,15.37293763781389],[-10.12870128701286,15.383353658536606],[-10.193501935019356,15.395505682713093],[-10.261902619026188,15.41633772415851],[-10.413104131041308,15.437169765603926],[-10.492304923049232,15.440641772511484],[-10.585905859058585,15.43543376215014],[-10.697506975069757,15.423281737973639],[-10.733507335073341,15.395505682713093],[-10.81630816308163,15.28092945476331],[-10.895508955089554,15.150729195729468],[-10.949509495094958,15.150729195729468],[-11.007110071100698,15.223641340788419],[-11.16911169111691,15.359049610183618],[-11.367113671136707,15.536121962469636],[-11.45351453514536,15.624658138612645],[-11.5039150391504,15.636810162789146],[-11.597515975159752,15.572578034999111],[-11.676716767167676,15.511817914116662],[-11.759517595175936,15.425017741427425],[-11.799117991179912,15.34342557909956],[-11.827918279182796,15.244473382233835],[-11.842318423184224,15.129897154284052],[-11.871118711187108,14.994488884888867],[-11.93951939519394,14.886856670754227],[-12.022320223202229,14.805264508426347],[-12.079920799207997,14.767072432443086],[-12.105121051210517,14.744504387543884],[-12.281522815228158,14.80873651533392]]]]}},{"type":"Feature","id":"466","properties":{"name":"Mali"},"geometry":{"type":"Polygon","coordinates":[[[-11.388713887138863,12.404371731842332],[-11.381513815138135,12.479019880355068],[-11.449914499144995,12.531099983968602],[-11.449914499144995,12.557140035775376],[-11.442714427144267,12.62831617738054],[-11.413914139141383,12.775876470952227],[-11.417514175141747,12.831428581473332],[-11.388713887138863,12.942532802515544],[-11.435514355143539,12.991140899221506],[-11.442714427144267,13.027596971750981],[-11.493114931149307,13.086621089179658],[-11.547115471154711,13.16994925496131],[-11.56151561515614,13.237653389658917],[-11.583115831158295,13.28973349327245],[-11.633516335163335,13.36958965214653],[-11.673116731167312,13.381741676323031],[-11.759517595175936,13.393893700499518],[-11.773917739177392,13.367853648692758],[-11.802718027180276,13.327925569255711],[-11.831518315183132,13.31577354507921],[-11.878318783187837,13.364381641785187],[-11.896318963189628,13.406045724676005],[-11.896318963189628,13.444237800659266],[-11.957519575195732,13.510205931903087],[-12.054720547205477,13.633462177121785],[-12.043920439204385,13.734150377441296],[-11.982719827198252,13.787966484508615],[-11.96471964719646,13.829630567399434],[-11.961119611196096,13.874766657197839],[-11.986319863198617,13.930318767718944],[-12.018720187201865,13.975454857517335],[-12.011520115201137,14.072671050929273],[-12.018720187201865,14.206343316870687],[-12.069120691206905,14.27404745156828],[-12.112321123211217,14.322655548274241],[-12.17352173521735,14.376471655341561],[-12.227522275222753,14.45806381766944],[-12.205922059220597,14.570904042165438],[-12.187921879218777,14.64728819413196],[-12.281522815228158,14.80873651533392],[-12.105121051210517,14.744504387543884],[-12.079920799207997,14.767072432443086],[-12.022320223202229,14.805264508426347],[-11.93951939519394,14.886856670754227],[-11.871118711187108,14.994488884888867],[-11.842318423184224,15.129897154284052],[-11.827918279182796,15.244473382233835],[-11.799117991179912,15.34342557909956],[-11.759517595175936,15.425017741427425],[-11.676716767167676,15.511817914116662],[-11.597515975159752,15.572578034999111],[-11.5039150391504,15.636810162789146],[-11.45351453514536,15.624658138612645],[-11.367113671136707,15.536121962469636],[-11.16911169111691,15.359049610183618],[-11.007110071100698,15.223641340788419],[-10.949509495094958,15.150729195729468],[-10.895508955089554,15.150729195729468],[-10.81630816308163,15.28092945476331],[-10.733507335073341,15.395505682713093],[-10.697506975069757,15.423281737973639],[-10.585905859058585,15.43543376215014],[-10.492304923049232,15.440641772511484],[-10.413104131041308,15.437169765603926],[-10.261902619026188,15.41633772415851],[-10.193501935019356,15.395505682713093],[-10.12870128701286,15.383353658536606],[-9.941499414994155,15.37293763781389],[-9.754297542975422,15.40071369307445],[-9.577895778957782,15.437169765603926],[-9.448294482944817,15.458001807049328],[-9.441094410944117,15.511817914116662],[-9.448294482944817,15.574314038452897],[-9.426694266942661,15.622922135158873],[-9.387093870938713,15.668058224957264],[-9.351093510935101,15.676738242226193],[-9.336693366933673,15.525705941746935],[-9.293492934929333,15.503137896847733],[-9.178291782917825,15.49619388303259],[-8.987489874898756,15.49619388303259],[-8.782287822878232,15.49619388303259],[-8.580685806858071,15.49619388303259],[-8.375483754837546,15.49619388303259],[-8.170281702817022,15.49619388303259],[-7.968679686796861,15.49619388303259],[-7.763477634776336,15.49619388303259],[-7.558275582755812,15.49619388303259],[-7.356673566735651,15.49619388303259],[-7.151471514715155,15.49619388303259],[-6.94626946269463,15.49619388303259],[-6.74466744667447,15.49619388303259],[-6.539465394653945,15.49619388303259],[-6.33426334263342,15.49619388303259],[-6.13266132661326,15.49619388303259],[-5.927459274592735,15.49619388303259],[-5.72225722257221,15.49619388303259],[-5.51345513455135,15.49619388303259],[-5.455854558545582,15.789578466722176],[-5.4018540185401775,16.05865900205879],[-5.3586535865358655,16.282603447596998],[-5.509855098550986,16.44231576534517],[-5.628656286562858,16.56904401747144],[-5.657456574565742,16.810348497547494],[-5.6862568625686265,17.058596991438677],[-5.711457114571147,17.306845485329873],[-5.740257402574031,17.555093979221056],[-5.769057690576886,17.805078476566024],[-5.797857978579771,18.05332697045722],[-5.826658266582655,18.301575464348403],[-5.855458554585539,18.5498239582396],[-5.884258842588423,18.798072452130782],[-5.913059130591307,19.048056949475765],[-5.941859418594191,19.296305443366947],[-5.970659706597047,19.544553937258144],[-5.999459994599931,19.792802431149326],[-6.024660246602451,20.042786928494294],[-6.053460534605335,20.29103542238549],[-6.0822608226082195,20.539283916276673],[-6.111061110611104,20.78753241016787],[-6.139861398613988,21.03751690751284],[-6.168661686616872,21.285765401404035],[-6.197461974619728,21.534013895295217],[-6.226262262622612,21.782262389186414],[-6.255062550625496,22.032246886531382],[-6.28386283862838,22.280495380422565],[-6.312663126631264,22.52874387431376],[-6.337863378633784,22.776992368204944],[-6.3666636666366685,23.026976865549926],[-6.395463954639553,23.27522535944111],[-6.424264242642408,23.523473853332305],[-6.4530645306452925,23.771722347223488],[-6.481864818648177,24.01997084111467],[-6.510665106651061,24.269955338459653],[-6.539465394653945,24.518203832350835],[-6.568265682656829,24.76645232624203],[-6.593465934659349,24.993868778687798],[-6.287462874628744,24.995604782141584],[-5.959859598595983,24.995604782141584],[-5.63945639456395,24.995604782141584],[-5.171451714517133,24.995604782141584],[-4.822248222482216,24.995604782141584],[-4.516245162451611,24.804644402225293],[-4.23904239042389,24.624100043031703],[-3.911439114391129,24.40883561476241],[-3.583835838358368,24.195307189946917],[-3.256232562325607,23.981778765131423],[-2.9286292862928462,23.76651433686213],[-2.6046260462604494,23.552985912046637],[-2.2770227702276884,23.339457487231144],[-1.9494194941949274,23.12419305896185],[-1.6218162181621665,22.910664634146357],[-1.2942129421294055,22.697136209330864],[-0.9666096660966446,22.48187178106157],[-0.6390063900638836,22.268343356246078],[-0.31140311403112264,22.054814931430585],[0.01620016200163832,21.83955050316129],[0.3438034380343993,21.626022078345798],[0.6714067140671602,21.412493653530305],[0.9990099900999212,21.19722922526101],[1.1466114661146776,21.101749035302873],[1.1574115741157414,21.061820955865826],[1.1718117181171976,20.981964796991733],[1.1646116461164695,20.891692617394938],[1.1646116461164695,20.8170444688822],[1.2078120781207815,20.766700368722454],[1.2906129061290699,20.712884261655134],[1.6110161101611027,20.554907947360732],[1.6362163621636228,20.523659885192615],[1.647016470164715,20.459427757402594],[1.686616866168663,20.377835595074714],[1.755017550175495,20.330963501822538],[1.8342183421834193,20.29624343274685],[1.9278192781927999,20.27193938439386],[2.2194221942219485,20.247635336040872],[2.280622806228081,20.20944326005761],[2.4066240662406813,20.06361896993971],[2.4750247502475133,20.035842914679165],[2.669426694266946,19.992442828334546],[2.8062280622806384,19.969874783435344],[2.8674286742867423,19.95598675580507],[2.9934299342993427,19.916058676368024],[3.1302313023130353,19.850090545124218],[3.2022320223202314,19.789330424241754],[3.2022320223202314,19.770234386250124],[3.2022320223202314,19.71815428263659],[3.2022320223202314,19.560177968342202],[3.2274322743227515,19.473377795652965],[3.2562325623256356,19.41088167131673],[3.2526325263252716,19.37268959533347],[3.2202322023220233,19.34491354007291],[3.191431914319139,19.311929474451006],[3.1770317703177113,19.2685293881064],[3.1374313743137634,19.212977277585296],[3.105031050310515,19.150481153249046],[3.119431194311943,19.10360905999687],[3.1734317343173473,19.07236099782874],[3.2562325623256356,19.013336880400075],[3.3246332463324677,18.989032832047087],[3.357033570335716,18.9872968285933],[3.400234002340028,18.989032832047087],[3.439834398343976,18.99597684586223],[3.684636846368477,19.04111293566062],[3.9114391143911575,19.08451302200524],[4.228242282422826,19.143537139433903],[4.228242282422826,18.96820079060167],[4.228242282422826,18.704328265626415],[4.228242282422826,18.41094368193683],[4.23184231842319,18.140127143146444],[4.23184231842319,17.831118528372798],[4.23184231842319,17.582870034481616],[4.235442354423554,17.287749447338243],[4.235442354423554,16.99610086710244],[4.203042030420306,16.963116801480524],[4.192241922419242,16.798196473370993],[4.18144181441815,16.581196041647928],[4.120241202412018,16.35725159610972],[4.015840158401602,16.19233126800019],[3.9762397623976256,16.036090957159587],[3.9474394743947414,15.945818777562792],[3.9078390783907935,15.89721068085683],[3.8970389703897013,15.838186563428152],[3.8754387543875453,15.754858397646487],[3.843038430384297,15.701042290579167],[3.817838178381777,15.673266235318621],[3.709837098370997,15.64201817315049],[3.5190351903519,15.482305855402316],[3.5046350463504723,15.355577603276046],[3.288632886328884,15.390297672351736],[3.061830618306203,15.42675374488121],[3.029430294302955,15.425017741427425],[3.011430114301163,15.40765770688958],[3.000630006300071,15.341689575645773],[2.691026910269102,15.329537551469286],[2.421024210242109,15.320857534200357],[2.089820898208984,15.30870551002387],[1.8594185941859394,15.301761496208726],[1.5678156781567907,15.286137465124668],[1.3014130141301337,15.272249437494395],[1.1214112141121575,15.126425147376494],[0.9594095940959448,14.987544871073723],[0.948609486094881,14.982336860712365],[0.7182071820718363,14.95456080545182],[0.43380433804338736,14.978864853804808],[0.286202862028631,14.980600857258594],[0.2286022860228627,14.963240822720735],[0.2178021780217989,14.911160719107201],[0.009000090000910177,14.984072864166151],[-0.23580235802356242,15.058721012678888],[-0.4050040500405032,15.011848919426711],[-0.43380433804338736,15.029208953964556],[-0.45540455404554336,15.060457016132673],[-0.5382053820538033,15.077817050670518],[-0.6678066780667677,15.069137033401603],[-0.7614076140761483,15.048304991956186],[-0.9090090900909047,14.937200770913975],[-1.0206102061020488,14.841720580955823],[-1.049410494104933,14.81915253605662],[-1.2042120421204174,14.761864422081729],[-1.492214922149202,14.626456152686544],[-1.6578165781657788,14.52750395582082],[-1.6938169381693626,14.508407917829189],[-1.7694176941769229,14.48583987293],[-1.8810188101880954,14.480631862568643],[-1.9746197461974475,14.456327814215655],[-2.057420574205736,14.194191292694185],[-2.115021150211504,14.168151240887426],[-2.457024570245693,14.27404745156828],[-2.525425254252525,14.25842342048422],[-2.5866258662586574,14.227175358316103],[-2.777427774277726,14.074407054383059],[-2.8746287462874704,13.95115080916436],[-2.9250292502925106,13.78623048105483],[-2.9178291782917825,13.735886380895067],[-2.9178291782917825,13.680334270373962],[-2.9502295022950307,13.649086208205844],[-2.9970299702997067,13.636934184029357],[-3.0402304023040188,13.638670187483143],[-3.1986319863198673,13.673390256558832],[-3.2490324903249075,13.657766225474774],[-3.2706327063270635,13.57791006660068],[-3.2670326703266994,13.400837714314662],[-3.3030330303302833,13.281053476003521],[-3.396633966339664,13.24286140002026],[-3.46863468634686,13.195989306768084],[-3.5262352623526283,13.182101279137811],[-3.5766357663576684,13.194253303314298],[-3.8538385383853893,13.373061659054102],[-3.9474394743947414,13.402573717768448],[-4.051840518405186,13.381741676323031],[-4.152641526415266,13.30535752435651],[-4.195841958419578,13.256749427650547],[-4.25704257042571,13.19772531022187],[-4.329043290432907,13.119605154801562],[-4.311043110431086,13.05190102010397],[-4.260642606426046,12.975516868137447],[-4.224642246422462,12.880036678179295],[-4.228242282422826,12.793236505490071],[-4.480244802448027,12.671716263725145],[-4.458644586445871,12.630052180834326],[-4.422644226442259,12.58144408412835],[-4.422644226442259,12.492907907985341],[-4.429844298442987,12.338403600598525],[-4.480244802448027,12.281115486623634],[-4.545045450454495,12.227299379556314],[-4.588245882458807,12.154387234497364],[-4.627846278462783,12.119667165421674],[-4.6998469984699796,12.076267079077056],[-4.797047970479696,12.032866992732437],[-4.969849698496972,11.992938913295404],[-5.106651066510665,11.96689886148863],[-5.157051570515705,11.942594813135642],[-5.229052290522901,11.890514709522108],[-5.286652866528669,11.828018585185873],[-5.301053010530097,11.760314450488266],[-5.290252902529005,11.683930298521744],[-5.268652686526849,11.619698170731724],[-5.243452434524329,11.576298084387105],[-5.229052290522901,11.522481977319785],[-5.250652506525057,11.374921683748099],[-5.301053010530097,11.206529348730996],[-5.347853478534773,11.130145196764488],[-5.4234542345423336,11.088481113873655],[-5.491854918549166,11.041609020621465],[-5.47025470254701,10.930504799579253],[-5.455854558545582,10.77079248183108],[-5.477454774547738,10.64406422970481],[-5.477454774547738,10.565944074284502],[-5.506255062550622,10.48261590850285],[-5.524255242552414,10.42532779452796],[-5.556655566555662,10.439215822158232],[-5.693456934569326,10.434007811796889],[-5.844658446584447,10.388871721998484],[-5.895058950589487,10.354151652922795],[-5.905859058590579,10.307279559670604],[-5.941859418594191,10.274295494048701],[-5.988659886598867,10.239575424973012],[-6.0354603546035435,10.194439335174621],[-6.118261182611832,10.20138334898975],[-6.197461974619728,10.232631411157882],[-6.237062370623704,10.262143469872214],[-6.240662406624068,10.279503504410059],[-6.215462154621548,10.322903590754677],[-6.193861938619392,10.369775684006854],[-6.190261902619028,10.401023746174971],[-6.219062190621912,10.475671894687707],[-6.240662406624068,10.557264057015587],[-6.229862298622976,10.597192136452634],[-6.251462514625132,10.718712378217546],[-6.262262622626224,10.723920388578904],[-6.3666636666366685,10.692672326410772],[-6.402664026640252,10.685728312595643],[-6.424264242642408,10.67184028496537],[-6.4314643146431365,10.649272240066168],[-6.406264062640616,10.572888088099646],[-6.424264242642408,10.559000060469373],[-6.481864818648177,10.560736063923159],[-6.564665646656465,10.586776115729919],[-6.654666546665453,10.656216253881297],[-6.676266762667609,10.633648208982109],[-6.687066870668701,10.578096098461003],[-6.690666906669065,10.512127967217182],[-6.669066690666909,10.392343728906056],[-6.6942669426694295,10.348943642561437],[-6.751867518675169,10.357623659830367],[-6.834668346683458,10.357623659830367],[-6.90306903069029,10.345471635653865],[-6.949869498694994,10.341999628746308],[-6.97866978669785,10.300335545855475],[-6.993069930699306,10.251727449149499],[-6.964269642696422,10.197911342082179],[-6.967869678696786,10.177079300636777],[-6.989469894698942,10.15624725919136],[-7.018270182701826,10.14409523501486],[-7.039870398703982,10.14409523501486],[-7.10467104671045,10.203119352443537],[-7.183871838718375,10.225687397342739],[-7.363873638736379,10.258671462964642],[-7.385473854738535,10.340263625292522],[-7.414274142741419,10.341999628746308],[-7.457474574745731,10.383663711637126],[-7.497074970749708,10.439215822158232],[-7.533075330753292,10.437479818704446],[-7.561875618756176,10.421855787620387],[-7.662676626766256,10.427063797981745],[-7.7490774907749085,10.341999628746308],[-7.8138781387813765,10.23610341806544],[-7.885878858788573,10.185759317905692],[-7.961479614796133,10.16319127300649],[-7.990279902799017,10.16319127300649],[-7.975879758797589,10.22915940425031],[-7.986679866798653,10.277767500956273],[-8.008280082800809,10.321167587300891],[-8.231482314823154,10.437479818704446],[-8.267482674826738,10.486087915410423],[-8.299882998829986,10.61802417789805],[-8.325083250832506,10.749960440385664],[-8.321483214832142,10.826344592352186],[-8.307083070830714,10.895784730503564],[-8.314283142831414,10.949600837570884],[-8.33588335883357,10.991264920461717],[-8.40428404284043,11.029456996444978],[-8.476284762847627,11.048553034436608],[-8.56268562685625,10.996472930823074],[-8.605886058860591,10.987792913554145],[-8.645486454864539,10.991264920461717],[-8.667086670866695,11.008624954999561],[-8.66348663486633,11.036401010260121],[-8.566285662856615,11.177017290016664],[-8.519485194851939,11.236041407445342],[-8.46188461884617,11.281177497243732],[-8.425884258842586,11.30548154559672],[-8.400684006840066,11.34020161467241],[-8.397083970839702,11.366241666479183],[-8.407884078840794,11.3870737079246],[-8.469084690846898,11.411377756277574],[-8.569885698856979,11.477345887521395],[-8.620286202862019,11.484289901336524],[-8.66348663486633,11.515537963504656],[-8.710287102871035,11.617962167277938],[-8.731887318873191,11.637058205269568],[-8.778687786877867,11.64747422599227],[-8.82188821888218,11.673514277799043],[-8.818288182881815,11.807186543740457],[-8.818288182881815,11.921762771690226],[-8.915489154891532,12.109251144698959],[-8.951489514895144,12.225563376102528],[-8.99828998289982,12.345347614413654],[-9.041490414904132,12.402635728388546],[-9.120691206912056,12.449507821640736],[-9.214292142921437,12.48249188726264],[-9.30069300693006,12.48943590107777],[-9.365493654936557,12.479019880355068],[-9.394293942939413,12.465131852724795],[-9.394293942939413,12.442563807825593],[-9.340293402934037,12.36617965585907],[-9.333093330933309,12.324515572968238],[-9.340293402934037,12.28285149007742],[-9.35829358293583,12.25507543481686],[-9.405094050940505,12.251603427909288],[-9.487894878948794,12.2290353830101],[-9.588695886958874,12.18216328975791],[-9.657096570965706,12.143971213774648],[-9.714697146971474,12.043283013455152],[-9.754297542975422,12.02939498582488],[-9.81909819098189,12.043283013455152],[-10.009900099000987,12.116195158514103],[-10.168301683016836,12.176955279396552],[-10.276302763027616,12.213411351926027],[-10.341103411034112,12.190843307026839],[-10.373503735037332,12.178691282850338],[-10.467104671046712,12.138763203413305],[-10.589505895058949,11.989466906387833],[-10.618306183061833,11.940858809681856],[-10.643506435064353,11.925234778597797],[-10.675906759067573,11.899194726791038],[-10.708307083070821,11.899194726791038],[-10.733507335073341,11.916554761328882],[-10.744307443074433,11.926970782051583],[-10.805508055080537,12.034602996186223],[-10.877508775087733,12.152651231043578],[-10.931509315093138,12.204731334657112],[-11.003510035100334,12.208203341564683],[-11.064710647106466,12.170011265581422],[-11.129511295112934,12.095363117068686],[-11.208712087120858,12.024186975463522],[-11.259112591125898,12.003354934018105],[-11.305913059130575,12.015506958194592],[-11.413914139141383,12.104043134337601],[-11.493114931149307,12.16653925867385],[-11.5039150391504,12.197787320841968],[-11.475114751147515,12.246395417547944],[-11.446314463144631,12.319307562606895],[-11.417514175141747,12.378331680035558],[-11.388713887138863,12.404371731842332]]]}},{"type":"Feature","id":"454","properties":{"name":"Malawi"},"geometry":{"type":"MultiPolygon","coordinates":[[[[34.72054720547206,-12.111469042502918],[34.684546845468475,-12.118413056318047],[34.66294662946629,-12.101053021780203],[34.666546665466655,-12.047236914712883],[34.68094680946811,-12.009044838729622],[34.71334713347133,-12.002100824914493],[34.73854738547385,-12.012516845637194],[34.75654756547567,-12.031612883628824],[34.75654756547567,-12.05938893888937],[34.74574745747458,-12.088900997603716],[34.72054720547206,-12.111469042502918]]],[[[34.641346413464134,-12.01425284909098],[34.62334623346234,-12.066332952704514],[34.58014580145803,-12.066332952704514],[34.540545405454054,-12.019460859452337],[34.55494554945551,-11.983004786922862],[34.590945909459094,-11.970852762746361],[34.62334623346234,-11.984740790376648],[34.641346413464134,-12.01425284909098]]],[[[33.201332013320155,-14.014128827850769],[33.14733147331475,-13.941216682791818],[33.10413104131041,-13.958576717329663],[33.042930429304306,-14.010656820943197],[33.01053010530106,-14.02454484857347],[32.992529925299266,-14.022808845119684],[32.981729817298174,-14.008920817489411],[32.967329673296746,-13.977672755321294],[32.92052920529207,-13.883928568816927],[32.866528665286666,-13.81796043757312],[32.81252812528126,-13.791920385766346],[32.765727657276585,-13.760672323598229],[32.78372783727838,-13.731160264883883],[32.80532805328053,-13.710328223438466],[32.79812798127983,-13.687760178539278],[32.77292772927731,-13.656512116371147],[32.67212672126723,-13.60964002311897],[32.67212672126723,-13.59054398512734],[32.75852758527586,-13.550615905690293],[32.81252812528126,-13.502007808984331],[32.85212852128521,-13.456871719185926],[32.898928989289914,-13.35618351886643],[32.93852938529386,-13.257231322000706],[32.967329673296746,-13.224247256378803],[32.97812978129781,-13.158279125134996],[32.97092970929711,-13.08363097662226],[32.9889298892989,-12.989886790117893],[32.999729997299994,-12.899614610521098],[32.97092970929711,-12.864894541445409],[32.94572945729459,-12.804134420562946],[32.974529745297474,-12.70171021678965],[33.02133021330215,-12.630534075184485],[33.24453244532447,-12.555885926671749],[33.39933399333995,-12.489917795427942],[33.43173431734317,-12.46040573671361],[33.48213482134821,-12.40311762273872],[33.510935109351095,-12.347565512217614],[33.4929349293493,-12.330205477679769],[33.37053370533707,-12.330205477679769],[33.34173341733418,-12.307637432780567],[33.251732517325195,-12.113205045956704],[33.302133021330235,-11.88752459696471],[33.30573305733057,-11.800724424275487],[33.302133021330235,-11.691356206687061],[33.28773287732878,-11.611500047812967],[33.251732517325195,-11.576779978737278],[33.226532265322675,-11.535115895846445],[33.233732337323374,-11.417067660989105],[33.26973269732699,-11.403179633358818],[33.34533345333455,-11.248675325972002],[33.38133381333813,-11.158403146375207],[33.33813338133382,-11.085491001316257],[33.29493294932951,-10.981330794089175],[33.27333273332735,-10.915362662845368],[33.26253262532626,-10.892794617946166],[33.29133291332914,-10.852866538509119],[33.34533345333455,-10.812938459072072],[33.402934029340315,-10.80252243834937],[33.46413464134642,-10.78342640035774],[33.65853658536585,-10.590730016987663],[33.662136621366216,-10.552537941004402],[33.62613626136263,-10.488305813214367],[33.55413554135541,-10.391089619802429],[33.536135361353615,-10.351161540365396],[33.52893528935289,-10.234849308961827],[33.50013500135003,-10.200129239886138],[33.39213392133922,-10.120273081012044],[33.3129331293313,-10.038680918684179],[33.33813338133382,-9.953616749448727],[33.352533525335275,-9.861608566398147],[33.309333093330935,-9.811264466238399],[33.251732517325195,-9.759184362624865],[33.21213212132122,-9.682800210658343],[33.19413194131943,-9.625512096683451],[33.14733147331475,-9.602944051784249],[33.10413104131041,-9.602944051784249],[33.07173071730719,-9.637664120859952],[33.03933039330394,-9.63419211395238],[32.99612996129963,-9.62204008977588],[32.981729817298174,-9.573431993069917],[32.97812978129781,-9.519615886002597],[32.949329493294954,-9.484895816926908],[32.924129241292434,-9.43455171676716],[32.92052920529207,-9.4067756615066],[32.93852938529386,-9.399831647691471],[32.974529745297474,-9.394623637330113],[33.12933129331293,-9.49531183764961],[33.226532265322675,-9.500519848010967],[33.33093330933309,-9.519615886002597],[33.42093420934211,-9.608152062145606],[33.46773467734678,-9.620304086322108],[33.52893528935289,-9.608152062145606],[33.69813698136983,-9.597736041422905],[33.76653766537666,-9.611624069053178],[33.85293852938531,-9.663704172666712],[33.888938889388896,-9.670648186481856],[33.9429394293943,-9.672384189935642],[33.95373953739539,-9.658496162305354],[33.96093960939609,-9.627248100137237],[33.95013950139503,-9.564751975801002],[33.96093960939609,-9.531767910179084],[33.996939969399705,-9.49531183764961],[34.08694086940869,-9.536975920540442],[34.3209432094321,-9.731408307364305],[34.32814328143283,-9.755712355717293],[34.475744757447586,-9.948408739087384],[34.52254522545226,-10.03000090141525],[34.52254522545226,-10.073400987759868],[34.56934569345694,-10.24179332277697],[34.58014580145803,-10.319913478197265],[34.56934569345694,-10.378937595625942],[34.5729457294573,-10.427545692331904],[34.590945909459094,-10.496985830483297],[34.583745837458395,-10.524761885743843],[34.63774637746377,-10.625450086063353],[34.66294662946629,-10.71051425529879],[34.666546665466655,-10.79210641762667],[34.65214652146523,-10.873698579954535],[34.60534605346055,-10.990010811358104],[34.59814598145982,-11.03688290461028],[34.608946089460915,-11.080282990954899],[34.63774637746377,-11.127155084207075],[34.68814688146881,-11.177499184366837],[34.72774727747279,-11.238259305249287],[34.75294752947531,-11.309435446854451],[34.77454774547746,-11.342419512476368],[34.79974799747998,-11.340683509022583],[34.85014850148502,-11.351099529745284],[34.88974889748897,-11.392763612636116],[34.936549365493676,-11.46393975424128],[34.9509495094951,-11.543795913115375],[34.95814958149583,-11.578515982191064],[34.8249482494825,-11.575043975283492],[34.659346593465955,-11.588932002913765],[34.61974619746198,-11.620180065081883],[34.60534605346055,-11.689620203233275],[34.55494554945551,-11.83370848989739],[34.526145261452626,-11.88752459696471],[34.46134461344613,-11.983004786922862],[34.374943749437506,-12.120149059771833],[34.356943569435714,-12.165285149570238],[34.36054360543605,-12.210421239368628],[34.41094410944109,-12.396173608923576],[34.464944649446494,-12.590605995747438],[34.482944829448314,-12.66699014771396],[34.52254522545226,-12.925654662327858],[34.54414544145442,-13.107935024975234],[34.54414544145442,-13.215567239109873],[34.56214562145621,-13.359655525774002],[34.61254612546125,-13.437775681194296],[34.66294662946629,-13.486383777900272],[34.85014850148502,-13.515895836614604],[34.90774907749079,-13.552351909144079],[35.012150121501236,-13.642624088740874],[35.246152461524616,-13.896080592993414],[35.37575375753758,-14.059264917649159],[35.48735487354875,-14.201617200859502],[35.688956889568914,-14.465489725834743],[35.847358473584734,-14.670338133381321],[35.865358653586554,-14.863034516751412],[35.89415894158941,-14.892546575465744],[35.840158401584034,-15.034898858676073],[35.80415804158042,-15.265787318029425],[35.82935829358294,-15.418555621962454],[35.81855818558185,-15.680692143483924],[35.789757897578994,-15.958452696089452],[35.75375753757538,-16.059140896408948],[35.71055710557107,-16.095596968938423],[35.5989559895599,-16.12510902765277],[35.35775357753579,-16.15982909672846],[35.32175321753218,-16.19281316235036],[35.29295292952929,-16.24662926941768],[35.24255242552425,-16.375093524997737],[35.18495184951851,-16.50529378403158],[35.16695166951669,-16.560845894552685],[35.177751777517784,-16.572997918729172],[35.228152281522824,-16.638966049972993],[35.28215282152823,-16.80735838499008],[35.28935289352896,-17.09727096177211],[35.271352713527136,-17.118103003217527],[35.202952029520304,-17.130255027394014],[35.12375123751238,-17.126783020486442],[35.09135091350913,-17.111158989402384],[35.06615066150661,-17.07817492378048],[35.044550445504456,-17.017414802898017],[35.094950949509496,-16.9740147165534],[35.112951129511316,-16.899366568040662],[35.08055080550807,-16.833398436796855],[35.01575015750157,-16.819510409166583],[34.93294932949331,-16.760486291737905],[34.760147601476035,-16.56778990836783],[34.61254612546125,-16.43238163897263],[34.52974529745299,-16.31954141447663],[34.439744397443974,-16.27440532467824],[34.41814418144182,-16.24662926941768],[34.39654396543966,-16.199757176165505],[34.39654396543966,-16.130317038014113],[34.40374403744039,-16.079972937854365],[34.374943749437506,-16.02442082733326],[34.28854288542885,-15.93588465119025],[34.248942489424905,-15.887276554484288],[34.24534245342454,-15.829988440509396],[34.281342813428154,-15.772700326534505],[34.356943569435714,-15.704996191836912],[34.414544145441454,-15.56611591553414],[34.43614436144361,-15.477579739391132],[34.540545405454054,-15.297035380197542],[34.55494554945551,-15.140795069356926],[34.558545585455875,-15.015802820684442],[34.551345513455146,-14.922058634180075],[34.52254522545226,-14.731098254263784],[34.50454504545047,-14.597425988322371],[34.374943749437506,-14.425561646397696],[34.331743317433194,-14.408201611859852],[34.20934209342093,-14.42382564294391],[34.10134101341015,-14.449865694750684],[34.05094050940511,-14.484585763826374],[33.96813968139682,-14.48632176728016],[33.762937629376296,-14.517569829448277],[33.694536945369464,-14.529721853624778],[33.65853658536585,-14.560969915792896],[33.636936369363696,-14.56791392960804],[33.50373503735037,-14.434241663666626],[33.38853388533886,-14.290153377002511],[33.24453244532447,-14.0436408865651],[33.201332013320155,-14.014128827850769]]]]}},{"type":"Feature","id":"450","properties":{"name":"Madagascar"},"geometry":{"type":"MultiPolygon","coordinates":[[[[49.538295382953834,-12.43262968145305],[49.58509585095851,-12.536789888680119],[49.639096390963914,-12.637478088999629],[49.80469804698049,-12.880518572529468],[49.87669876698769,-12.972526755580049],[49.93789937899379,-13.071478952445759],[49.966699666996675,-13.269383346177193],[50.07470074700748,-13.578391960950853],[50.175501755017564,-14.040168879657529],[50.20430204302045,-14.51409782254072],[50.23670236702367,-14.73283425771757],[50.31230312303123,-14.937682665264134],[50.44190441904419,-15.149475086625856],[50.48150481504817,-15.385571556340551],[50.40590405904061,-15.62861203987039],[50.29070290702907,-15.857764495769942],[50.26190261902619,-15.90116458211456],[50.20790207902081,-15.960188699543238],[50.18630186301863,-15.958452696089452],[50.092700927009275,-15.899428578660775],[50.02070020700208,-15.802212385248836],[49.92709927099273,-15.573059929349284],[49.891098910989115,-15.458483701399501],[49.85509855098553,-15.43938766340787],[49.74349743497436,-15.449803684130586],[49.664296642966434,-15.52097982573575],[49.649896498965006,-15.567851918987927],[49.6678966789668,-15.696316174567983],[49.69669696696968,-15.810892402517766],[49.71109711097111,-15.928940637375106],[49.71109711097111,-16.076500930946793],[49.74349743497436,-16.121637020745197],[49.78669786697867,-16.15982909672846],[49.82989829898301,-16.25530928668661],[49.840698406984075,-16.48619774603995],[49.81189811898119,-16.602509977443518],[49.732697326973266,-16.703198177763014],[49.739897398973994,-16.75875028828412],[49.76869768697688,-16.814302398805225],[49.739897398973994,-16.849022467880914],[49.63549635496355,-16.892422554225533],[49.5958959589596,-16.930614630208794],[49.538295382953834,-17.033038833982076],[49.448294482944846,-17.241359248436225],[49.43749437494375,-17.34725545911708],[49.49509495094952,-17.670152101520998],[49.47709477094773,-17.899304557420564],[49.36189361893619,-18.336777427774265],[49.297092970929725,-18.54336183877463],[49.203492034920345,-18.79161033266581],[49.05949059490595,-19.119714985431088],[48.919089190891924,-19.53114780397803],[48.79668796687969,-19.952996643247673],[48.70668706687067,-20.208189150954],[48.60588605886059,-20.458173648298967],[48.46908469084693,-20.900854529014026],[48.350283502835026,-21.348743420090443],[48.17748177481775,-21.843504404419036],[47.93267932679328,-22.393817499268735],[47.90747907479076,-22.4649936408739],[47.85707857078572,-22.74796220384077],[47.80307803078031,-22.99100268737061],[47.738277382773845,-23.23404317090045],[47.605076050760516,-23.63332396527089],[47.587075870758724,-23.756580210489588],[47.55827558275584,-23.874628445346943],[47.428674286742876,-24.12461294269191],[47.37107371073711,-24.218357129196278],[47.33507335073352,-24.317309326062002],[47.31347313473137,-24.442301574734486],[47.27387273872739,-24.5638218164994],[47.176671766717675,-24.787766262037607],[47.03627036270365,-24.978726641953912],[46.9390693906939,-25.04816678010529],[46.73026730267304,-25.150590983878573],[46.62226622266223,-25.169687021870203],[46.388263882638824,-25.173159028777775],[46.15786157861581,-25.230447142752666],[45.920259202592035,-25.341551363794878],[45.693456934569355,-25.468279615921148],[45.60345603456037,-25.52903973680361],[45.50625506255062,-25.5637598058793],[45.207452074520745,-25.57070381969443],[45.11385113851139,-25.542927764433884],[44.81144811448115,-25.334607349979734],[44.696246962469644,-25.299887280904045],[44.4730447304473,-25.270375222189713],[44.40824408244083,-25.25301518765187],[44.3470434704347,-25.22523913239131],[44.25704257042571,-25.11760691825667],[44.077040770407706,-25.023862731752303],[44.033840338403394,-24.996086676491757],[44.008640086400874,-24.931854548701722],[43.99063990639908,-24.86415041400413],[43.943839438394406,-24.78603025858382],[43.90783907839079,-24.64020596846592],[43.850238502385025,-24.53778176469264],[43.68823688236884,-24.35723740549905],[43.67023670236702,-24.299949291524158],[43.65583655836559,-24.108988911607852],[43.66303663036632,-23.97878865257401],[43.6450364503645,-23.742692182859315],[43.66303663036632,-23.629851958363318],[43.72063720637206,-23.529163758043822],[43.699036990369905,-23.421531543909182],[43.6378363783638,-23.3069553159594],[43.616236162361645,-23.188907081102045],[43.56943569435694,-23.081274866967405],[43.396633966339664,-22.886842480143542],[43.357033570335716,-22.79136229018539],[43.32823328233283,-22.692410093319666],[43.263432634326364,-22.38340147854602],[43.256232562325636,-22.27576926441138],[43.2670326703267,-22.050088815419386],[43.29223292232922,-21.932040580562045],[43.331833318333196,-21.850448418234166],[43.34263342633426,-21.789688297351717],[43.371433714337144,-21.737608193738183],[43.41103411034112,-21.69594411084735],[43.43623436234364,-21.647336014141374],[43.50103501035011,-21.355687433905572],[43.5838358383584,-21.29145530611555],[43.70263702637027,-21.254999233586076],[43.799837998379985,-21.178615081619554],[43.85743857438575,-21.076190877846273],[43.91143911439116,-20.866134459938337],[44.06264062640628,-20.656078042030416],[44.11664116641168,-20.54670982444199],[44.23904239042392,-20.380053492878673],[44.3470434704347,-20.14569302661775],[44.37944379443795,-20.034588805575538],[44.40464404644047,-19.921748581079555],[44.43344433444335,-19.67350008718836],[44.45144451444514,-19.55024384196966],[44.44784447844478,-19.428723600204734],[44.386643866438675,-19.30373135153225],[44.23904239042392,-19.074578895632698],[44.235442354423554,-19.032914812741865],[44.24624246242462,-18.862786474270976],[44.23184231842319,-18.741266232506064],[44.177841778417786,-18.618009987287365],[44.109441094410954,-18.503433759337582],[44.04104041040412,-18.288169331068303],[44.00504005040051,-17.932288623042467],[44.01224012240124,-17.80382436746241],[43.994239942399446,-17.690984142966414],[43.943839438394406,-17.58161592537799],[43.97983979839799,-17.392391548915484],[44.42264422644226,-16.703198177763014],[44.437044370443715,-16.621606015435148],[44.41904419044192,-16.411549597527213],[44.42624426244262,-16.288293352308514],[44.44424444244444,-16.24315726251011],[44.47664476644766,-16.21711721070335],[44.55224552245522,-16.20496518652685],[44.90864908649087,-16.17371712435873],[44.955449554495544,-16.152885082913315],[45.04545045450456,-16.095596968938423],[45.1678516785168,-15.982756744442426],[45.2218522185222,-15.949772678820523],[45.27225272252724,-15.961924702997024],[45.301053010530126,-16.010532799702986],[45.340653406534074,-16.03657285150976],[45.484654846548466,-15.986228751349998],[45.542255422554234,-15.984492747896212],[45.59985599856,-15.993172765165141],[45.62505625056252,-15.946300671912951],[45.63945639456395,-15.883804547576716],[45.661056610566106,-15.838668457778311],[45.70065700657008,-15.814364409425337],[45.88425884258842,-15.80047638179505],[46.003060030600324,-15.78138034380342],[46.15786157861581,-15.737980257458815],[46.19026190261903,-15.74666027472773],[46.312663126631264,-15.904636589022132],[46.35226352263524,-15.918524616652405],[46.39906399063992,-15.925468630467549],[46.44226442264423,-15.895956571753203],[46.34146341463415,-15.812628405971552],[46.32706327063272,-15.767492316173147],[46.330663306633085,-15.713676209105827],[46.38466384663846,-15.60083598460983],[46.47466474664748,-15.514035811920607],[46.67626676266764,-15.38209954943298],[46.88146881468816,-15.22933124549995],[46.942669426694266,-15.218915224777234],[46.993069930699306,-15.243219273130222],[47.03267032670328,-15.422027628870026],[47.02907029070292,-15.451539687584358],[47.06147061470617,-15.456747697945715],[47.09747097470975,-15.434179653046513],[47.13347133471336,-15.361267507987563],[47.13347133471336,-15.3022433905589],[47.10827108271084,-15.243219273130222],[47.09387093870939,-15.194611176424246],[47.09387093870939,-15.149475086625856],[47.19827198271983,-15.043578875945002],[47.28107281072812,-14.942890675625492],[47.3170731707317,-14.82137043386058],[47.353073530735315,-14.765818323339474],[47.43947439474397,-14.703322199003225],[47.46467464674649,-14.71373821972594],[47.486274862748644,-14.764082319885688],[47.49707497074971,-14.817898426953008],[47.47547475474755,-14.871714534020327],[47.4430744307443,-14.925530641087647],[47.428674286742876,-14.994970779239026],[47.479074790747916,-15.008858806869313],[47.52587525875259,-14.991498772331468],[47.594275942759424,-14.864770520205184],[47.669876698766984,-14.743250278440271],[47.71667716677169,-14.680754154104022],[47.77427774277743,-14.637354067759418],[47.871478714787145,-14.646034085028333],[47.965079650796525,-14.672074136835107],[47.81027810278104,-14.545345884708837],[47.77427774277743,-14.37000953587659],[47.95427954279543,-14.067944934918089],[47.9578795787958,-14.003712807128053],[47.98307983079832,-13.984616769136423],[47.99387993879941,-13.960312720783449],[47.90027900279003,-13.857888517010153],[47.88227882278824,-13.807544416850405],[47.896678966789665,-13.731160264883883],[47.939879398794005,-13.661720126732504],[47.98307983079832,-13.614848033480328],[48.040680406804086,-13.595751995488698],[48.08748087480876,-13.621792047295457],[48.18828188281884,-13.706856216530909],[48.256682566825674,-13.719008240707396],[48.33948339483396,-13.639152081833302],[48.40428404284043,-13.538463881513806],[48.50508505085051,-13.469023743362428],[48.62028620286205,-13.425623657017809],[48.79668796687969,-13.267647342723421],[48.911889118891196,-12.936070683050573],[48.919089190891924,-12.838854489638635],[48.893888938889404,-12.722542258235066],[48.85428854288543,-12.609702033739069],[48.785887858878596,-12.470821757436312],[48.80388803888039,-12.439573695268194],[48.901089010890104,-12.458669733259825],[48.93348933489335,-12.439573695268194],[49.03429034290343,-12.316317450049482],[49.20709207092071,-12.080220980334786],[49.26469264692648,-12.080220980334786],[49.31149311493115,-12.123621066679405],[49.329493294932945,-12.187853194469426],[49.36549365493656,-12.236461291175402],[49.480694806948065,-12.3493015156714],[49.538295382953834,-12.43262968145305]]],[[[48.34308343083433,-13.36312753268156],[48.34308343083433,-13.399583605211035],[48.21348213482136,-13.385695577580762],[48.191881918819206,-13.260703328908278],[48.256682566825674,-13.25549531854692],[48.27108271082713,-13.205151218387172],[48.31068310683108,-13.198207204572029],[48.350283502835026,-13.30931142561424],[48.34308343083433,-13.36312753268156]]],[[[49.93789937899379,-16.902838574948234],[49.82269822698228,-17.086854941049396],[49.85509855098553,-16.93235063366258],[49.98469984699847,-16.711878195031943],[50.02430024300244,-16.6945181604941],[49.93789937899379,-16.902838574948234]]]]}},{"type":"Feature","id":"434","properties":{"name":"Libya"},"geometry":{"type":"Polygon","coordinates":[[[9.520295202952042,30.229655195301973],[9.639096390963914,30.281735298915507],[9.808298082980826,30.34249541979797],[9.894698946989479,30.38763150959636],[9.934299342993427,30.42582358557962],[10.060300603006027,30.58032789296645],[10.125101251012524,30.66539206220189],[10.215102151021512,30.783440297059244],[10.254702547025488,30.86503245938711],[10.258302583025824,30.94141661135363],[10.243902439024396,31.031688790950426],[10.1719017190172,31.250425226127277],[10.114301143011431,31.46395365094277],[10.161101611016107,31.54554581327065],[10.19710197101972,31.585473892707697],[10.276302763027644,31.684426089573407],[10.305103051030528,31.705258131018823],[10.47430474304744,31.736506193186955],[10.542705427054273,31.80247432443076],[10.596705967059677,31.885802490212413],[10.607506075060769,31.92920257655703],[10.68310683106833,31.976074669809208],[10.773107731077317,32.02121075960761],[10.827108271082722,32.08023487703629],[11.003510035100362,32.17224306008687],[11.16911169111691,32.25730722932231],[11.356313563135643,32.34584340546532],[11.5039150391504,32.413547540162924],[11.536315363153648,32.47257165759159],[11.532715327153284,32.524651761205135],[11.45351453514536,32.642699996062476],[11.45351453514536,32.78158027236525],[11.460714607146087,32.8978925037688],[11.467914679146787,32.965596638466394],[11.5039150391504,33.15482101492891],[11.5039150391504,33.18259707018947],[11.658716587165884,33.11836494239944],[11.813518135181369,33.09406089404645],[12.281522815228158,32.857964424331755],[12.42552425524255,32.82845236561742],[12.753127531275311,32.80067631035686],[13.13833138331384,32.8978925037688],[13.282332823328233,32.915252538306646],[13.537935379353797,32.82498035870985],[13.64953649536497,32.79894030690309],[13.836738367383674,32.79199629308795],[14.157141571415707,32.71040413076007],[14.236342363423631,32.68089207204574],[14.423544235442364,32.550691813011895],[14.513545135451352,32.51076373357485],[15.175951759517602,32.39097949526372],[15.26595265952659,32.31112333638963],[15.35955359553597,32.16009103591037],[15.363153631536335,31.970866659447864],[15.413554135541375,31.83372238659888],[15.496354963549635,31.65665003431286],[15.597155971559715,31.531657785640377],[15.705157051570524,31.42576157495951],[15.831158311583124,31.361529447169488],[16.122761227612273,31.26431325375755],[16.450364503645034,31.227857181228075],[16.78156781567816,31.2139691535978],[17.350373503735057,31.082032891110174],[17.829178291782938,30.92752858372336],[17.94797947979481,30.851144431756836],[18.18918189181892,30.7764962832441],[18.671586715867164,30.41540756485692],[18.937989379893793,30.290415316184422],[19.125191251912526,30.266111267831448],[19.290792907929074,30.28867931273065],[19.58959589595898,30.413671561403135],[19.711997119971215,30.48831970991587],[20.014400144001456,30.800800331597088],[20.111601116011173,30.963984656252833],[20.15120151201512,31.078560884202602],[20.140401404014057,31.19487311560617],[20.104401044010444,31.300769326287025],[20.021600216002156,31.41013754387545],[19.960399603996052,31.55596183399335],[19.927999279992804,31.81809835551482],[19.97479974799748,31.99864271470841],[20.032400324003248,32.108010932296835],[20.122401224012236,32.21911515333905],[20.3708037080371,32.43090757470077],[20.622806228062274,32.58020387172624],[21.062010620106207,32.77637226200389],[21.317613176131772,32.778108265457675],[21.42561425614258,32.79894030690309],[21.63441634416344,32.93782058320585],[21.720817208172093,32.943028593567206],[21.839618396183965,32.90830852449152],[22.188821888218882,32.91872454521422],[22.340023400234003,32.88053246923096],[22.52362523625237,32.793732296541734],[22.754027540275416,32.739916189474414],[22.9160291602916,32.68783608586088],[23.088830888308877,32.61839594770949],[23.128431284312853,32.44826760923861],[23.11043110431106,32.39792350907885],[23.106831068310697,32.331955377835044],[23.286832868328702,32.21390714297769],[23.798037980379803,32.1583550324566],[23.898838988389883,32.127106970288466],[24.03924039240394,32.03683479069167],[24.129241292412928,32.009058735431125],[24.478444784447845,31.996906711254624],[24.68364683646837,32.016002749246255],[24.878048780487802,31.984754687078137],[24.950049500495,31.95350662491002],[25.02565025650256,31.884066486758627],[25.115651156511575,31.712202144833967],[25.15165151651516,31.654914030859075],[25.11205112051121,31.62713797559853],[25.058050580505807,31.566377854716066],[25.022050220502223,31.514297751102532],[24.928449284492842,31.427497578413295],[24.852848528485282,31.335489395362714],[24.86004860048601,31.198345122513743],[24.878048780487802,31.061200849664758],[24.928449284492842,30.925792580269572],[24.97524975249752,30.7764962832441],[24.96084960849609,30.67928008983216],[24.921249212492143,30.55775984806725],[24.878048780487802,30.45707164774774],[24.72684726847268,30.25048723674739],[24.70164701647016,30.201879140041413],[24.712447124471254,30.13070299843625],[24.802448024480242,29.885926511452624],[24.80964809648097,29.809542359486116],[24.86724867248674,29.56997388286385],[24.91764917649178,29.375541496039972],[24.971649716497183,29.224509195560728],[24.978849788497882,29.18110910921611],[24.978849788497882,28.9571646636779],[24.978849788497882,28.733220218139692],[24.978849788497882,28.507539769147712],[24.978849788497882,28.283595323609504],[24.978849788497882,28.059650878071295],[24.978849788497882,27.8339704290793],[24.978849788497882,27.610025983541107],[24.978849788497882,27.386081538002898],[24.978849788497882,27.160401089010904],[24.978849788497882,26.936456643472695],[24.978849788497882,26.7125121979345],[24.978849788497882,26.486831748942507],[24.978849788497882,26.262887303404298],[24.978849788497882,26.037206854412304],[24.978849788497882,25.81326240887411],[24.978849788497882,25.5893179633359],[24.978849788497882,25.363637514343907],[24.978849788497882,25.1396930688057],[24.978849788497882,24.915748623267504],[24.978849788497882,24.69006817427551],[24.978849788497882,24.4661237287373],[24.978849788497882,24.242179283199093],[24.978849788497882,24.016498834207113],[24.978849788497882,23.792554388668904],[24.978849788497882,23.568609943130696],[24.978849788497882,23.3429294941387],[24.978849788497882,23.118985048600507],[24.978849788497882,22.893304599608513],[24.978849788497882,22.669360154070304],[24.978849788497882,22.445415708532096],[24.978849788497882,22.219735259540116],[24.978849788497882,21.995790814001907],[24.978849788497882,21.497557822765742],[24.978849788497882,20.999324831529577],[24.978849788497882,20.501091840293412],[24.978849788497882,20.00285884905726],[24.97524975249752,20.001122845603476],[24.971649716497183,19.99938684214969],[24.971649716497183,19.997650838695904],[24.96804968049682,19.995914835242118],[24.719647196471982,19.995914835242118],[24.47484474844748,19.995914835242118],[24.226442264422644,19.995914835242118],[23.98163981639817,19.995914835242118],[23.98163981639817,19.870922586569634],[23.98163981639817,19.74593033789715],[23.98163981639817,19.62093808922465],[23.98163981639817,19.495945840552167],[23.50283502835029,19.73377831372065],[23.020430204302045,19.969874783435344],[22.541625416254163,20.205971253150054],[22.062820628206282,20.44206772286475],[21.5840158401584,20.67990019603323],[21.10521105211052,20.915996665747926],[20.626406264062638,21.15209313546262],[20.147601476014756,21.389925608631103],[19.668796687966875,21.626022078345798],[19.189991899918994,21.862118548060494],[18.711187111871112,22.09821501777519],[18.23238232382326,22.33604749094367],[17.753577535775378,22.572143960658366],[17.274772747727496,22.808240430373075],[16.79236792367925,23.046072903541557],[16.31356313563137,23.282169373256252],[15.982359823598244,23.445353697911997],[15.6259562595626,23.285641380163824],[15.348753487534879,23.160649131491326],[14.977949779497806,22.995728803381795],[14.556745567455692,22.7822003785663],[14.229142291422932,22.619016053910556],[14.214742147421475,22.619016053910556],[14.200342003420047,22.624224064271914],[13.861938619386194,22.901984616877428],[13.59913599135993,23.118985048600507],[13.480334803348029,23.179745169482956],[12.983529835298356,23.290849390525167],[12.490324903249046,23.40195361156738],[11.968319683196825,23.518265842970948],[11.874718747187472,23.695338195256966],[11.766717667176692,23.8932425889884],[11.622716227162272,24.13975507942581],[11.536315363153648,24.29078737990507],[11.507515075150764,24.315091428258043],[11.107911079110806,24.434875666569184],[10.686706867068665,24.55118789797274],[10.438304383043828,24.480011756367574],[10.395103951039516,24.48521976672893],[10.326703267032684,24.530355856527336],[10.254702547025488,24.591115977409785],[10.218702187021876,24.676180146645237],[10.117901179011795,24.790756374595006],[10.027900279002807,25.05115689266269],[10.02070020700208,25.257741303663053],[9.999099990999923,25.33238945217579],[9.77949779497797,25.62403803241159],[9.581495814958146,25.889646560840617],[9.448294482944846,26.06671891312665],[9.423094230942326,26.14657507200073],[9.437494374943753,26.245527268866454],[9.491494914949158,26.334063445009463],[9.68589685896859,26.438223652236545],[9.858698586985867,26.552799880186313],[9.883898838988387,26.63092003560662],[9.894698946989479,26.847920467329686],[9.83709837098371,26.915624602027293],[9.793897938979399,27.044088857607335],[9.75429754297545,27.21942520643958],[9.747097470974722,27.330529427481792],[9.826298262982647,27.552737869566215],[9.916299162991635,27.78536233237334],[9.858698586985867,28.044026846987236],[9.815498154981555,28.559619872761246],[9.844298442984439,28.967580684400616],[9.819098190981919,29.115140977972302],[9.80469804698049,29.177637102308537],[9.747097470974722,29.368597482224843],[9.671496714967162,29.566501875956277],[9.639096390963914,29.635942014107655],[9.545495454954562,29.79565433185583],[9.390693906939077,29.993558725587278],[9.311493114931153,30.11507896735219],[9.419494194941961,30.17931109514221],[9.520295202952042,30.229655195301973]]]}},{"type":"Feature","id":"430","properties":{"name":"Liberia"},"geometry":{"type":"Polygon","coordinates":[[[-11.507515075150735,6.906448793706701],[-11.45351453514536,6.951584883505106],[-11.377913779137799,7.093937166715435],[-11.266312663126627,7.232817443018192],[-11.165511655116546,7.314409605346071],[-11.086310863108622,7.397737771127723],[-10.999909999099998,7.463705902371544],[-10.877508775087733,7.53835405088428],[-10.690306903069029,7.736258444615714],[-10.647106471064717,7.758826489514902],[-10.618306183061833,7.895970762363888],[-10.571505715057157,8.07130711119612],[-10.517505175051753,8.12512321826344],[-10.387903879038788,8.158107283885357],[-10.359103591035904,8.187619342599689],[-10.315903159031592,8.310875587818387],[-10.287102871028708,8.454963874482516],[-10.283502835028344,8.484475933196848],[-10.233102331023304,8.489683943558205],[-10.146701467014651,8.519196002272537],[-10.096300963009611,8.505307974642264],[-10.074700747007455,8.465379895205217],[-10.063900639006391,8.430659826129528],[-9.804698046980462,8.519196002272537],[-9.783097830978306,8.538292040264167],[-9.76869768697685,8.534820033356596],[-9.73629736297363,8.45322787102873],[-9.71829718297181,8.458435881390074],[-9.700297002970018,8.482739929743062],[-9.682296822968226,8.484475933196848],[-9.664296642966434,8.474059912474132],[-9.64269642696425,8.435867836490885],[-9.61029610296103,8.402883770868968],[-9.552695526955262,8.378579722515994],[-9.51669516695165,8.345595656894076],[-9.523895238952377,8.260531487658639],[-9.50949509495095,8.175467318423202],[-9.48429484294843,8.156371280431571],[-9.469894698946973,8.107763183725595],[-9.466294662946638,8.05221107320449],[-9.451894518945181,8.022699014490158],[-9.441094410944117,7.967146903969052],[-9.444694446944453,7.908122786540375],[-9.437494374943753,7.866458703649556],[-9.394293942939413,7.7952825620443775],[-9.369093690936893,7.703274378993811],[-9.369093690936893,7.639042251203776],[-9.38349383493835,7.571338116506183],[-9.412294122941233,7.51057799562372],[-9.45909459094591,7.442873860926127],[-9.462694626946274,7.415097805665567],[-9.43389433894339,7.397737771127723],[-9.390693906939077,7.394265764220151],[-9.354693546935465,7.408153791850438],[-9.264692646926477,7.376905729682306],[-9.214292142921437,7.333505643337702],[-9.171091710917096,7.277953532816596],[-9.135091350913513,7.250177477556036],[-9.117091170911692,7.215457408480347],[-9.052290522905224,7.225873429203062],[-8.976689766897664,7.258857494824966],[-8.962289622896236,7.2744815259090245],[-8.937089370893716,7.265801508640095],[-8.890288902889012,7.2623295017325376],[-8.854288542885428,7.323089622614987],[-8.829088290882908,7.392529760766365],[-8.767887678876775,7.467177909279101],[-8.739087390873891,7.494953964539661],[-8.731887318873191,7.543562061245623],[-8.728287282872827,7.6060581855818725],[-8.706687066870671,7.658138289195406],[-8.659886598865995,7.687650347909738],[-8.605886058860591,7.687650347909738],[-8.577085770857707,7.677234327187037],[-8.56268562685625,7.625154223573503],[-8.523085230852303,7.585226144136456],[-8.48708487084869,7.559186092329682],[-8.469084690846898,7.547034068153195],[-8.43668436684365,7.515786005985078],[-8.407884078840794,7.411625798757996],[-8.296282962829622,7.074841128723804],[-8.30348303483035,6.9810969422194376],[-8.325083250832506,6.920336821336974],[-8.325083250832506,6.859576700454525],[-8.332283322833234,6.802288586479634],[-8.400684006840066,6.705072393067695],[-8.602286022860227,6.507167999336261],[-8.58788587885877,6.489807964798416],[-8.541085410854095,6.467239919899214],[-8.490684906849054,6.456823899176499],[-8.451084510845106,6.462031909537856],[-8.400684006840066,6.413423812831894],[-8.343083430834298,6.350927688495645],[-8.28548285482853,6.3196796263275274],[-8.20268202682027,6.290167567613196],[-8.130681306813074,6.286695560705624],[-8.069480694806941,6.298847584882111],[-7.983079830798289,6.286695560705624],[-7.889478894788937,6.23461545709209],[-7.8570785707856885,6.149551287856639],[-7.831878318783168,6.0766391427976885],[-7.799477994779949,6.0384470668144274],[-7.795877958779585,5.9759509424781925],[-7.731077310773088,5.918662828503301],[-7.637476374763736,5.908246807780586],[-7.5150751507515,5.842278676536779],[-7.4826748267482515,5.845750683444351],[-7.468274682746824,5.854430700713266],[-7.453874538745367,5.840542673082993],[-7.425074250742512,5.651318296620474],[-7.3998739987399915,5.550630096300978],[-7.410674106741055,5.510702016863931],[-7.428674286742847,5.4777179512420275],[-7.428674286742847,5.3249496473089835],[-7.4862748627486155,5.236413471165974],[-7.493474934749344,5.139197277754036],[-7.511475114751136,5.1079492155859185],[-7.569075690756904,5.080173160325373],[-7.569075690756904,5.0072610152664225],[-7.583475834758332,4.916988835669613],[-7.59067590675906,4.821508645711475],[-7.576275762757632,4.571524148366493],[-7.572675726757268,4.385771778811545],[-7.543875438754384,4.351051709735856],[-7.659076590765892,4.366675740819929],[-7.997479974799745,4.509028024030258],[-8.26028260282601,4.590620186358123],[-9.131491314913148,5.054133108518599],[-9.376293762937621,5.241621481527332],[-9.653496534965342,5.51938203413286],[-10.276302763027616,6.078375146251474],[-10.416704167041672,6.166911322394483],[-10.596705967059677,6.210311408739102],[-10.708307083070821,6.258919505445064],[-10.783907839078381,6.310999609058598],[-10.848708487084878,6.465503916445428],[-11.003510035100334,6.557512099496009],[-11.291512915129147,6.687712358529851],[-11.507515075150735,6.906448793706701]]]}},{"type":"Feature","id":"426","properties":{"name":"Lesotho"},"geometry":{"type":"Polygon","coordinates":[[[28.737287372873737,-30.101672834072083],[28.64728647286475,-30.125976882425064],[28.632886328863293,-30.129448889332636],[28.575285752857525,-30.122504875517492],[28.499684996849965,-30.129448889332636],[28.43848438484386,-30.14333691696291],[28.391683916839185,-30.14680892387048],[28.316083160831624,-30.217985065475645],[28.175681756817568,-30.41068144884573],[28.139681396813984,-30.450609528282776],[28.12888128881289,-30.525257676795505],[28.096480964809643,-30.584281794224182],[28.056880568805695,-30.631153887476366],[28.017280172801748,-30.641569908199074],[27.90207902079021,-30.62420987366123],[27.754477544775455,-30.59990582530824],[27.668076680766802,-30.54261771133335],[27.588875888758906,-30.466233559366835],[27.54927549275493,-30.41068144884573],[27.506075060750618,-30.38116939013139],[27.49167491674916,-30.363809355593546],[27.430474304743058,-30.33776930378678],[27.4088740887409,-30.325617279610285],[27.387273872738746,-30.315201258887576],[27.36567365673656,-30.2787451863581],[27.351273512735133,-30.247497124189984],[27.354873548735497,-30.158960948046968],[27.311673116731185,-30.105144840979648],[27.23967239672396,-30.014872661382853],[27.192871928719285,-29.941960516323903],[27.13167131671318,-29.839536312550614],[27.092070920709205,-29.75447214331517],[27.052470524705257,-29.664199963718374],[27.05607056070562,-29.626007887735113],[27.09567095670957,-29.599967835928346],[27.20727207272074,-29.55483174612995],[27.293672936729365,-29.52011167705426],[27.35847358473586,-29.455879549264232],[27.42327423274233,-29.36039935930608],[27.459274592745942,-29.303111245331195],[27.49167491674916,-29.277071193524428],[27.527675276752774,-29.235407110633595],[27.588875888758906,-29.146870934490586],[27.660876608766102,-29.046182734171083],[27.736477364773663,-28.940286523490222],[27.830078300783015,-28.909038461322105],[27.95967959679598,-28.87258238879263],[28.08568085680858,-28.78057420574205],[28.233282332823336,-28.700718046867955],[28.47088470884711,-28.615653877632518],[28.582485824858253,-28.5948218361871],[28.625686256862565,-28.58093380855683],[28.650886508865085,-28.598293843094673],[28.67968679686797,-28.646901939800635],[28.72288722887231,-28.686830019237682],[28.81648816488166,-28.759742164296632],[28.85608856088561,-28.77536619538069],[28.953289532895326,-28.881262406061552],[29.05769057690577,-28.954174551120502],[29.176491764917643,-29.03750271690216],[29.25929259292593,-29.079166799792986],[29.302493024930243,-29.089582820515695],[29.33489334893349,-29.16423096902843],[29.370893708937103,-29.21804707609575],[29.39249392493926,-29.270127179709284],[29.38529385293853,-29.32047127986904],[29.349293492934947,-29.44199152163396],[29.295292952929543,-29.566983770306443],[29.248492484924867,-29.619063873919977],[29.194491944919463,-29.652047939541887],[29.14049140491406,-29.70065603624785],[29.122491224912267,-29.801344236567353],[29.097290972909747,-29.9193924714247],[29.028890288902886,-29.96800056813067],[28.97488974889751,-29.999248630298794],[28.89928899288995,-30.039176709735834],[28.737287372873737,-30.101672834072083]]]}},{"type":"Feature","id":"404","properties":{"name":"Kenya"},"geometry":{"type":"MultiPolygon","coordinates":[[[[40.99540995409956,-2.1589612419561632],[40.95580955809558,-2.1676412592250784],[40.97740977409774,-2.110353145250187],[41.085410854108545,-2.0357049967374508],[41.13221132211322,-2.0530650312752954],[41.13941139411395,-2.07042506581314],[41.135811358113585,-2.084313093443427],[41.11781117811179,-2.099937124527486],[40.99540995409956,-2.1589612419561632]]],[[[33.90333903339035,-1.00278294173566],[33.89973899738999,-0.8309185998109854],[33.92493924939251,-0.3986537398186414],[33.921339213392145,-0.016732979986031182],[33.9429394293943,0.1742273999302597],[34.03654036540365,0.2940116382414004],[34.07974079740799,0.38254781438440943],[34.11214112141121,0.5058040596031077],[34.16254162541625,0.604756256468832],[34.274142741427426,0.6863484187966975],[34.29214292142922,0.7314845085951021],[34.41094410944109,0.8668927779902873],[34.482944829448314,1.0422291268225337],[34.53694536945369,1.101253244251211],[34.60174601746019,1.1568053547723167],[34.64854648546486,1.1845814100328624],[34.72774727747279,1.214093468747194],[34.78894788947889,1.2314535032850529],[34.79974799747998,1.2453415309153257],[34.80334803348035,1.2731175861758715],[34.785347853478555,1.380749800310511],[34.810548105481075,1.4172058728399861],[34.85014850148502,1.4883820144451647],[34.8969489694897,1.5560861491427573],[34.94014940149401,1.5994862354873618],[34.96534965349653,1.6428863218319805],[34.976149761497624,1.7192704737985025],[34.97974979749799,1.7730865808658223],[34.976149761497624,1.8616227570088313],[34.96534965349653,2.0629991576478375],[34.91494914949149,2.2296554892111544],[34.88254882548827,2.4171438622198878],[34.90414904149043,2.4796399865561227],[34.86454864548645,2.589008204144548],[34.84654846548466,2.5959522179596917],[34.81414814148141,2.62025626631268],[34.77454774547746,2.7226804700859617],[34.742147421474215,2.8181606600441143],[34.72414724147242,2.8424647083971024],[34.590945909459094,2.924056870724968],[34.52254522545226,3.1202252610026306],[34.4469444694447,3.163625347347235],[34.407344073440754,3.358057734171112],[34.400144001440026,3.4118738412384317],[34.44334443344434,3.6063062280622944],[34.43614436144361,3.651442317860699],[34.3929439294393,3.6913703972977316],[34.2669426694267,3.7330344801885644],[34.16614166141662,3.8128906390626582],[34.17694176941771,3.840666694323204],[34.18414184141841,3.8701787530375498],[34.13374133741337,3.8892747910291803],[33.97533975339755,4.220851450702014],[34.17694176941771,4.418755844433463],[34.37854378543787,4.620132245072469],[34.641346413464134,4.875324752778795],[34.87894878948791,5.109685219039704],[35.08415084150843,5.311061619678711],[35.26775267752677,5.4916059788723],[35.26415264152644,5.458621913250397],[35.26415264152644,5.411749819998221],[35.28935289352896,5.383973764737661],[35.32535325353254,5.36487772674603],[35.379353793537945,5.385709768191447],[35.42255422554226,5.4134858234519925],[35.46935469354693,5.41869383381335],[35.746557465574654,5.344045685300614],[35.789757897578994,5.278077554056807],[35.789757897578994,5.208637415905429],[35.80055800558006,5.156557312291881],[35.7789577895779,5.106213212132133],[35.757357573575746,4.949972901291531],[35.764557645576474,4.807620618081188],[35.847358473584734,4.70346041085412],[35.91935919359193,4.620132245072469],[35.9769597695977,4.5038200136689],[36.023760237602374,4.467363941139425],[36.08136081360814,4.45000390660158],[36.27216272162721,4.4447958962402225],[36.552965529655296,4.437851882425093],[36.82296822968232,4.43090786860995],[36.84816848168484,4.427435861702378],[36.90576905769058,4.411811830618319],[37.154171541715414,4.253835516323932],[37.380973809738094,4.111483233113589],[37.575375753757555,3.9864909844411045],[37.76257762577626,3.864970742676192],[37.94617946179463,3.7469225078188373],[38.086580865808656,3.647970310953127],[38.22698226982271,3.6184582522387814],[38.45018450184503,3.6045702246085085],[38.60858608586088,3.599362214247151],[38.75258752587527,3.559434134810118],[38.96858968589686,3.521242058826857],[39.12699126991271,3.5004100173814408],[39.224192241922424,3.4795779759360244],[39.49419494194942,3.455273927583036],[39.53739537395376,3.469161955213309],[39.65619656196563,3.5785301728017487],[39.78939789397896,3.753866521633981],[39.84339843398436,3.8510827150459193],[40.012600126001274,3.9482989084578435],[40.315003150031515,4.081971174399257],[40.52740527405274,4.17745136435741],[40.76500765007651,4.272931554315562],[40.87300873008732,4.189603388533897],[41.02061020610208,4.057667126046269],[41.085410854108545,3.991698994802462],[41.13941139411395,3.9621869360881306],[41.22221222212224,3.9430908980965],[41.319413194131954,3.9430908980965],[41.37341373413736,3.9465629050040576],[41.48141481414814,3.9639229395419022],[41.7370173701737,3.979546970625975],[41.88461884618846,3.9778109671721893],[41.76221762217622,3.802474618339943],[41.61461614616147,3.5906821969782357],[41.34101341013411,3.201817423330496],[41.135811358113585,2.996969015783918],[40.97740977409774,2.8424647083971024],[40.96300963009631,2.8146886531365425],[40.96660966609667,2.642824311211882],[40.96660966609667,2.220975471942239],[40.97020970209704,1.379013796856725],[40.9738097380974,0.5353161183174535],[40.97740977409774,-0.3066455567680606],[40.97740977409774,-0.7284943960377035],[40.97740977409774,-0.8708466792480323],[41.11421114211143,-1.0479190315340503],[41.25101251012512,-1.219783373458725],[41.42741427414276,-1.4489358293582768],[41.521015210152115,-1.5721920745769893],[41.53901539015391,-1.6138561574678079],[41.53181531815318,-1.6954483197956876],[41.387813878138786,-1.867312661720348],[41.269012690126914,-1.9454328171406559],[41.1070110701107,-1.981888889670131],[41.060210602106025,-1.9749448758550017],[40.99540995409956,-1.9506408275020135],[40.97020970209704,-1.9923049103928463],[40.95220952209522,-2.056537038182867],[40.91620916209163,-2.0426490105525943],[40.89100891008911,-2.023552972560964],[40.90540905409054,-2.138129200510747],[40.92340923409236,-2.1936813110318525],[40.89820898208984,-2.2700654629983603],[40.81900819008192,-2.3360335942421813],[40.81180811808119,-2.391585704763287],[40.642606426064276,-2.5391459983349733],[40.4050040500405,-2.556506032872818],[40.2790027900279,-2.6294181779317682],[40.221402214022135,-2.6884422953604457],[40.17820178201782,-2.8186425543942875],[40.196201962019614,-3.0200189550332937],[40.12780127801278,-3.1727872589663235],[40.11700117001172,-3.2509074143866314],[39.99099990999912,-3.3498596112523558],[39.936999369993714,-3.4418677943029365],[39.89739897398974,-3.535611980807289],[39.861398613986154,-3.577276063698122],[39.81819818198184,-3.7855964781522715],[39.76059760597607,-3.9123247302785416],[39.74619746197462,-3.9557248166231602],[39.73179731797319,-3.993916892606407],[39.68859688596888,-4.068565041119143],[39.65979659796599,-4.118909141278905],[39.63819638196384,-4.153629210354595],[39.49059490594908,-4.478261856212299],[39.375393753937544,-4.6258221497839855],[39.28899288992892,-4.608462115246141],[39.22779227792279,-4.665750229221032],[39.22059220592206,-4.691790281027792],[39.191791917919176,-4.677902253397519],[39.116191161911615,-4.6240861463302],[38.96138961389616,-4.512981925287988],[38.81018810188104,-4.401877704245777],[38.655386553865554,-4.292509486657352],[38.50058500585007,-4.18140526561514],[38.34938349383495,-4.070301044572929],[38.194581945819465,-3.9609328269845037],[38.03978039780398,-3.8498286059422924],[37.88857888578886,-3.738724384900081],[37.79857798577987,-3.6744922571100602],[37.758977589775895,-3.636300181126799],[37.726577265772676,-3.559916029160277],[37.71217712177122,-3.5408199911686467],[37.66897668976691,-3.5165159428156585],[37.62217622176223,-3.511307932454315],[37.607776077760775,-3.497419904824042],[37.607776077760775,-3.460963832294567],[37.625776257762595,-3.407147725227233],[37.683376833768335,-3.306459524907737],[37.6869768697687,-3.245699404025274],[37.676176761767636,-3.177995269327681],[37.658176581765815,-3.0703630551930416],[37.64377643776439,-3.0460590068400535],[37.54297542975431,-2.988770892865162],[37.330573305733054,-2.8689866545540355],[37.114571145711466,-2.7509384196966806],[36.90216902169021,-2.631154181385554],[36.68976689766899,-2.5131059465281993],[36.477364773647736,-2.393321708217073],[36.26136261362615,-2.275273473359718],[36.048960489604895,-2.1554892350485915],[35.83655836558367,-2.0374410001912366],[35.62415624156242,-1.9176567618801101],[35.41175411754119,-1.7978725235689694],[35.195751957519576,-1.6798242887116288],[34.98334983349835,-1.560040050400488],[34.7709477094771,-1.4419918155431475],[34.558545585455875,-1.3222075772320068],[34.34614346143462,-1.2041593423746662],[34.13014130141303,-1.0843751040635254],[34.05094050940511,-1.039239014265135],[33.97893978939791,-1.00278294173566],[33.90333903339035,-1.00278294173566]]]]}},{"type":"Feature","id":"624","properties":{"name":"Guinea-Bissau"},"geometry":{"type":"MultiPolygon","coordinates":[[[[-16.713167131671298,12.354027631682584],[-16.65556655566556,12.364443652405285],[-16.52236522365223,12.348819621321226],[-16.417964179641785,12.367915659312857],[-16.342363423634225,12.399163721480974],[-16.241562415624145,12.442563807825593],[-16.14436144361443,12.458187838909652],[-15.838358383583824,12.437355797464235],[-15.57555575555756,12.491171904531555],[-15.377553775537763,12.588388097943493],[-15.197551975519758,12.680396280994074],[-14.959949599495985,12.678660277540288],[-14.707947079470785,12.678660277540288],[-14.347943479434775,12.676924274086502],[-14.063540635406355,12.675188270632717],[-13.728737287372866,12.67345226717893],[-13.73233732337323,12.593596108304851],[-13.674736747367461,12.479019880355068],[-13.68193681936819,12.39395571111963],[-13.70713707137071,12.312363548791751],[-13.728737287372866,12.281115486623634],[-13.761137611376114,12.262019448632003],[-13.851138511385102,12.263755452085789],[-13.887138871388714,12.246395417547944],[-13.948339483394818,12.215147355379813],[-13.948339483394818,12.178691282850338],[-13.901539015390142,12.142235210320862],[-13.861938619386194,12.0936271136149],[-13.815138151381518,12.053699034177853],[-13.739537395373958,12.010298947833249],[-13.73233732337323,11.959954847673487],[-13.728737287372866,11.834962599001003],[-13.73233732337323,11.736010402135292],[-13.951939519395182,11.664834260530114],[-14.121141211412095,11.652682236353627],[-14.265142651426515,11.65962625016877],[-14.32634326343262,11.630114191454425],[-14.45234452344522,11.555466042941688],[-14.60354603546034,11.512065956597084],[-14.682746827468264,11.508593949689512],[-14.718747187471877,11.482553897882738],[-14.77994779947798,11.40616974591623],[-14.945549455494557,11.072857082789596],[-14.999549995499962,10.993000923915503],[-15.042750427504274,10.940920820301969],[-15.093150931509314,11.010360958453347],[-15.053550535505337,11.142297220940975],[-15.096750967509678,11.140561217487189],[-15.179551795517938,11.034665006806335],[-15.222752227522278,11.031192999898764],[-15.21555215552155,11.156185248571248],[-15.262352623526226,11.161393258932605],[-15.31635316353163,11.152713241663676],[-15.39195391953919,11.216945369453711],[-15.399153991539919,11.265553466159673],[-15.395553955539555,11.334993604311052],[-15.348753487534879,11.37839369065567],[-15.355953559535578,11.395753725193515],[-15.399153991539919,11.400961735554873],[-15.449554495544959,11.390545714832157],[-15.478354783547843,11.409641752823788],[-15.427954279542803,11.498177928966811],[-15.251552515525162,11.572826077479533],[-15.16515165151651,11.581506094748462],[-15.071550715507158,11.597130125832521],[-15.121951219512198,11.661362253622556],[-15.229952299522978,11.687402305429316],[-15.31635316353163,11.670042270891472],[-15.359553595535942,11.623170177639295],[-15.413554135541347,11.614490160370366],[-15.503555035550363,11.723858377958791],[-15.499954999549999,11.777674485026111],[-15.46755467554675,11.843642616269932],[-15.41715417154171,11.871418671530478],[-15.211952119521186,11.871418671530478],[-15.132751327513262,11.907874744059953],[-15.100351003510042,11.914818757875096],[-15.071550715507158,11.947802823497],[-15.078750787507857,11.968634864942416],[-15.111151111511106,11.970370868396202],[-15.186751867518666,11.926970782051583],[-15.435154351543503,11.944330816589428],[-15.514355143551427,11.918290764782668],[-15.65115651156512,11.817602564463158],[-15.820358203582032,11.763786457395838],[-15.942759427594268,11.78635450229504],[-15.90315903159032,11.92002676823644],[-15.921159211592112,11.937386802774299],[-15.957159571595696,11.959954847673487],[-16.1371613716137,11.916554761328882],[-16.273962739627393,11.977314882211331],[-16.327963279632797,12.051963030724067],[-16.317163171631705,12.143971213774648],[-16.2559625596256,12.206467338110897],[-16.24516245162451,12.237715400279015],[-16.31356313563134,12.242923410640373],[-16.435964359643577,12.204731334657112],[-16.713167131671298,12.354027631682584]]],[[[-16.115561155611545,11.05896905515931],[-16.19476194761947,11.045081027529037],[-16.23076230762308,11.093689124235013],[-16.23796237962378,11.112785162226643],[-16.19476194761947,11.130145196764488],[-16.176761767617677,11.130145196764488],[-16.14436144361443,11.166601269293963],[-16.10476104761048,11.190905317646937],[-16.08676086760866,11.199585334915866],[-16.06876068760687,11.19784933146208],[-16.05436054360544,11.117993172587987],[-16.072360723607233,11.083273103512298],[-16.115561155611545,11.05896905515931]]],[[[-15.895958959589592,11.083273103512298],[-15.906759067590684,11.055497048251752],[-15.964359643596424,11.05896905515931],[-15.949959499594996,11.08674511041987],[-15.964359643596424,11.095425127688785],[-15.946359463594632,11.180489296924236],[-15.939159391593904,11.192641321100723],[-15.91035910359102,11.161393258932605],[-15.906759067590684,11.147505231302333],[-15.895958959589592,11.083273103512298]]],[[[-15.72675726757268,11.215209365999925],[-15.72675726757268,11.175281286562878],[-15.766357663576628,11.182225300378022],[-15.780757807578084,11.194377324554509],[-15.755557555575564,11.269025473067245],[-15.715957159571587,11.302009538689148],[-15.672756727567275,11.29680152832779],[-15.65835658356582,11.28638550760509],[-15.665556655566547,11.258609452344544],[-15.687156871568703,11.234305403991556],[-15.72675726757268,11.215209365999925]]],[[[-15.553955539555403,11.536370004950058],[-15.561155611556103,11.51380196005087],[-15.618756187561871,11.5328979980425],[-15.535955359553583,11.617962167277938],[-15.481954819548179,11.63185019490821],[-15.485554855548543,11.56761806711819],[-15.525155251552519,11.553730039487903],[-15.553955539555403,11.536370004950058]]],[[[-15.90315903159032,11.465193863344894],[-15.949959499594996,11.433945801176776],[-15.996759967599672,11.449569832260835],[-16.021960219602192,11.477345887521395],[-16.01836018360183,11.527689987681143],[-15.964359643596424,11.598866129286307],[-15.913959139591384,11.588450108563606],[-15.90315903159032,11.465193863344894]]],[[[-15.98595985959858,11.881834692253193],[-16.039960399603984,11.760314450488266],[-16.101161011610117,11.772466474664768],[-16.147961479614793,11.845378619723718],[-16.151561515615157,11.876626681891835],[-16.021960219602192,11.887042702614536],[-15.98595985959858,11.881834692253193]]]]}},{"type":"Feature","id":"324","properties":{"name":"Guinea"},"geometry":{"type":"Polygon","coordinates":[[[-10.283502835028344,8.484475933196848],[-10.359103591035904,8.494891953919549],[-10.395103951039516,8.481003926289276],[-10.495904959049597,8.362955691431935],[-10.5571055710557,8.316083598179745],[-10.603906039060377,8.319555605087317],[-10.654306543065417,8.329971625810018],[-10.686706867068665,8.321291608541102],[-10.711907119071185,8.335179636171375],[-10.701107011070093,8.364691694885707],[-10.675906759067573,8.401147767415182],[-10.629106291062897,8.529612022995238],[-10.503105031050296,8.65981228202908],[-10.499504995049932,8.68758833728964],[-10.553505535055336,8.763972489256162],[-10.603906039060377,8.86813269648323],[-10.60750607506074,8.97923691752544],[-10.614706147061469,9.059093076399535],[-10.726307263072613,9.081661121298723],[-10.747907479074797,9.09554914892901],[-10.751507515075133,9.12158920073577],[-10.722707227072277,9.19450134579472],[-10.686706867068665,9.26046947703854],[-10.6831068310683,9.289981535752872],[-10.690306903069029,9.31428558410586],[-10.758707587075861,9.385461725711025],[-10.863108631086305,9.515661984744867],[-10.963909639096386,9.661486274862767],[-11.046710467104674,9.786478523535251],[-11.115111151111506,9.843766637510143],[-11.179911799117974,9.925358799838008],[-11.205112051120494,9.977438903451542],[-11.273512735127355,9.996534941443173],[-11.471514715147151,9.994798937989401],[-11.709117091170896,9.994798937989401],[-11.910719107191056,9.993062934535615],[-11.921519215192149,9.921886792930437],[-12.141121411214101,9.87501469967826],[-12.277922779227794,9.930566810199366],[-12.429124291242914,9.897582744577463],[-12.50112501125011,9.862862675501773],[-12.522725227252266,9.786478523535251],[-12.558725587255879,9.704886361207372],[-12.591125911259098,9.671902295585468],[-12.60192601926019,9.633710219602207],[-12.623526235262347,9.600726153980304],[-12.65232652326523,9.562534077997043],[-12.684726847268479,9.484413922576735],[-12.756727567275675,9.373309701534524],[-12.832328323283235,9.30213355992936],[-12.958329583295836,9.263941483946098],[-12.997929979299784,9.147629252542544],[-13.026730267302668,9.104229166197925],[-13.077130771307708,9.069509097122236],[-13.131131311313112,9.046941052223033],[-13.177931779317788,9.060829079853306],[-13.235532355323556,9.069509097122236],[-13.293132931329296,9.04867705567682],[-13.303933039330389,9.078189114391165],[-13.267932679326776,9.170197297441732],[-13.29673296732966,9.218805394147708],[-13.39753397533974,9.31428558410586],[-13.404734047340469,9.361157677358037],[-13.437134371343717,9.420181794786714],[-13.566735667356681,9.543438040005412],[-13.692736927369282,9.536494026190283],[-13.65673656736567,9.638918229963565],[-13.660336603366034,9.776062502812536],[-13.699936999369982,9.850710651325272],[-13.689136891368918,9.927094803291794],[-13.714337143371438,9.923622796384223],[-13.753937539375386,9.869806689316903],[-13.818738187381854,9.887166723854747],[-13.955539555395546,9.968758886182627],[-14.020340203402014,10.04861504505672],[-14.031140311403107,10.114583176300528],[-14.045540455404534,10.140623228107302],[-14.08514085140851,10.126735200477015],[-14.171541715417135,10.1284712039308],[-14.4271442714427,10.248255442241941],[-14.610746107461068,10.550320043200443],[-14.614346143461432,10.61802417789805],[-14.589145891458912,10.734336409301605],[-14.592745927459276,10.767320474923508],[-14.675546755467536,10.689200319503215],[-14.693546935469357,10.741280423116748],[-14.758347583475825,10.86280066488166],[-14.776347763477617,10.93224080303304],[-14.837548375483749,10.961752861747385],[-14.887948879488789,10.968696875562514],[-14.923949239492401,10.94439282720954],[-14.974349743497442,10.803776547452983],[-15.01395013950139,10.803776547452983],[-15.049950499505002,10.835024609621115],[-15.042750427504274,10.940920820301969],[-14.999549995499962,10.993000923915503],[-14.945549455494557,11.072857082789596],[-14.77994779947798,11.40616974591623],[-14.718747187471877,11.482553897882738],[-14.682746827468264,11.508593949689512],[-14.60354603546034,11.512065956597084],[-14.45234452344522,11.555466042941688],[-14.32634326343262,11.630114191454425],[-14.265142651426515,11.65962625016877],[-14.121141211412095,11.652682236353627],[-13.951939519395182,11.664834260530114],[-13.73233732337323,11.736010402135292],[-13.728737287372866,11.834962599001003],[-13.73233732337323,11.959954847673487],[-13.739537395373958,12.010298947833249],[-13.815138151381518,12.053699034177853],[-13.861938619386194,12.0936271136149],[-13.901539015390142,12.142235210320862],[-13.948339483394818,12.178691282850338],[-13.948339483394818,12.215147355379813],[-13.887138871388714,12.246395417547944],[-13.851138511385102,12.263755452085789],[-13.761137611376114,12.262019448632003],[-13.728737287372866,12.281115486623634],[-13.70713707137071,12.312363548791751],[-13.68193681936819,12.39395571111963],[-13.674736747367461,12.479019880355068],[-13.73233732337323,12.593596108304851],[-13.728737287372866,12.67345226717893],[-13.404734047340469,12.66303624645623],[-13.37233372333722,12.6543562291873],[-13.228332283322828,12.638732198103241],[-13.13833138331384,12.640468201557027],[-13.084330843308436,12.633524187741898],[-13.059130591305916,12.614428149750267],[-13.06273062730628,12.58144408412835],[-13.080730807308072,12.53630799432996],[-13.06273062730628,12.48943590107777],[-13.01233012330124,12.477283876901282],[-12.98712987129872,12.491171904531555],[-12.9619296192962,12.513739949430757],[-12.929529295292951,12.532835987422388],[-12.889928899288975,12.5206839632459],[-12.796327963279623,12.451243825094522],[-12.713527135271335,12.433883790556663],[-12.619926199261982,12.395691714573417],[-12.533525335253358,12.376595676581786],[-12.457924579245798,12.378331680035558],[-12.40032400324003,12.340139604052311],[-12.292322923229221,12.32798757987581],[-12.151921519215193,12.376595676581786],[-12.043920439204385,12.397427718027188],[-11.8891188911889,12.402635728388546],[-11.806318063180612,12.387011697304487],[-11.572315723157232,12.426939776741534],[-11.457114571145695,12.418259759472605],[-11.388713887138863,12.404371731842332],[-11.417514175141747,12.378331680035558],[-11.446314463144631,12.319307562606895],[-11.475114751147515,12.246395417547944],[-11.5039150391504,12.197787320841968],[-11.493114931149307,12.16653925867385],[-11.413914139141383,12.104043134337601],[-11.305913059130575,12.015506958194592],[-11.259112591125898,12.003354934018105],[-11.208712087120858,12.024186975463522],[-11.129511295112934,12.095363117068686],[-11.064710647106466,12.170011265581422],[-11.003510035100334,12.208203341564683],[-10.931509315093138,12.204731334657112],[-10.877508775087733,12.152651231043578],[-10.805508055080537,12.034602996186223],[-10.744307443074433,11.926970782051583],[-10.733507335073341,11.916554761328882],[-10.708307083070821,11.899194726791038],[-10.675906759067573,11.899194726791038],[-10.643506435064353,11.925234778597797],[-10.618306183061833,11.940858809681856],[-10.589505895058949,11.989466906387833],[-10.467104671046712,12.138763203413305],[-10.373503735037332,12.178691282850338],[-10.341103411034112,12.190843307026839],[-10.276302763027616,12.213411351926027],[-10.168301683016836,12.176955279396552],[-10.009900099000987,12.116195158514103],[-9.81909819098189,12.043283013455152],[-9.754297542975422,12.02939498582488],[-9.714697146971474,12.043283013455152],[-9.657096570965706,12.143971213774648],[-9.588695886958874,12.18216328975791],[-9.487894878948794,12.2290353830101],[-9.405094050940505,12.251603427909288],[-9.35829358293583,12.25507543481686],[-9.340293402934037,12.28285149007742],[-9.333093330933309,12.324515572968238],[-9.340293402934037,12.36617965585907],[-9.394293942939413,12.442563807825593],[-9.394293942939413,12.465131852724795],[-9.365493654936557,12.479019880355068],[-9.30069300693006,12.48943590107777],[-9.214292142921437,12.48249188726264],[-9.120691206912056,12.449507821640736],[-9.041490414904132,12.402635728388546],[-8.99828998289982,12.345347614413654],[-8.951489514895144,12.225563376102528],[-8.915489154891532,12.109251144698959],[-8.818288182881815,11.921762771690226],[-8.818288182881815,11.807186543740457],[-8.82188821888218,11.673514277799043],[-8.778687786877867,11.64747422599227],[-8.731887318873191,11.637058205269568],[-8.710287102871035,11.617962167277938],[-8.66348663486633,11.515537963504656],[-8.620286202862019,11.484289901336524],[-8.569885698856979,11.477345887521395],[-8.469084690846898,11.411377756277574],[-8.407884078840794,11.3870737079246],[-8.397083970839702,11.366241666479183],[-8.400684006840066,11.34020161467241],[-8.425884258842586,11.30548154559672],[-8.46188461884617,11.281177497243732],[-8.519485194851939,11.236041407445342],[-8.566285662856615,11.177017290016664],[-8.66348663486633,11.036401010260121],[-8.667086670866695,11.008624954999561],[-8.645486454864539,10.991264920461717],[-8.605886058860591,10.987792913554145],[-8.56268562685625,10.996472930823074],[-8.476284762847627,11.048553034436608],[-8.40428404284043,11.029456996444978],[-8.33588335883357,10.991264920461717],[-8.314283142831414,10.949600837570884],[-8.307083070830714,10.895784730503564],[-8.321483214832142,10.826344592352186],[-8.325083250832506,10.749960440385664],[-8.299882998829986,10.61802417789805],[-8.267482674826738,10.486087915410423],[-8.231482314823154,10.437479818704446],[-8.008280082800809,10.321167587300891],[-7.986679866798653,10.277767500956273],[-7.975879758797589,10.22915940425031],[-7.990279902799017,10.16319127300649],[-8.011880118801173,10.124999197023229],[-8.07668076680767,10.067711083048351],[-8.137881378813773,10.022574993249947],[-8.155881558815594,9.973966896543985],[-8.145081450814502,9.881958713493404],[-8.145081450814502,9.67537430249304],[-8.137881378813773,9.496565946753236],[-8.087480874808733,9.430597815509415],[-8.029880298802993,9.397613749887512],[-7.961479614796133,9.404557763702655],[-7.896678966789665,9.416709787879142],[-7.900279002790029,9.309077573744503],[-7.918279182791821,9.189293335433362],[-7.839078390783897,9.151101259450115],[-7.799477994779949,9.11464518692064],[-7.777877778777793,9.081661121298723],[-7.903879038790393,9.017428993508702],[-7.939879398793977,8.97923691752544],[-7.954279542795433,8.880284720659716],[-7.950679506795069,8.78654053415535],[-7.785077850778492,8.720572402911543],[-7.720277202772024,8.642452247491235],[-7.69147691476914,8.562596088617155],[-7.680676806768048,8.409827784684111],[-7.695076950769504,8.375107715608422],[-7.738277382773816,8.375107715608422],[-7.788677886778856,8.421979808860598],[-7.824678246782469,8.467115898659003],[-7.867878678786781,8.467115898659003],[-7.954279542795433,8.477531919381704],[-8.047880478804785,8.494891953919549],[-8.166681666816658,8.491419947011991],[-8.20988209882097,8.482739929743062],[-8.238682386823854,8.454963874482516],[-8.245882458824582,8.408091781230326],[-8.256682566825674,8.253587473843496],[-8.217082170821698,8.218867404767806],[-8.141481414814137,8.180675328784545],[-8.091080910809097,8.165051297700487],[-8.047880478804785,8.170259308061844],[-8.015480154801537,8.14421925625507],[-8.008280082800809,8.078251125011263],[-8.033480334803329,8.029643028305301],[-8.073080730807305,7.984506938506897],[-8.12708127081271,7.868194707103342],[-8.116281162811617,7.824794620758723],[-8.116281162811617,7.760562492968688],[-8.206282062820634,7.590434154497814],[-8.231482314823154,7.557450088875896],[-8.350283502835026,7.590434154497814],[-8.42948429484295,7.602586178674301],[-8.48708487084869,7.559186092329682],[-8.523085230852303,7.585226144136456],[-8.56268562685625,7.625154223573503],[-8.577085770857707,7.677234327187037],[-8.605886058860591,7.687650347909738],[-8.659886598865995,7.687650347909738],[-8.706687066870671,7.658138289195406],[-8.728287282872827,7.6060581855818725],[-8.731887318873191,7.543562061245623],[-8.739087390873891,7.494953964539661],[-8.767887678876775,7.467177909279101],[-8.829088290882908,7.392529760766365],[-8.854288542885428,7.323089622614987],[-8.890288902889012,7.2623295017325376],[-8.937089370893716,7.265801508640095],[-8.962289622896236,7.2744815259090245],[-8.976689766897664,7.258857494824966],[-9.052290522905224,7.225873429203062],[-9.117091170911692,7.215457408480347],[-9.135091350913513,7.250177477556036],[-9.171091710917096,7.277953532816596],[-9.214292142921437,7.333505643337702],[-9.264692646926477,7.376905729682306],[-9.354693546935465,7.408153791850438],[-9.390693906939077,7.394265764220151],[-9.43389433894339,7.397737771127723],[-9.462694626946274,7.415097805665567],[-9.45909459094591,7.442873860926127],[-9.412294122941233,7.51057799562372],[-9.38349383493835,7.571338116506183],[-9.369093690936893,7.639042251203776],[-9.369093690936893,7.703274378993811],[-9.394293942939413,7.7952825620443775],[-9.437494374943753,7.866458703649556],[-9.444694446944453,7.908122786540375],[-9.441094410944117,7.967146903969052],[-9.451894518945181,8.022699014490158],[-9.466294662946638,8.05221107320449],[-9.469894698946973,8.107763183725595],[-9.48429484294843,8.156371280431571],[-9.50949509495095,8.175467318423202],[-9.523895238952377,8.260531487658639],[-9.51669516695165,8.345595656894076],[-9.552695526955262,8.378579722515994],[-9.61029610296103,8.402883770868968],[-9.64269642696425,8.435867836490885],[-9.664296642966434,8.474059912474132],[-9.682296822968226,8.484475933196848],[-9.700297002970018,8.482739929743062],[-9.71829718297181,8.458435881390074],[-9.73629736297363,8.45322787102873],[-9.76869768697685,8.534820033356596],[-9.783097830978306,8.538292040264167],[-9.804698046980462,8.519196002272537],[-10.063900639006391,8.430659826129528],[-10.074700747007455,8.465379895205217],[-10.096300963009611,8.505307974642264],[-10.146701467014651,8.519196002272537],[-10.233102331023304,8.489683943558205],[-10.283502835028344,8.484475933196848]]]}},{"type":"Feature","id":"288","properties":{"name":"Ghana"},"geometry":{"type":"Polygon","coordinates":[[[-0.07020070200701412,11.116257169134201],[-0.005400054000546106,11.055497048251752],[0.009000090000910177,11.020776979176063],[-0.012600126001245826,10.89057672014222],[-0.0594005940059219,10.800304540545426],[-0.09180091800917012,10.715240371309974],[-0.08460084600844198,10.673576288419142],[-0.0594005940059219,10.630176202074537],[0.03780037800379432,10.564208070830716],[0.08820088200883447,10.520807984486112],[0.1494014940149384,10.45483985324229],[0.2178021780217989,10.39060772545227],[0.33300333003330707,10.307279559670604],[0.37980379803798314,10.291655528586546],[0.37980379803798314,10.269087483687358],[0.3618036180361912,10.23610341806544],[0.351003510035099,9.925358799838008],[0.3438034380343993,9.843766637510143],[0.33300333003330707,9.803838558073096],[0.32220322203221485,9.687526326669527],[0.31140311403115106,9.670166292131682],[0.28980289802899506,9.671902295585468],[0.26820268202683906,9.668430288677897],[0.264602646026475,9.644126240324923],[0.2718027180271747,9.62155819542572],[0.3438034380343993,9.604198160887876],[0.3258032580325789,9.586838126350031],[0.2754027540275388,9.571214095265972],[0.2502025020250187,9.536494026190283],[0.2610026100261109,9.49482994329945],[0.23220232202322677,9.463581881131319],[0.24300243002431898,9.442749839685916],[0.2610026100261109,9.425389805148072],[0.28980289802899506,9.432333818963201],[0.372603726037255,9.48614992603052],[0.4050040500405032,9.491357936391879],[0.4482044820448152,9.480941915669177],[0.5274052740527395,9.399349753341298],[0.5274052740527395,9.357685670450465],[0.49860498604985537,9.220541397601494],[0.4662046620466356,9.11464518692064],[0.45900459004590743,8.974028907164083],[0.4950049500495197,8.894172748290003],[0.4878048780487916,8.850772661945385],[0.4518045180451793,8.81431658941591],[0.372603726037255,8.758764478894804],[0.37980379803798314,8.722308406365329],[0.41580415804159543,8.65286826821395],[0.4842048420484275,8.574748112793642],[0.617406174061756,8.47926792283549],[0.6858068580685881,8.354275674163006],[0.6894068940689522,8.303931574003258],[0.6462064620646402,8.253587473843496],[0.5994059940599357,8.210187387498891],[0.5850058500585078,8.145955259708856],[0.6066060660606638,7.727578427346785],[0.49860498604985537,7.547034068153195],[0.49860498604985537,7.494953964539661],[0.5094050940509476,7.435929847110984],[0.5382053820538317,7.399473774581509],[0.592205922059236,7.389057753858808],[0.635406354063548,7.354337684783118],[0.6210062100621201,7.225873429203062],[0.5958059580596,7.0974091736230065],[0.592205922059236,7.033177045832971],[0.5778057780577797,7.00366498711864],[0.5382053820538317,6.979360938765652],[0.5238052380523754,6.939432859328605],[0.5346053460534677,6.889088759168857],[0.5238052380523754,6.850896683185596],[0.5490054900548955,6.802288586479634],[0.5958059580596,6.74152846559717],[0.6714067140671602,6.592232168571698],[0.70380703807038,6.580080144395211],[0.7146071460714722,6.548832082227079],[0.7074070740707441,6.519320023512748],[0.7362073620736282,6.453351892268941],[0.8226082260822807,6.385647757571334],[0.9126091260912688,6.328359643596457],[0.9846098460984649,6.3196796263275274],[1.0026100261002568,6.2693355261677794],[1.0494104941049613,6.2033673949239585],[1.0854108541085452,6.173855336209627],[1.1394113941139494,6.154759298217996],[1.1862118621186255,6.144343277495295],[1.1862118621186255,6.08879116697419],[1.1070110701107012,6.050599090990929],[1.0494104941049613,5.993310977016037],[1.006210062100621,5.906510804326814],[0.948609486094881,5.811030614368661],[0.7506075060750561,5.760686514208899],[0.6714067140671602,5.7589505107551275],[0.2610026100261109,5.757214507301342],[-0.1278012780127824,5.567990130838822],[-0.3474034740347349,5.50028599614123],[-0.4842048420484275,5.394389785460362],[-0.6678066780667677,5.318005633493854],[-0.7974079740797322,5.225997450443273],[-1.0638106381063608,5.182597364098655],[-1.5030150301502943,5.03850907743454],[-1.6398163981639868,4.9812209634596485],[-1.776617766177651,4.880532763140138],[-2.0034200342003317,4.762484528282798],[-2.089820898208984,4.7642205317365836],[-2.2662226622266246,4.873588749325009],[-2.3994239942399247,4.929140859846115],[-2.72342723427235,5.014205029081552],[-2.9646296462964585,5.045453091249669],[-3.0834308343083308,5.0819091637791445],[-3.112231122311215,5.088853177594288],[-3.087030870308695,5.128781257031335],[-3.0186301863018628,5.130517260485121],[-2.9466294662946666,5.118365236308634],[-2.8962289622896265,5.149613298476751],[-2.817028170281702,5.153085305384323],[-2.795427954279546,5.184333367552441],[-2.788227882278818,5.264189526426534],[-2.788227882278818,5.328421654216555],[-2.763027630276298,5.356197709477115],[-2.75582755827557,5.432581861443623],[-2.795427954279546,5.59923819300694],[-2.8206282062820662,5.61833423099857],[-2.9610296102960945,5.642638279351559],[-2.9718297182971867,5.675622344973462],[-2.9970299702997067,5.712078417502937],[-3.025830258302591,5.797142586738374],[-3.0546305463054466,5.92560684231843],[-3.1050310503104868,6.085319160066618],[-3.202232022320203,6.347455681588073],[-3.2238322383223874,6.44119986809244],[-3.2418324183241793,6.5349440545968065],[-3.2454324543245434,6.6495202825465896],[-3.2238322383223874,6.691184365437422],[-3.227432274322723,6.748472479412314],[-3.234632346323451,6.807496596840977],[-3.169831698316983,6.941168862782391],[-3.0366303663036547,7.104353187438136],[-3.0114301143011346,7.163377304866813],[-2.9862298622986145,7.205041387757646],[-2.9826298262982505,7.264065505186309],[-2.9574295742957304,7.455025885102614],[-2.8962289622896265,7.6841783410021804],[-2.85662856628565,7.7727145171451895],[-2.83142831428313,7.819586610397366],[-2.7990279902799102,7.895970762363888],[-2.788227882278818,7.932426834893363],[-2.669426694266946,8.022699014490158],[-2.6118261182611775,8.047003062843146],[-2.6010260102600853,8.081723131918835],[-2.6190261902619056,8.121651211355882],[-2.6118261182611775,8.147691263162642],[-2.5830258302582934,8.161579290792929],[-2.5398253982539813,8.17199531151563],[-2.507425074250733,8.208451384045105],[-2.5578255782557733,8.493155950465763],[-2.5974259742597496,8.776124513432649],[-2.6010260102600853,8.800428561785637],[-2.6262262622626054,8.84035664122267],[-2.64782647826479,8.956668872626238],[-2.691026910269102,9.024373007323831],[-2.74862748627487,9.045205048769247],[-2.745027450274506,9.109437176559283],[-2.6874268742687377,9.218805394147708],[-2.67302673026731,9.283037521937729],[-2.7018270182701656,9.30213355992936],[-2.7054270542705297,9.350741656635336],[-2.6874268742687377,9.432333818963201],[-2.694626946269466,9.480941915669177],[-2.7054270542705297,9.534758022736497],[-2.766627666276662,9.658014267955195],[-2.78102781027809,9.746550444098204],[-2.74862748627487,9.796894544257952],[-2.7522275222752057,9.90973476875395],[-2.784627846278454,10.08333511413241],[-2.788227882278818,10.192703331720836],[-2.766627666276662,10.237839421519226],[-2.777427774277726,10.281239507863845],[-2.8206282062820662,10.322903590754677],[-2.8242282422824303,10.36283167019171],[-2.788227882278818,10.402759749628757],[-2.791827918279182,10.432271808343103],[-2.838628386283858,10.45483985324229],[-2.878228782287806,10.50865596030961],[-2.9142291422914184,10.591984126091276],[-2.9070290702906902,10.727392395486476],[-2.838628386283858,10.977376892831444],[-2.83142831428313,10.99820893427686],[-2.7522275222752057,10.996472930823074],[-2.7522275222752057,10.98605691010036],[-2.507425074250733,10.98952891700793],[-2.2302223022230123,10.991264920461717],[-1.8990189901898873,10.994736927369289],[-1.6002160021600105,10.99820893427686],[-1.5858158581585826,11.008624954999561],[-1.5354153541535425,11.022512982629834],[-1.2330123301233016,10.996472930823074],[-1.0422104221042048,11.010360958453347],[-0.9630096300962805,11.001680941184432],[-0.9018090180901766,10.984320906646587],[-0.7722077220772121,10.994736927369289],[-0.700207002070016,10.98952891700793],[-0.6498064980649758,10.927032792671696],[-0.6282062820628198,10.927032792671696],[-0.5994059940599357,10.953072844478456],[-0.5454054540545314,10.984320906646587],[-0.49140491404912723,11.006888951545776],[-0.4518045180451793,11.055497048251752],[-0.4302043020430233,11.093689124235013],[-0.394203942039411,11.085009106966083],[-0.3474034740347349,11.088481113873655],[-0.31140311403112264,11.119729176041773],[-0.30060300603005885,11.166601269293963],[-0.07020070200701412,11.116257169134201]]]}},{"type":"Feature","id":"270","properties":{"name":"Gambia"},"geometry":{"type":"Polygon","coordinates":[[[-16.561965619656178,13.58659008386961],[-16.309963099630977,13.59700610459231],[-16.000360003600036,13.593534097684739],[-15.665556655566547,13.58832608732338],[-15.510755107551063,13.58659008386961],[-15.427954279542803,13.727206363626152],[-15.269552695526954,13.789702487962401],[-15.107551075510742,13.81227053286159],[-15.024750247502482,13.80532651904646],[-14.934749347493465,13.784494477601044],[-14.765547655476553,13.66991824965126],[-14.661146611466108,13.642142194390715],[-14.57114571145712,13.61610214258394],[-14.506345063450624,13.560550032062835],[-14.405544055440544,13.503261918087944],[-14.32634326343262,13.48937389045767],[-14.279542795427943,13.496317904272814],[-14.200342003420019,13.518885949172002],[-14.146341463414615,13.536245983709847],[-13.977139771397702,13.54318999752499],[-13.851138511385102,13.478957869734955],[-13.825938259382582,13.407781728129791],[-13.847538475384738,13.33486958307084],[-14.013140131401315,13.29667750708758],[-14.247142471424695,13.23591738620513],[-14.437944379443792,13.268901451827034],[-14.6719467194672,13.352229617608685],[-14.808748087480865,13.411253735037363],[-14.866348663486633,13.435557783390351],[-14.949149491494921,13.472013855919826],[-15.024750247502482,13.513677938810659],[-15.096750967509678,13.539717990617419],[-15.150751507515082,13.557078025155263],[-15.19035190351903,13.534509980256061],[-15.211952119521186,13.485901883550099],[-15.244352443524434,13.428613769575207],[-15.287552875528746,13.395629703953304],[-15.481954819548179,13.376533665961674],[-15.65835658356582,13.355701624516257],[-15.7519575195752,13.338341589978413],[-15.813158131581304,13.32445356234814],[-15.83475834758346,13.156061227331037],[-16.032760327603256,13.157797230784823],[-16.227162271622717,13.159533234238609],[-16.43236432364324,13.157797230784823],[-16.64836648366483,13.154325223877251],[-16.7059670596706,13.119605154801562],[-16.76356763567634,13.064053044280456],[-16.770767707677066,13.149117213515893],[-16.82476824768247,13.341813596885984],[-16.74916749167491,13.425141762667636],[-16.669966699666986,13.475485862827398],[-16.615966159661582,13.435557783390351],[-16.59796597965979,13.357437627970043],[-16.554765547655478,13.303621520902723],[-16.41436414364142,13.268901451827034],[-16.27036270362703,13.293205500180022],[-16.183961839618377,13.282789479457307],[-16.18756187561874,13.326189565801926],[-16.158761587615857,13.383477679776817],[-15.98595985959858,13.409517731583577],[-15.805958059580604,13.425141762667636],[-15.618756187561871,13.459861831743325],[-15.471154711547115,13.458125828289553],[-15.427954279542803,13.468541849012254],[-15.438754387543867,13.482429876642527],[-15.568355683556831,13.499789911180372],[-15.849158491584916,13.459861831743325],[-16.1371613716137,13.447709807566838],[-16.353163531635317,13.34354960033977],[-16.43956439564394,13.353965621062471],[-16.529565295652958,13.458125828289553],[-16.561965619656178,13.58659008386961]]]}},{"type":"Feature","id":"266","properties":{"name":"Gabon"},"geometry":{"type":"Polygon","coordinates":[[[13.293132931329325,2.161951354513562],[13.28953289532896,2.0925112163621833],[13.210332103321036,1.9206468744375087],[13.170731707317088,1.788710611949881],[13.16353163531636,1.6480943321933381],[13.185131851318516,1.535254107697341],[13.221132211322129,1.4553979488232471],[13.246332463324649,1.3668617726802381],[13.228332283322828,1.3061016517977748],[13.18873188731888,1.280061599991015],[13.217532175321764,1.2488135378228975],[13.275132751327533,1.241869524007754],[13.372333723337249,1.267909575814528],[13.52353523535237,1.3147816690667042],[13.721537215372166,1.3824858037642969],[13.85113851138513,1.418941876293772],[14.067140671406719,1.396373831394584],[14.182341823418227,1.3703337795878099],[14.239942399423995,1.3217256828818478],[14.304743047430492,1.1203492822428416],[14.333543335433347,1.0908372235284958],[14.387543875438752,1.0040370508392726],[14.430744307443092,0.9016128470659908],[14.437944379443792,0.8495327434524427],[14.434344343443428,0.8113406674691817],[14.391143911439116,0.755788556948076],[14.340743407434076,0.6741963946202105],[14.322743227432284,0.6238522944604625],[14.283142831428307,0.5873962219309874],[14.232742327423267,0.5509401494015123],[14.088740887408875,0.5370521217712252],[14.067140671406719,0.5144840768720371],[14.023940239402407,0.4276839041827998],[13.948339483394847,0.3530357556700636],[13.915939159391598,0.2835956175186851],[13.88353883538835,0.19158743446810433],[13.890738907389078,0.0752752030645496],[13.87633876338765,-0.09138112849876734],[13.85833858338583,-0.20248534954097863],[13.897938979389806,-0.24241342897802554],[14.070740707407083,-0.27018948423858546],[14.103141031410331,-0.29275752913777353],[14.149941499415007,-0.36219766728916625],[14.207542075420747,-0.428165798532973],[14.362343623436232,-0.4680938779700199],[14.423544235442364,-0.5184379781297679],[14.473944739447404,-0.5739900886508735],[14.481144811448132,-0.6191261784492781],[14.44514445144452,-0.7996705376428679],[14.409144091440908,-0.9715348795675283],[14.423544235442364,-1.103471142055156],[14.437944379443792,-1.230199394181426],[14.455944559445612,-1.4124797568288017],[14.448744487444884,-1.5253199813247988],[14.401944019440208,-1.5930241160223915],[14.401944019440208,-1.6468402230897112],[14.423544235442364,-1.7110723508797463],[14.383943839438388,-1.8898807066195502],[14.358743587435868,-1.919392765333896],[14.286742867428671,-1.9541128344095853],[14.250742507425088,-2.0009849276617615],[14.239942399423995,-2.0773690796282835],[14.200342003420047,-2.1797932834015654],[14.164341643416435,-2.2179853593848264],[14.164341643416435,-2.264857452637017],[14.200342003420047,-2.301313525166492],[14.200342003420047,-2.353393628780026],[14.128341283412851,-2.4176257565700467],[14.088740887408875,-2.466233853276023],[13.995139951399523,-2.490537901628997],[13.887138871388714,-2.466233853276023],[13.861938619386194,-2.429777780746548],[13.887138871388714,-2.3742256702254423],[13.879938799388015,-2.3308255838808236],[13.840338403384038,-2.2839534906286474],[13.78273782737827,-2.1641692523175067],[13.73233732337323,-2.138129200510747],[13.70713707137071,-2.186737297216709],[13.617136171361722,-2.2787454802672897],[13.465934659346601,-2.3950577116708587],[13.357933579335793,-2.4054737323935598],[13.159931599315996,-2.3690176598640846],[12.990729907299084,-2.313465549342979],[12.915129151291524,-2.176321276494008],[12.864728647286483,-2.0634810519980107],[12.792727927279287,-1.931544789510383],[12.713527135271363,-1.8690486651741338],[12.62712627126271,-1.8291205857371011],[12.591125911259127,-1.8273845822833152],[12.46872468724689,-1.9002967273422655],[12.432724327243278,-1.9280727826028112],[12.432724327243278,-1.9905689069390604],[12.44352443524437,-2.047857020913952],[12.461524615246162,-2.0756330761744977],[12.479524795247954,-2.112089148703973],[12.47592475924759,-2.1693772626788643],[12.454324543245434,-2.2457614146453864],[12.447124471244706,-2.3308255838808236],[12.06552065520657,-2.4124177462087033],[11.997119971199709,-2.3829056874943575],[11.950319503195033,-2.3447136115110965],[11.892718927189293,-2.35165762532624],[11.727117271172716,-2.3950577116708587],[11.665916659166612,-2.363809649502727],[11.60471604716048,-2.3429776080573106],[11.57951579515796,-2.3603376425951694],[11.575915759157596,-2.3967937151246446],[11.60471604716048,-2.594698108856079],[11.593915939159388,-2.671082260822601],[11.557915579155804,-2.770034457688311],[11.536315363153648,-2.836002588932132],[11.640716407164092,-2.8550986269237626],[11.676716767167676,-2.88634668909188],[11.712717127171288,-2.936690789251628],[11.759517595175964,-2.9835628825038185],[11.763117631176328,-3.0113389377643642],[11.709117091170924,-3.063419041377898],[11.687516875168768,-3.127651169167933],[11.716317163171652,-3.1762592658738953],[11.784717847178484,-3.228339369487429],[11.885518855188565,-3.283891480008535],[11.935919359193605,-3.318611549084224],[11.928719287192877,-3.3515956147061274],[11.8819188191882,-3.42103575285752],[11.863918639186409,-3.4783238668324117],[11.83151831518316,-3.5321399738997314],[11.838718387183889,-3.5807480706056936],[11.885518855188565,-3.625884160404098],[11.878318783187837,-3.665812239841131],[11.849518495184952,-3.6970603020092625],[11.784717847178484,-3.690116288194119],[11.734317343173444,-3.6953242985554766],[11.687516875168768,-3.6814362709251895],[11.536315363153648,-3.525195960084588],[11.5039150391504,-3.5199879497232303],[11.287912879128811,-3.641508191488157],[11.233912339123407,-3.690116288194119],[11.190711907119066,-3.7612924297992834],[11.129511295112962,-3.9157967371861133],[11.032310323103246,-3.8272605610431043],[10.945909459094594,-3.6623402329335732],[10.848708487084878,-3.561652032614063],[10.639906399063989,-3.398467707958318],[10.585905859058585,-3.278683469647177],[10.34830348303484,-3.01307494121815],[10.006300063000623,-2.7492024162428947],[9.757897578975786,-2.518313956889557],[9.721897218972202,-2.467969856729809],[9.765097650976514,-2.4731778670911524],[10.002700027000287,-2.5877540950409355],[10.035100351003507,-2.5756020708644485],[10.060300603006027,-2.5495620190576744],[9.959499594995947,-2.490537901628997],[9.86229862298623,-2.441929804923035],[9.768697686976878,-2.4124177462087033],[9.675096750967526,-2.415889753116275],[9.624696246962486,-2.3672816564102988],[9.592295922959238,-2.2926335078975626],[9.574295742957446,-2.2301373835613276],[9.53469534695347,-2.1641692523175067],[9.40149401494017,-2.0270249794685355],[9.369093690936921,-1.9749448758550017],[9.30069300693009,-1.903768734249823],[9.343893438934401,-1.893352713527122],[9.48429484294843,-1.9627928516785005],[9.495094950949522,-1.9350167964179548],[9.48429484294843,-1.8950887169809079],[9.343893438934401,-1.8291205857371011],[9.264692646926477,-1.8256485788295294],[9.246692466924685,-1.778776485577339],[9.257492574925749,-1.726696381963805],[9.156691566915669,-1.5270559847785847],[9.052290522905224,-1.3794956912068983],[9.037890378903796,-1.308319549601734],[9.318693186931881,-1.6312161920056525],[9.35829358293583,-1.638160205820796],[9.405094050940505,-1.6346881989132243],[9.523895238952406,-1.5982321263837491],[9.50229502295025,-1.5548320400391304],[9.448294482944846,-1.50969595024074],[9.397893978939805,-1.5305279916861565],[9.329493294932945,-1.5339999985937283],[9.297092970929725,-1.5149039606020978],[9.279092790927905,-1.4819198949801802],[9.347493474934765,-1.3256795841395785],[9.318693186931881,-1.332623597954722],[9.297092970929725,-1.3603996532152678],[9.261092610926113,-1.3742876808455406],[9.203492034920345,-1.38296769811447],[9.063090630906316,-1.2979035288790186],[8.94068940689408,-1.0722230798870385],[8.908289082890832,-1.025350986634848],[8.875888758887584,-0.9454948277607684],[8.843488434884364,-0.9142467655926367],[8.703087030870307,-0.5913501231887182],[8.757087570875711,-0.6156541715417063],[8.821888218882208,-0.7076623545922871],[8.947889478894808,-0.6885663166006566],[8.994689946899484,-0.6347502095333368],[9.037890378903796,-0.6364862129871227],[9.081090810908108,-0.6243341888106215],[9.135091350913513,-0.5739900886508735],[9.297092970929725,-0.35178164656645095],[9.340293402934037,-0.05839706287686397],[9.32589325893261,0.1152032825015823],[9.30069300693009,0.28880362788004277],[9.354693546935465,0.3443557384011484],[9.37629376293765,0.3078996658716733],[9.387093870938713,0.2454035415354241],[9.412294122941233,0.20026745173703375],[9.469894698947002,0.16033937229998685],[9.574295742957446,0.14818734812349987],[9.739897398973994,0.08569122378725069],[9.797497974979763,0.044027140896417905],[9.81189811898119,0.1256193032242976],[10.002700027000287,0.1950594413756761],[9.945099450994519,0.21936348972866426],[9.775897758977607,0.19332343792189022],[9.545495454954562,0.2957476416951863],[9.469894698947002,0.36171577293899304],[9.397893978939805,0.4867080216114772],[9.32589325893261,0.5526761528552981],[9.329493294932945,0.6117002702839613],[9.495094950949522,0.6655163773512811],[9.538295382953834,0.6585723635361518],[9.556295562955626,0.5943402357461167],[9.599495994959966,0.5683001839393569],[9.617496174961758,0.5769802012082721],[9.624696246962486,0.6307963082755919],[9.624696246962486,0.7800926053010642],[9.574295742957446,0.9918850266627857],[9.592295922959238,1.0318131060998184],[9.63549635496355,1.0474371371838913],[9.675096750967526,1.075213192444437],[9.70389703897041,1.0804212028057947],[9.76149761497615,1.075213192444437],[9.790297902979034,1.024869092284689],[9.80469804698049,0.998829040477915],[9.858698586985867,0.986677016301428],[9.905499054990543,0.960636964494654],[9.945099450994519,0.9675809783097975],[9.981099810998103,0.9970930370241291],[10.027900279002807,1.0040370508392726],[10.179101791017928,1.0040370508392726],[10.315903159031592,1.0023010473854868],[10.585905859058585,1.0023010473854868],[10.85950859508597,1.0005650439317009],[11.129511295112962,1.0005650439317009],[11.334713347133487,1.0005650439317009],[11.334713347133487,1.1203492822428416],[11.334713347133487,1.3078376552515607],[11.331113311133123,1.5283100938821974],[11.331113311133123,1.740102515243919],[11.331113311133123,1.9362709055215674],[11.327513275132759,2.1671593648749052],[11.338313383133851,2.233127496118726],[11.352713527135279,2.260903551379272],[11.349113491134915,2.299095627362533],[11.557915579155804,2.3025676342701047],[11.939519395193969,2.28520759973226],[12.105121051210517,2.286943603186046],[12.151921519215193,2.28520759973226],[12.360723607236082,2.295623620454961],[12.529925299252994,2.2817355928246883],[12.60192601926019,2.2643755582868437],[12.666726667266687,2.2574315444717143],[12.868328683286848,2.247015523748999],[13.131131311313112,2.259167547925486],[13.221132211322129,2.2556955410179285],[13.271532715327169,2.2244474788497968],[13.293132931329325,2.161951354513562]]]}},{"type":"Feature","id":"231","properties":{"name":"Ethiopia"},"geometry":{"type":"Polygon","coordinates":[[[35.26775267752677,5.4916059788723],[35.253352533525344,5.510702016863931],[35.163351633516356,5.581878158469095],[35.08055080550807,5.673886341519676],[35.03015030150303,5.774574541839186],[34.98334983349835,5.857902707620838],[34.95814958149583,6.045391080629571],[34.8969489694897,6.159967308579354],[34.83934839348393,6.300583588335897],[34.74934749347494,6.56792812021871],[34.709747097470995,6.659936303269291],[34.63774637746377,6.72243242760554],[34.56214562145621,6.779720541580431],[34.482944829448314,6.897768776437772],[34.27774277742779,7.00366498711864],[34.20214202142023,7.085257149446505],[34.06534065340654,7.225873429203062],[34.02934029340295,7.297049570808227],[34.022140221402225,7.368225712413391],[33.97893978939791,7.434193843657198],[33.90333903339035,7.508841992169934],[33.66573665736658,7.670290313371893],[33.60093600936011,7.69112235481731],[33.51453514535146,7.708482389355154],[33.39213392133922,7.724106420439213],[33.226532265322675,7.760562492968688],[33.082530825308254,7.8230586173049375],[33.01413014130142,7.868194707103342],[32.999729997299994,7.8994427692714595],[33.01413014130142,7.951522872884993],[33.06453064530646,8.040059049028002],[33.16533165331654,8.251851470389724],[33.233732337323374,8.395939757053839],[33.28053280532805,8.437603839944657],[33.410134101341015,8.448019860667372],[33.54693546935471,8.442811850306015],[33.644136441364424,8.432395829583314],[33.78453784537845,8.430659826129528],[33.95373953739539,8.442811850306015],[34.01854018540186,8.491419947011991],[34.072540725407265,8.54523605407931],[34.09414094140942,8.581692126608786],[34.10134101341015,8.677172316566924],[34.10134101341015,8.75182046507966],[34.09054090540906,9.041733041861676],[34.08334083340833,9.218805394147708],[34.07614076140763,9.420181794786714],[34.07974079740799,9.461845877677547],[34.07974079740799,9.51392598129108],[34.11934119341194,9.72919040956036],[34.15894158941589,9.854182658232844],[34.18414184141841,9.918414786022879],[34.29214292142922,10.124999197023229],[34.31014310143101,10.19096732826705],[34.31374313743137,10.251727449149499],[34.274142741427426,10.527751998301241],[34.34254342543426,10.657952257335083],[34.432544325443274,10.788152516368925],[34.508145081450834,10.84370462689003],[34.5729457294573,10.880160699419505],[34.60174601746019,10.864536668335447],[34.67374673746738,10.80551255090677],[34.7709477094771,10.746488433478106],[34.817748177481775,10.758640457654593],[34.88254882548827,10.810720561268127],[34.93294932949331,10.864536668335447],[34.92574925749258,10.961752861747385],[34.968949689496895,11.161393258932605],[34.961749617496196,11.275969486882389],[35.00855008550087,11.420057773546503],[35.05895058950591,11.62143417418551],[35.08415084150843,11.74816242631178],[35.112951129511316,11.815866561009372],[35.253352533525344,11.95648284076593],[35.37215372153722,12.15612323795115],[35.45135451354514,12.300211524615264],[35.59535595355953,12.538043997783745],[35.67095670956709,12.623108167019183],[35.732157321573226,12.661300243002444],[35.822158221582214,12.685604291355432],[35.98775987759879,12.706436332800848],[36.10656106561066,12.72726837424625],[36.124561245612455,12.756780432960596],[36.13536135361355,12.805388529666558],[36.13536135361355,12.911284740347412],[36.16056160561607,13.093565102994788],[36.21096210962111,13.27063745528082],[36.27216272162721,13.406045724676005],[36.30816308163082,13.466805845558468],[36.34776347763477,13.525829962987146],[36.39096390963911,13.626518163306642],[36.44856448564485,13.841782591575935],[36.444964449644516,13.987606881693836],[36.52416524165241,14.256687417030435],[36.54216542165423,14.25842342048422],[36.678966789667896,14.307031517190183],[36.812168121681225,14.315711534459112],[36.94176941769419,14.280991465383423],[37.02457024570248,14.272311448114493],[37.064170641706426,14.289671482652338],[37.10017100171004,14.334807572450742],[37.13257132571326,14.405983714055907],[37.18657186571866,14.445911793492954],[37.25857258572586,14.454591810761869],[37.35217352173524,14.372999648434003],[37.506975069750695,14.155999216710939],[37.54657546575467,14.143847192534437],[37.57177571775719,14.149055202895795],[37.64737647376475,14.322655548274241],[37.708577085770855,14.45806381766944],[37.82017820178203,14.708048315014409],[37.884978849788496,14.852136601678538],[37.942579425794264,14.810472518787705],[38.0037800378004,14.737560373728755],[38.068580685806864,14.702840304653066],[38.14058140581406,14.68200826320765],[38.17658176581767,14.678536256300077],[38.219782197821985,14.649024197585746],[38.37818378183783,14.470215841845928],[38.43218432184324,14.428551758955109],[38.504185041850434,14.425079752047537],[38.813788137881374,14.482367866022429],[38.99738997389974,14.586528073249497],[39.02259022590226,14.62819215614033],[39.0729907299073,14.62819215614033],[39.134191341913436,14.581320062888139],[39.159391593915956,14.537919976543535],[39.198991989919904,14.478895859114857],[39.2709927099271,14.470215841845928],[39.44739447394474,14.51187992473676],[39.53019530195303,14.536183973089749],[39.60579605796059,14.515351931644332],[39.69939699396994,14.499727900560273],[39.75699756997571,14.499727900560273],[39.893798937989374,14.440703783131596],[40.063000630006314,14.459799821123227],[40.14220142201424,14.456327814215655],[40.221402214022135,14.430287762408895],[40.35460354603546,14.338279579358314],[40.523805238052375,14.225439354862317],[40.76860768607688,14.143847192534437],[40.81900819008192,14.110863126912534],[40.93780937809379,13.982398871332478],[41.12141121411216,13.735886380895067],[41.362613626136266,13.499789911180372],[41.62541625416256,13.314037541625424],[41.76581765817659,13.183837282591597],[41.85941859418594,13.025860968297195],[41.95301953019532,12.88177268163308],[42.04662046620467,12.821012560750617],[42.133021330213296,12.77066846059087],[42.22662226622268,12.661300243002444],[42.291422914229145,12.571028063405649],[42.3778237782378,12.466867856178581],[42.28062280622808,12.324515572968238],[42.14742147421475,12.133555193051947],[41.99621996219963,11.91308275442131],[41.949419494194956,11.857530643900205],[41.81621816218163,11.723858377958791],[41.79101791017911,11.68566630197553],[41.76581765817659,11.588450108563606],[41.76581765817659,11.41311375973136],[41.78381783817838,11.187433310739365],[41.798217982179835,10.980848899739016],[41.873818738187396,10.956544851386028],[41.956619566195684,10.940920820301969],[42.0538205382054,10.968696875562514],[42.165421654216544,10.991264920461717],[42.30942309423094,11.00515294809199],[42.46422464224642,11.046817030982822],[42.5578255782558,11.081537100058512],[42.65502655026552,11.07806509315094],[42.74142741427414,11.041609020621465],[42.78462784627848,11.008624954999561],[42.845828458284586,10.99820893427686],[42.92142921429215,10.999944937730646],[42.90702907029072,10.9600168582936],[42.86382863828638,10.902728744318708],[42.809828098281,10.845440630343816],[42.7630276302763,10.786416512915139],[42.65862658626588,10.621496184805608],[42.65502655026552,10.600664143360191],[42.669426694266946,10.567680077738288],[42.72342723427235,10.491295925771766],[42.78462784627848,10.369775684006854],[42.8170281702817,10.256935459510856],[42.84222842228422,10.203119352443537],[42.91422914229142,10.140623228107302],[43.0150301503015,10.012158972527246],[43.0690306903069,9.925358799838008],[43.180631806318075,9.880222710039618],[43.22023220232202,9.770854492451193],[43.30303303033031,9.609406171249233],[43.3930339303393,9.480941915669177],[43.483034830348316,9.380253715349667],[43.58023580235803,9.34032563591262],[43.61983619836198,9.336853629005049],[43.825038250382505,9.151101259450115],[43.983439834398354,9.008748976239772],[44.0230402304023,8.986180931340584],[44.30744307443075,8.892436744836218],[44.63144631446315,8.78654053415535],[44.89424894248944,8.699740361466127],[45.225452254522565,8.590372143877701],[45.55665556655566,8.482739929743062],[45.86265862658627,8.38031572596978],[46.29466294662947,8.23449143585188],[46.64386643866439,8.11817920444831],[46.92106921069211,8.02617102139773],[46.97866978669788,7.996658962683398],[47.30627306273064,7.996658962683398],[47.637476374763764,7.996658962683398],[47.97947979479795,7.996658962683398],[47.73107731077312,7.758826489514902],[47.453874538745396,7.489745954178304],[47.15867158671588,7.208513394665204],[46.97146971469715,7.026233032017828],[46.67266672666727,6.738056458689599],[46.42426424264244,6.4967519786135455],[46.16506165061651,6.23461545709209],[45.93465934659346,5.996782983923609],[45.63225632256322,5.668678331158318],[45.43785437854379,5.455149906342825],[45.131851318513185,5.121837243216191],[44.94104941049412,4.91178082530827],[44.91224912249123,4.899628801131769],[44.63504635046351,4.915252832215842],[44.36864368643688,4.9308768632999005],[44.026640266402666,4.951708904745317],[43.99063990639908,4.949972901291531],[43.889838898389,4.9308768632999005],[43.82863828638287,4.91178082530827],[43.5838358383584,4.8544927113333785],[43.53703537035372,4.840604683703106],[43.33543335433356,4.750332504106311],[43.12663126631267,4.644436293425443],[43.0150301503015,4.562844131097577],[42.93222932229324,4.4447958962402225],[42.89622896228963,4.361467730458571],[42.85662856628568,4.325011657929096],[42.79182791827918,4.292027592307193],[42.35622356223564,4.212171433433099],[42.22662226622268,4.201755412710398],[42.025020250202516,4.137523284920363],[41.91701917019171,4.031627074239509],[41.88461884618846,3.9778109671721893],[41.7370173701737,3.979546970625975],[41.48141481414814,3.9639229395419022],[41.37341373413736,3.9465629050040576],[41.319413194131954,3.9430908980965],[41.22221222212224,3.9430908980965],[41.13941139411395,3.9621869360881306],[41.085410854108545,3.991698994802462],[41.02061020610208,4.057667126046269],[40.87300873008732,4.189603388533897],[40.76500765007651,4.272931554315562],[40.52740527405274,4.17745136435741],[40.315003150031515,4.081971174399257],[40.012600126001274,3.9482989084578435],[39.84339843398436,3.8510827150459193],[39.78939789397896,3.753866521633981],[39.65619656196563,3.5785301728017487],[39.53739537395376,3.469161955213309],[39.49419494194942,3.455273927583036],[39.224192241922424,3.4795779759360244],[39.12699126991271,3.5004100173814408],[38.96858968589686,3.521242058826857],[38.75258752587527,3.559434134810118],[38.60858608586088,3.599362214247151],[38.45018450184503,3.6045702246085085],[38.22698226982271,3.6184582522387814],[38.086580865808656,3.647970310953127],[37.94617946179463,3.7469225078188373],[37.76257762577626,3.864970742676192],[37.575375753757555,3.9864909844411045],[37.380973809738094,4.111483233113589],[37.154171541715414,4.253835516323932],[36.90576905769058,4.411811830618319],[36.84816848168484,4.427435861702378],[36.82296822968232,4.43090786860995],[36.552965529655296,4.437851882425093],[36.27216272162721,4.4447958962402225],[36.08136081360814,4.45000390660158],[36.023760237602374,4.467363941139425],[35.9769597695977,4.5038200136689],[35.91935919359193,4.620132245072469],[35.847358473584734,4.70346041085412],[35.764557645576474,4.807620618081188],[35.757357573575746,4.949972901291531],[35.7789577895779,5.106213212132133],[35.80055800558006,5.156557312291881],[35.789757897578994,5.208637415905429],[35.789757897578994,5.278077554056807],[35.746557465574654,5.344045685300614],[35.46935469354693,5.41869383381335],[35.42255422554226,5.4134858234519925],[35.379353793537945,5.385709768191447],[35.32535325353254,5.36487772674603],[35.28935289352896,5.383973764737661],[35.26415264152644,5.411749819998221],[35.26415264152644,5.458621913250397],[35.26775267752677,5.4916059788723]]]}},{"type":"Feature","id":"232","properties":{"name":"Eritrea"},"geometry":{"type":"MultiPolygon","coordinates":[[[[36.52416524165241,14.256687417030435],[36.49176491764919,14.544863990358664],[36.470164701647036,14.735824370274969],[36.44856448564485,14.940672777821547],[36.426964269642696,15.131633157737838],[36.520565205652076,15.249681392595193],[36.56736567365675,15.36252161709119],[36.678966789667896,15.727082342385941],[36.72576725767257,15.798258483991106],[36.812168121681225,15.994426874268754],[36.82656826568265,16.04997898478986],[36.912969129691305,16.29649147522727],[36.90576905769058,16.459675799883016],[36.887768877688785,16.624596127992547],[36.93456934569346,16.721812321404485],[36.97776977769777,16.79993247682478],[36.97416974169744,16.8659006080686],[36.99576995769959,17.020404915455416],[37.01017010170102,17.058596991438677],[37.06057060570606,17.06206899834625],[37.16857168571687,17.041236956900832],[37.247772477724794,17.05686098798489],[37.341373413734146,17.05686098798489],[37.40977409774098,17.06206899834625],[37.45297452974532,17.108941091598425],[37.51057510575106,17.287749447338243],[37.54657546575467,17.324205519867718],[37.575375753757555,17.33462154059042],[37.658176581765815,17.367605606212322],[37.726577265772676,17.419685709825856],[37.784177841778416,17.457877785809117],[37.802178021780236,17.46482179962426],[37.86337863378634,17.47002980998562],[37.92097920979211,17.49259785488482],[37.94977949779499,17.516901903237795],[38.02538025380255,17.53773394468321],[38.09738097380975,17.52731792396051],[38.14778147781479,17.548149965405912],[38.18018180181804,17.5620379930362],[38.219782197821985,17.563773996489985],[38.25218252182523,17.584606037935387],[38.26658266582666,17.61585410010352],[38.28818288182882,17.636686141548935],[38.345783457834585,17.68355823480111],[38.37458374583747,17.716542300423015],[38.38538385383853,17.751262369498704],[38.396183961839625,17.779038424759264],[38.421384213842146,17.824174514557654],[38.522185221852226,17.938750742507438],[38.60858608586088,18.00471887375126],[38.91098910989112,17.426629723641],[39.033390333903355,17.086373046699237],[39.141391413914135,16.728756335219614],[39.224192241922424,16.194067271453974],[39.299792997929984,15.921514729209804],[39.42219422194222,15.786106459814619],[39.50499504995051,15.532649955562064],[39.58059580595807,15.522233934839363],[39.63099630996311,15.452793796687985],[39.7209972099721,15.213225320065717],[39.785797857978594,15.124689143922708],[39.81819818198184,15.20107329588923],[39.81459814598148,15.244473382233835],[39.78939789397896,15.319121530746571],[39.81459814598148,15.412865717250938],[39.86499864998652,15.47015383122583],[39.97659976599766,15.393769679259307],[40.04140041400416,15.33474556183063],[40.05940059400595,15.21669732697329],[40.08460084600847,15.152465199183254],[40.20340203402034,15.013584922880497],[40.30420304203042,14.97365684344345],[40.43740437404375,14.963240822720735],[40.54540545405456,14.933728764006403],[40.63540635406355,14.883384663846655],[40.801008010080096,14.742768384090112],[41.17541175411756,14.6195121388714],[41.48141481414814,14.244535392853948],[41.65781657816578,13.982398871332478],[42.24462244622447,13.58832608732338],[42.34542345423455,13.39736570740709],[42.39942399423995,13.213349341305928],[42.52182521825219,13.222029358574844],[42.73422734227344,13.018916954482066],[42.795427954279546,12.864412647095236],[42.96822968229682,12.80886053657413],[43.00063000630007,12.899132716170925],[43.08343083430836,12.824484567658189],[43.11583115831158,12.70817233625462],[43.004230042300435,12.66303624645623],[42.8818288182882,12.621372163565397],[42.86742867428674,12.623108167019183],[42.82422824228243,12.569292059951863],[42.76662766627666,12.423467769833962],[42.70542705427056,12.380067683489344],[42.669426694266946,12.376595676581786],[42.47862478624788,12.513739949430757],[42.44982449824499,12.5206839632459],[42.41022410224102,12.494643911439127],[42.3778237782378,12.466867856178581],[42.291422914229145,12.571028063405649],[42.22662226622268,12.661300243002444],[42.133021330213296,12.77066846059087],[42.04662046620467,12.821012560750617],[41.95301953019532,12.88177268163308],[41.85941859418594,13.025860968297195],[41.76581765817659,13.183837282591597],[41.62541625416256,13.314037541625424],[41.362613626136266,13.499789911180372],[41.12141121411216,13.735886380895067],[40.93780937809379,13.982398871332478],[40.81900819008192,14.110863126912534],[40.76860768607688,14.143847192534437],[40.523805238052375,14.225439354862317],[40.35460354603546,14.338279579358314],[40.221402214022135,14.430287762408895],[40.14220142201424,14.456327814215655],[40.063000630006314,14.459799821123227],[39.893798937989374,14.440703783131596],[39.75699756997571,14.499727900560273],[39.69939699396994,14.499727900560273],[39.60579605796059,14.515351931644332],[39.53019530195303,14.536183973089749],[39.44739447394474,14.51187992473676],[39.2709927099271,14.470215841845928],[39.198991989919904,14.478895859114857],[39.159391593915956,14.537919976543535],[39.134191341913436,14.581320062888139],[39.0729907299073,14.62819215614033],[39.02259022590226,14.62819215614033],[38.99738997389974,14.586528073249497],[38.813788137881374,14.482367866022429],[38.504185041850434,14.425079752047537],[38.43218432184324,14.428551758955109],[38.37818378183783,14.470215841845928],[38.219782197821985,14.649024197585746],[38.17658176581767,14.678536256300077],[38.14058140581406,14.68200826320765],[38.068580685806864,14.702840304653066],[38.0037800378004,14.737560373728755],[37.942579425794264,14.810472518787705],[37.884978849788496,14.852136601678538],[37.82017820178203,14.708048315014409],[37.708577085770855,14.45806381766944],[37.64737647376475,14.322655548274241],[37.57177571775719,14.149055202895795],[37.54657546575467,14.143847192534437],[37.506975069750695,14.155999216710939],[37.35217352173524,14.372999648434003],[37.25857258572586,14.454591810761869],[37.18657186571866,14.445911793492954],[37.13257132571326,14.405983714055907],[37.10017100171004,14.334807572450742],[37.064170641706426,14.289671482652338],[37.02457024570248,14.272311448114493],[36.94176941769419,14.280991465383423],[36.812168121681225,14.315711534459112],[36.678966789667896,14.307031517190183],[36.54216542165423,14.25842342048422],[36.52416524165241,14.256687417030435]]],[[[40.07740077400774,16.082963050411763],[40.10980109801099,15.985746856999839],[40.012600126001274,16.022202929529314],[39.994599945999454,16.04303497097473],[40.037800378003794,16.08122704695799],[40.04860048600486,16.10379509185718],[40.07740077400774,16.082963050411763]]],[[[40.14220142201424,15.695834280217824],[40.18180181801819,15.643754176604276],[40.21060210602107,15.648962186965633],[40.23580235802359,15.666322221503478],[40.25020250202502,15.702778294032953],[40.40860408604087,15.629866148974003],[40.397803978039775,15.579522048814255],[40.30420304203042,15.577786045360469],[40.196201962019614,15.598618086805885],[40.095400954009534,15.591674072990742],[39.97659976599766,15.612506114436158],[39.94779947799478,15.695834280217824],[40.02340023400234,15.655906200780777],[40.063000630006314,15.666322221503478],[40.070200702007014,15.676738242226193],[40.01620016200164,15.73402635620107],[39.94059940599408,15.744442376923786],[39.944199441994414,15.789578466722176],[39.980199801998026,15.80693850126002],[40.00180001800018,15.827770542705437],[39.954999549995506,15.890266667041686],[40.04140041400416,15.874642635957628],[40.095400954009534,15.838186563428152],[40.13140131401315,15.794786477083534],[40.14220142201424,15.695834280217824]]]]}},{"type":"Feature","id":"226","properties":{"name":"Eq. Guinea"},"geometry":{"type":"MultiPolygon","coordinates":[[[[8.735487354873555,3.7590745319953385],[8.760687606876076,3.753866521633981],[8.908289082890832,3.7573385285415526],[8.951489514895144,3.7052584249280187],[8.947889478894808,3.627138269507711],[8.793087930879324,3.3997218170619306],[8.76428764287644,3.304241627103778],[8.703087030870307,3.2243854682296984],[8.652686526865267,3.217441454414555],[8.476284762847627,3.2643135476667453],[8.443884438844407,3.293825606381077],[8.433084330843315,3.332017682364338],[8.451084510845106,3.422289861961133],[8.465484654846563,3.4500659172216928],[8.548285482854823,3.4674259517595374],[8.577085770857707,3.483049982843596],[8.623886238862383,3.5802661762555203],[8.63828638286384,3.6688023523985436],[8.674286742867423,3.736506487096136],[8.735487354873555,3.7590745319953385]]],[[[11.327513275132759,2.1671593648749052],[11.331113311133123,1.9362709055215674],[11.331113311133123,1.740102515243919],[11.331113311133123,1.5283100938821974],[11.334713347133487,1.3078376552515607],[11.334713347133487,1.1203492822428416],[11.334713347133487,1.0005650439317009],[11.129511295112962,1.0005650439317009],[10.85950859508597,1.0005650439317009],[10.585905859058585,1.0023010473854868],[10.315903159031592,1.0023010473854868],[10.179101791017928,1.0040370508392726],[10.027900279002807,1.0040370508392726],[9.981099810998103,0.9970930370241291],[9.945099450994519,0.9675809783097975],[9.905499054990543,0.960636964494654],[9.858698586985867,0.986677016301428],[9.80469804698049,0.998829040477915],[9.790297902979034,1.024869092284689],[9.76149761497615,1.075213192444437],[9.70389703897041,1.0804212028057947],[9.675096750967526,1.075213192444437],[9.63549635496355,1.0474371371838913],[9.592295922959238,1.0318131060998184],[9.599495994959966,1.0543811509990206],[9.50949509495095,1.115141271881484],[9.444694446944482,1.1203492822428416],[9.387093870938713,1.139445320234472],[9.43389433894339,1.2956856310750737],[9.495094950949522,1.4345659073778307],[9.58509585095851,1.5404621180586986],[9.631896318963186,1.5647661664116725],[9.646296462964642,1.6168462700252206],[9.718297182971838,1.788710611949881],[9.808298082980826,1.9275908882526522],[9.77949779497797,2.068207168009195],[9.801098010980127,2.3043036377238906],[9.826298262982647,2.297359623908747],[9.829898298982982,2.274791579009559],[9.83709837098371,2.2418075133876414],[9.869498694986959,2.2140314581270957],[9.981099810998103,2.1671593648749052],[10.308703087030864,2.1671593648749052],[10.503105031050325,2.1671593648749052],[10.79110791107911,2.1671593648749052],[11.097110971109714,2.1671593648749052],[11.327513275132759,2.1671593648749052]]]]}},{"type":"Feature","id":"818","properties":{"name":"Egypt"},"geometry":{"type":"Polygon","coordinates":[[[36.86976869768699,21.997526817455693],[36.54216542165423,21.995790814001907],[36.21456214562147,21.995790814001907],[35.88695886958871,21.995790814001907],[35.55935559355595,21.995790814001907],[35.23175231752319,21.995790814001907],[34.90414904149043,21.995790814001907],[34.5729457294573,21.995790814001907],[34.24534245342454,21.995790814001907],[33.91773917739178,21.995790814001907],[33.59013590135902,21.995790814001907],[33.26253262532626,21.995790814001907],[32.9349293492935,21.995790814001907],[32.60732607326074,21.995790814001907],[32.27612276122761,21.995790814001907],[31.94851948519485,21.995790814001907],[31.62091620916209,21.995790814001907],[31.433714337143385,21.995790814001907],[31.466114661146605,22.084326990144916],[31.48771487714879,22.14855911793495],[31.46251462514627,22.191959204279556],[31.401314013140137,22.20237522500227],[31.358113581135825,22.188487197371984],[31.26091260912611,22.002734827817036],[31.21051210512107,21.99405481054812],[31.091710917109168,21.99405481054812],[30.71010710107103,21.99405481054812],[30.328503285032866,21.995790814001907],[29.9468994689947,21.995790814001907],[29.565295652956536,21.995790814001907],[29.18369183691837,21.995790814001907],[28.802088020880205,21.995790814001907],[28.416884168841705,21.995790814001907],[28.03528035280354,21.995790814001907],[27.653676536765374,21.995790814001907],[27.27207272072721,21.995790814001907],[26.890468904689044,21.995790814001907],[26.508865088650907,21.995790814001907],[26.127261272612742,21.995790814001907],[25.745657456574577,21.995790814001907],[25.36405364053641,21.995790814001907],[24.978849788497882,21.995790814001907],[24.978849788497882,22.219735259540116],[24.978849788497882,22.445415708532096],[24.978849788497882,22.669360154070304],[24.978849788497882,22.893304599608513],[24.978849788497882,23.118985048600507],[24.978849788497882,23.3429294941387],[24.978849788497882,23.568609943130696],[24.978849788497882,23.792554388668904],[24.978849788497882,24.016498834207113],[24.978849788497882,24.242179283199093],[24.978849788497882,24.4661237287373],[24.978849788497882,24.69006817427551],[24.978849788497882,24.915748623267504],[24.978849788497882,25.1396930688057],[24.978849788497882,25.363637514343907],[24.978849788497882,25.5893179633359],[24.978849788497882,25.81326240887411],[24.978849788497882,26.037206854412304],[24.978849788497882,26.262887303404298],[24.978849788497882,26.486831748942507],[24.978849788497882,26.7125121979345],[24.978849788497882,26.936456643472695],[24.978849788497882,27.160401089010904],[24.978849788497882,27.386081538002898],[24.978849788497882,27.610025983541107],[24.978849788497882,27.8339704290793],[24.978849788497882,28.059650878071295],[24.978849788497882,28.283595323609504],[24.978849788497882,28.507539769147712],[24.978849788497882,28.733220218139692],[24.978849788497882,28.9571646636779],[24.978849788497882,29.18110910921611],[24.971649716497183,29.224509195560728],[24.91764917649178,29.375541496039972],[24.86724867248674,29.56997388286385],[24.80964809648097,29.809542359486116],[24.802448024480242,29.885926511452624],[24.712447124471254,30.13070299843625],[24.70164701647016,30.201879140041413],[24.72684726847268,30.25048723674739],[24.878048780487802,30.45707164774774],[24.921249212492143,30.55775984806725],[24.96084960849609,30.67928008983216],[24.97524975249752,30.7764962832441],[24.928449284492842,30.925792580269572],[24.878048780487802,31.061200849664758],[24.86004860048601,31.198345122513743],[24.852848528485282,31.335489395362714],[24.928449284492842,31.427497578413295],[25.022050220502223,31.514297751102532],[25.058050580505807,31.566377854716066],[25.11205112051121,31.62713797559853],[25.15165151651516,31.654914030859075],[25.22725227252272,31.533393789094163],[25.382053820538204,31.512561747648746],[25.893258932589333,31.620193961783386],[26.458464584645867,31.512561747648746],[26.768067680676808,31.470897664757914],[27.24687246872469,31.377153478253547],[27.538475384753866,31.212233150144016],[27.621276212762126,31.1914011086986],[27.830078300783015,31.19487311560617],[27.966879668796707,31.097656922194233],[28.51408514085142,31.050784828942056],[28.80568805688057,30.943152614807417],[28.971289712897146,30.856352442118194],[29.072090720907227,30.83031239031142],[29.15849158491585,30.83378439721899],[29.277292772927723,30.866768462840895],[29.428494284942843,30.92752858372336],[29.590495904959056,31.01085674950501],[29.92889928899291,31.227857181228075],[30.04770047700478,31.266049257211336],[30.126901269012706,31.255633236488634],[30.224102241022422,31.259105243396206],[30.26370263702637,31.316393357371084],[30.31410314103141,31.35632143680813],[30.342903429034294,31.40319353006032],[30.3969039690397,31.45700963712764],[30.569705697056975,31.4726336682117],[30.922509225092256,31.566377854716066],[30.882908829088308,31.522977768371447],[30.562505625056247,31.417081557690594],[30.69930699306994,31.40319353006032],[30.839708397083967,31.439649602589796],[31.00171001710018,31.462217647488984],[31.030510305103064,31.50735373728739],[31.05211052110522,31.592417906522826],[31.08451084510847,31.60283392724554],[31.19251192511925,31.587209896161482],[31.523715237152373,31.458745640581427],[31.606516065160662,31.455273633673855],[31.84051840518407,31.52644977527902],[31.887318873188747,31.542073806363078],[31.962919629196307,31.50214572692603],[32.13572135721358,31.34069740572407],[32.07452074520745,31.344169412631643],[31.89091890918911,31.4830496889344],[31.876518765187654,31.413609550783022],[31.77211772117721,31.29208930901811],[31.901719017190175,31.240009205404576],[32.00972009720098,31.220913167412945],[32.06732067320675,31.15320903271534],[32.103321033210335,31.09244891183289],[32.20772207722078,31.11848896363965],[32.28332283322834,31.20008112596753],[32.24372243722439,31.246953219219705],[32.21492214922151,31.293825312471895],[32.25092250922509,31.29556131592568],[32.32292322923229,31.255633236488634],[32.531725317253176,31.101128929101804],[32.60372603726037,31.0681448634799],[32.6829268292683,31.07335287384126],[32.85572855728557,31.11848896363965],[32.90252902529025,31.11154494982452],[33.12933129331293,31.16883306379941],[33.158131581315814,31.125432977454793],[33.19413194131943,31.08376889456396],[33.377733777337795,31.13064098781615],[33.66573665736658,31.13064098781615],[33.90333903339035,31.1809850879759],[34.17694176941771,31.304241333194597],[34.198541985419865,31.323337371186227],[34.21294212942129,31.29208930901811],[34.24534245342454,31.208761143236444],[34.32814328143283,30.99523271842095],[34.400144001440026,30.828576386857634],[34.490144901449014,30.59595192405051],[34.5189451894519,30.5074157479075],[34.52974529745299,30.446655627025038],[34.659346593465955,30.191463119318712],[34.734947349473515,29.981406701410776],[34.792547925479255,29.811278362939902],[34.868148681486815,29.56476587250249],[34.90414904149043,29.477965699813268],[34.85014850148502,29.432829610014863],[34.734947349473515,29.271381288812904],[34.616146161461614,28.75752426649268],[34.4469444694447,28.356507468668454],[34.42894428944291,28.106522971323486],[34.400144001440026,28.016250791726677],[34.31734317343174,27.889522539600407],[34.22014220142202,27.764530290927922],[34.04374043740438,27.828762418717957],[33.75933759337593,28.04749885389481],[33.593735937359384,28.255819268348944],[33.41733417334174,28.389491534290357],[33.24813248132483,28.56829989003016],[33.201332013320155,28.69502814215643],[33.20493204932049,28.778356307938097],[33.12933129331293,28.977996705123317],[33.075330753307554,29.07347689508147],[32.87012870128703,29.287005319896963],[32.81252812528126,29.39984554439296],[32.765727657276585,29.450189644552708],[32.72252722527227,29.521365786157872],[32.64692646926471,29.7991263387634],[32.564125641256425,29.974462687595647],[32.47412474124741,29.92585459088967],[32.488524885248864,29.851206442376935],[32.40932409324094,29.748782238603653],[32.3589235892359,29.630734003746298],[32.39852398523985,29.533517810334374],[32.564125641256425,29.385957516762687],[32.60012600126001,29.321725388972652],[32.639726397263985,29.182845112669895],[32.63252632526326,28.99188473275359],[32.65772657726578,28.92765260496357],[32.78372783727838,28.787036325207012],[32.83052830528305,28.70370815942536],[32.85572855728557,28.63079601436641],[32.898928989289914,28.564827883122604],[33.02133021330215,28.44157163790389],[33.201332013320155,28.208947175096768],[33.37053370533707,28.05097086080238],[33.49653496534967,27.974586708835858],[33.54693546935471,27.898202556869336],[33.55773557735577,27.702034166591687],[33.55053550535507,27.606553976633535],[33.65853658536585,27.43121762780129],[33.69813698136983,27.340945448204494],[33.80253802538027,27.268033303145543],[33.84933849338495,27.184705137363892],[33.89253892538926,27.049296867968692],[33.95733957339573,26.648280070144466],[34.05094050940511,26.551063876732528],[34.32814328143283,26.025054830235817],[34.565745657456574,25.691742167109183],[34.68094680946811,25.441757669764215],[34.85374853748539,25.1396930688057],[35.195751957519576,24.47480374600623],[35.39735397353974,24.269955338459653],[35.47655476554766,24.15537911050987],[35.62415624156242,24.06684293436686],[35.782557825578266,23.938378678786805],[35.631356313563145,23.95053070296329],[35.59535595355953,23.941850685694376],[35.54135541355416,23.92101864424896],[35.51615516155164,23.842898488828652],[35.505355053550545,23.77866636103863],[35.52335523355234,23.441881691004426],[35.56295562955631,23.271753352533537],[35.69615696156961,22.945384703222047],[35.796957969579694,22.848168509810108],[35.847358473584734,22.785672385473873],[35.91215912159123,22.738800292221683],[36.2289622896229,22.629432074633257],[36.41616416164163,22.393335604918562],[36.83016830168302,22.09821501777519],[36.86976869768699,22.016622855447324],[36.86976869768699,21.997526817455693]]]}},{"type":"Feature","id":"262","properties":{"name":"Djibouti"},"geometry":{"type":"Polygon","coordinates":[[[43.24543245432454,11.499913932420583],[43.15903159031592,11.366241666479183],[43.04743047430475,11.194377324554509],[42.92142921429215,10.999944937730646],[42.845828458284586,10.99820893427686],[42.78462784627848,11.008624954999561],[42.74142741427414,11.041609020621465],[42.65502655026552,11.07806509315094],[42.5578255782558,11.081537100058512],[42.46422464224642,11.046817030982822],[42.30942309423094,11.00515294809199],[42.165421654216544,10.991264920461717],[42.0538205382054,10.968696875562514],[41.956619566195684,10.940920820301969],[41.873818738187396,10.956544851386028],[41.798217982179835,10.980848899739016],[41.78381783817838,11.187433310739365],[41.76581765817659,11.41311375973136],[41.76581765817659,11.588450108563606],[41.79101791017911,11.68566630197553],[41.81621816218163,11.723858377958791],[41.949419494194956,11.857530643900205],[41.99621996219963,11.91308275442131],[42.14742147421475,12.133555193051947],[42.28062280622808,12.324515572968238],[42.3778237782378,12.466867856178581],[42.41022410224102,12.494643911439127],[42.44982449824499,12.5206839632459],[42.47862478624788,12.513739949430757],[42.669426694266946,12.376595676581786],[42.70542705427056,12.380067683489344],[42.76662766627666,12.423467769833962],[42.82422824228243,12.569292059951863],[42.86742867428674,12.623108167019183],[42.8818288182882,12.621372163565397],[43.004230042300435,12.66303624645623],[43.11583115831158,12.70817233625462],[43.130231302313035,12.661300243002444],[43.29943299432995,12.46339584927101],[43.35343353433535,12.36617965585907],[43.41103411034112,12.189107303573053],[43.37863378633787,12.091891110161114],[43.33543335433356,12.027658982371094],[43.27063270632706,11.970370868396202],[43.04743047430475,11.829754588639645],[42.79902799027991,11.73948240904285],[42.64062640626406,11.560674053303046],[42.52182521825219,11.572826077479533],[42.53982539825398,11.50512194278194],[42.58302583025832,11.496441925513025],[42.651426514265154,11.510329953143298],[42.78822788227882,11.562410056756832],[42.91062910629108,11.58671410510982],[43.04383043830438,11.588450108563606],[43.16263162631628,11.565882063664404],[43.24543245432454,11.499913932420583]]]}},{"type":"Feature","id":"384","properties":{"name":"Côte d'Ivoire"},"geometry":{"type":"MultiPolygon","coordinates":[[[[-3.087030870308695,5.128781257031335],[-3.112231122311215,5.088853177594288],[-3.2454324543245434,5.114893229401062],[-3.2166321663216593,5.147877295022965],[-3.087030870308695,5.128781257031335]]],[[[-7.990279902799017,10.16319127300649],[-7.961479614796133,10.16319127300649],[-7.885878858788573,10.185759317905692],[-7.8138781387813765,10.23610341806544],[-7.7490774907749085,10.341999628746308],[-7.662676626766256,10.427063797981745],[-7.561875618756176,10.421855787620387],[-7.533075330753292,10.437479818704446],[-7.497074970749708,10.439215822158232],[-7.457474574745731,10.383663711637126],[-7.414274142741419,10.341999628746308],[-7.385473854738535,10.340263625292522],[-7.363873638736379,10.258671462964642],[-7.183871838718375,10.225687397342739],[-7.10467104671045,10.203119352443537],[-7.039870398703982,10.14409523501486],[-7.018270182701826,10.14409523501486],[-6.989469894698942,10.15624725919136],[-6.967869678696786,10.177079300636777],[-6.964269642696422,10.197911342082179],[-6.993069930699306,10.251727449149499],[-6.97866978669785,10.300335545855475],[-6.949869498694994,10.341999628746308],[-6.90306903069029,10.345471635653865],[-6.834668346683458,10.357623659830367],[-6.751867518675169,10.357623659830367],[-6.6942669426694295,10.348943642561437],[-6.669066690666909,10.392343728906056],[-6.690666906669065,10.512127967217182],[-6.687066870668701,10.578096098461003],[-6.676266762667609,10.633648208982109],[-6.654666546665453,10.656216253881297],[-6.564665646656465,10.586776115729919],[-6.481864818648177,10.560736063923159],[-6.424264242642408,10.559000060469373],[-6.406264062640616,10.572888088099646],[-6.4314643146431365,10.649272240066168],[-6.424264242642408,10.67184028496537],[-6.402664026640252,10.685728312595643],[-6.3666636666366685,10.692672326410772],[-6.262262622626224,10.723920388578904],[-6.251462514625132,10.718712378217546],[-6.229862298622976,10.597192136452634],[-6.240662406624068,10.557264057015587],[-6.219062190621912,10.475671894687707],[-6.190261902619028,10.401023746174971],[-6.193861938619392,10.369775684006854],[-6.215462154621548,10.322903590754677],[-6.240662406624068,10.279503504410059],[-6.237062370623704,10.262143469872214],[-6.197461974619728,10.232631411157882],[-6.118261182611832,10.20138334898975],[-6.0354603546035435,10.194439335174621],[-5.988659886598867,10.239575424973012],[-5.941859418594191,10.274295494048701],[-5.905859058590579,10.307279559670604],[-5.895058950589487,10.354151652922795],[-5.844658446584447,10.388871721998484],[-5.693456934569326,10.434007811796889],[-5.556655566555662,10.439215822158232],[-5.524255242552414,10.42532779452796],[-5.46305463054631,10.359359663284152],[-5.383853838538386,10.314223573485748],[-5.261452614526149,10.319431583847106],[-5.175051750517497,10.293391532040332],[-5.099450994509937,10.241311428426798],[-5.0490504905048965,10.1284712039308],[-4.995049950499492,10.046879041602935],[-4.969849698496972,9.930566810199366],[-4.883448834488348,9.869806689316903],[-4.815048150481488,9.840294630602571],[-4.721447214472136,9.756966464820906],[-4.624246242462419,9.713566378476301],[-4.527045270452703,9.723982399199002],[-4.480244802448027,9.678846309400612],[-4.404644046440467,9.64759824723248],[-4.332643326433271,9.645862243778708],[-4.267842678426774,9.743078437190633],[-4.18144181441815,9.781270513173894],[-3.9618396183961693,9.859390668594202],[-3.8790387903879093,9.894110737669891],[-3.789037890378893,9.916678782569093],[-3.580235802358004,9.923622796384223],[-3.3858338583385716,9.901054751485034],[-3.2886328863288554,9.881958713493404],[-3.2238322383223874,9.895846741123677],[-3.159031590315891,9.848974647871486],[-3.094230942309423,9.751758454459562],[-3.043830438304383,9.72051039229143],[-2.9898298982989786,9.687526326669527],[-2.9466294662946666,9.611142174703005],[-2.8998289982899905,9.534758022736497],[-2.8746287462874704,9.50177395711458],[-2.817028170281702,9.425389805148072],[-2.766627666276662,9.425389805148072],[-2.716227162271622,9.45663786731619],[-2.694626946269466,9.480941915669177],[-2.6874268742687377,9.432333818963201],[-2.7054270542705297,9.350741656635336],[-2.7018270182701656,9.30213355992936],[-2.67302673026731,9.283037521937729],[-2.6874268742687377,9.218805394147708],[-2.745027450274506,9.109437176559283],[-2.74862748627487,9.045205048769247],[-2.691026910269102,9.024373007323831],[-2.64782647826479,8.956668872626238],[-2.6262262622626054,8.84035664122267],[-2.6010260102600853,8.800428561785637],[-2.5974259742597496,8.776124513432649],[-2.5578255782557733,8.493155950465763],[-2.507425074250733,8.208451384045105],[-2.5398253982539813,8.17199531151563],[-2.5830258302582934,8.161579290792929],[-2.6118261182611775,8.147691263162642],[-2.6190261902619056,8.121651211355882],[-2.6010260102600853,8.081723131918835],[-2.6118261182611775,8.047003062843146],[-2.669426694266946,8.022699014490158],[-2.788227882278818,7.932426834893363],[-2.7990279902799102,7.895970762363888],[-2.83142831428313,7.819586610397366],[-2.85662856628565,7.7727145171451895],[-2.8962289622896265,7.6841783410021804],[-2.9574295742957304,7.455025885102614],[-2.9826298262982505,7.264065505186309],[-2.9862298622986145,7.205041387757646],[-3.0114301143011346,7.163377304866813],[-3.0366303663036547,7.104353187438136],[-3.169831698316983,6.941168862782391],[-3.234632346323451,6.807496596840977],[-3.227432274322723,6.748472479412314],[-3.2238322383223874,6.691184365437422],[-3.2454324543245434,6.6495202825465896],[-3.2418324183241793,6.5349440545968065],[-3.2238322383223874,6.44119986809244],[-3.202232022320203,6.347455681588073],[-3.1050310503104868,6.085319160066618],[-3.0546305463054466,5.92560684231843],[-3.025830258302591,5.797142586738374],[-2.9970299702997067,5.712078417502937],[-2.9718297182971867,5.675622344973462],[-2.9610296102960945,5.642638279351559],[-2.8206282062820662,5.61833423099857],[-2.795427954279546,5.59923819300694],[-2.75582755827557,5.432581861443623],[-2.763027630276298,5.356197709477115],[-2.788227882278818,5.328421654216555],[-2.788227882278818,5.264189526426534],[-2.795427954279546,5.184333367552441],[-2.817028170281702,5.153085305384323],[-2.8962289622896265,5.149613298476751],[-2.9466294662946666,5.118365236308634],[-3.0186301863018628,5.130517260485121],[-3.025830258302591,5.151349301930537],[-3.065430654306539,5.1582933157456665],[-3.169831698316983,5.203429405544071],[-3.151831518315163,5.347517692208186],[-3.1986319863198673,5.354461706023329],[-3.2382323823238153,5.335365668031699],[-3.3102331023310114,5.160029319199452],[-3.3462334623346237,5.130517260485121],[-3.871838718387181,5.220789440081916],[-3.9834398343983253,5.293701585140866],[-4.120241202412018,5.309325616224925],[-4.357843578435791,5.3006455989560095],[-4.552245522455223,5.279813557510593],[-4.6098460984609915,5.236413471165974],[-4.116641166411654,5.2624535229727485],[-4.06264062640625,5.257245512611391],[-4.0374403744037295,5.229469457350831],[-4.660246602466032,5.172181343375954],[-4.90144901449014,5.139197277754036],[-4.969849698496972,5.147877295022965],[-5.023850238502376,5.203429405544071],[-5.283052830528305,5.2103734193592],[-5.3370533705337095,5.191277381367584],[-5.365853658536565,5.151349301930537],[-5.265052650526485,5.160029319199452],[-5.106651066510665,5.161765322653238],[-5.063450634506353,5.130517260485121],[-5.56385563855639,5.088853177594288],[-5.913059130591307,5.01073302217398],[-6.0606606066060635,4.953444908199103],[-6.546665466654673,4.762484528282798],[-6.84546845468455,4.672212348686003],[-6.924669246692474,4.6374922796103135],[-7.057870578705774,4.545484096559733],[-7.230672306723051,4.486459979131055],[-7.425074250742512,4.375355758088844],[-7.543875438754384,4.351051709735856],[-7.572675726757268,4.385771778811545],[-7.576275762757632,4.571524148366493],[-7.59067590675906,4.821508645711475],[-7.583475834758332,4.916988835669613],[-7.569075690756904,5.0072610152664225],[-7.569075690756904,5.080173160325373],[-7.511475114751136,5.1079492155859185],[-7.493474934749344,5.139197277754036],[-7.4862748627486155,5.236413471165974],[-7.428674286742847,5.3249496473089835],[-7.428674286742847,5.4777179512420275],[-7.410674106741055,5.510702016863931],[-7.3998739987399915,5.550630096300978],[-7.425074250742512,5.651318296620474],[-7.453874538745367,5.840542673082993],[-7.468274682746824,5.854430700713266],[-7.4826748267482515,5.845750683444351],[-7.5150751507515,5.842278676536779],[-7.637476374763736,5.908246807780586],[-7.731077310773088,5.918662828503301],[-7.795877958779585,5.9759509424781925],[-7.799477994779949,6.0384470668144274],[-7.831878318783168,6.0766391427976885],[-7.8570785707856885,6.149551287856639],[-7.889478894788937,6.23461545709209],[-7.983079830798289,6.286695560705624],[-8.069480694806941,6.298847584882111],[-8.130681306813074,6.286695560705624],[-8.20268202682027,6.290167567613196],[-8.28548285482853,6.3196796263275274],[-8.343083430834298,6.350927688495645],[-8.400684006840066,6.413423812831894],[-8.451084510845106,6.462031909537856],[-8.490684906849054,6.456823899176499],[-8.541085410854095,6.467239919899214],[-8.58788587885877,6.489807964798416],[-8.602286022860227,6.507167999336261],[-8.400684006840066,6.705072393067695],[-8.332283322833234,6.802288586479634],[-8.325083250832506,6.859576700454525],[-8.325083250832506,6.920336821336974],[-8.30348303483035,6.9810969422194376],[-8.296282962829622,7.074841128723804],[-8.407884078840794,7.411625798757996],[-8.43668436684365,7.515786005985078],[-8.469084690846898,7.547034068153195],[-8.48708487084869,7.559186092329682],[-8.42948429484295,7.602586178674301],[-8.350283502835026,7.590434154497814],[-8.231482314823154,7.557450088875896],[-8.206282062820634,7.590434154497814],[-8.116281162811617,7.760562492968688],[-8.116281162811617,7.824794620758723],[-8.12708127081271,7.868194707103342],[-8.073080730807305,7.984506938506897],[-8.033480334803329,8.029643028305301],[-8.008280082800809,8.078251125011263],[-8.015480154801537,8.14421925625507],[-8.047880478804785,8.170259308061844],[-8.091080910809097,8.165051297700487],[-8.141481414814137,8.180675328784545],[-8.217082170821698,8.218867404767806],[-8.256682566825674,8.253587473843496],[-8.245882458824582,8.408091781230326],[-8.238682386823854,8.454963874482516],[-8.20988209882097,8.482739929743062],[-8.166681666816658,8.491419947011991],[-8.047880478804785,8.494891953919549],[-7.954279542795433,8.477531919381704],[-7.867878678786781,8.467115898659003],[-7.824678246782469,8.467115898659003],[-7.788677886778856,8.421979808860598],[-7.738277382773816,8.375107715608422],[-7.695076950769504,8.375107715608422],[-7.680676806768048,8.409827784684111],[-7.69147691476914,8.562596088617155],[-7.720277202772024,8.642452247491235],[-7.785077850778492,8.720572402911543],[-7.950679506795069,8.78654053415535],[-7.954279542795433,8.880284720659716],[-7.939879398793977,8.97923691752544],[-7.903879038790393,9.017428993508702],[-7.777877778777793,9.081661121298723],[-7.799477994779949,9.11464518692064],[-7.839078390783897,9.151101259450115],[-7.918279182791821,9.189293335433362],[-7.900279002790029,9.309077573744503],[-7.896678966789665,9.416709787879142],[-7.961479614796133,9.404557763702655],[-8.029880298802993,9.397613749887512],[-8.087480874808733,9.430597815509415],[-8.137881378813773,9.496565946753236],[-8.145081450814502,9.67537430249304],[-8.145081450814502,9.881958713493404],[-8.155881558815594,9.973966896543985],[-8.137881378813773,10.022574993249947],[-8.07668076680767,10.067711083048351],[-8.011880118801173,10.124999197023229],[-7.990279902799017,10.16319127300649]]]]}},{"type":"Feature","id":"180","properties":{"name":"Dem. Rep. Congo"},"geometry":{"type":"Polygon","coordinates":[[[30.74970749707498,-8.193309247311205],[30.576905769057703,-8.21934929911798],[30.328503285032866,-8.25754137510124],[30.051300513005145,-8.300941461445845],[29.766897668976696,-8.344341547790464],[29.482494824948247,-8.387741634135082],[29.21609216092162,-8.42766971357213],[28.971289712897146,-8.464125786101604],[28.89928899288995,-8.484957827547007],[28.935289352893534,-8.590854038227874],[28.917289172891742,-8.7002222558163],[28.870488704887066,-8.785286425051737],[28.794887948879506,-8.89118263573259],[28.758887588875893,-8.932846718623423],[28.67968679686797,-9.014438880951303],[28.6148861488615,-9.07172699492618],[28.485284852848537,-9.168943188338119],[28.398883988839884,-9.224495298859225],[28.398883988839884,-9.274839399018973],[28.53928539285394,-9.509199865279896],[28.60408604086041,-9.67932820375077],[28.62928629286293,-9.832096507683815],[28.62928629286293,-9.918896680373038],[28.62208622086223,-10.099441039566628],[28.618486184861865,-10.312969464382135],[28.607686076860773,-10.398033633617572],[28.64728647286475,-10.550801937550617],[28.64008640086402,-10.668850172407957],[28.542885428854305,-10.80252243834937],[28.517685176851785,-10.932722697383213],[28.47088470884711,-11.10979504966923],[28.40248402484025,-11.354571536652855],[28.355683556835572,-11.483035792232911],[28.384483844838456,-11.566363958014563],[28.406084060840612,-11.623652071989454],[28.431284312843133,-11.69830022050219],[28.481684816848173,-11.812876448451973],[28.542885428854305,-11.87884457969578],[28.575285752857525,-11.908356638410126],[28.769687696876986,-12.050708921620455],[28.84888848888491,-12.120149059771833],[28.97488974889751,-12.257293332620819],[29.0648906489065,-12.3493015156714],[29.1908919089191,-12.370133557116816],[29.34209342093422,-12.404853626192505],[29.428494284942843,-12.430893677999265],[29.48609486094861,-12.418741653822778],[29.504095040950403,-12.385757588200875],[29.500495004950068,-12.318053453503268],[29.49329493294934,-12.26770935334352],[29.507695076950768,-12.227781273906473],[29.558095580955808,-12.201741222099713],[29.691296912969136,-12.198269215192141],[29.748897488974904,-12.163549146116452],[29.79569795697958,-12.154869128847523],[29.79569795697958,-12.30590142932678],[29.79569795697958,-12.449989715990895],[29.79569795697958,-12.625326064823142],[29.79569795697958,-12.826702465462148],[29.79569795697958,-12.991622793571679],[29.79569795697958,-13.166959142403911],[29.79569795697958,-13.370071546496703],[29.79569795697958,-13.392639591395906],[29.774097740977425,-13.437775681194296],[29.723697236972384,-13.453399712278355],[29.65169651696519,-13.415207636295108],[29.648096480964824,-13.373543553404275],[29.630096300963004,-13.298895404891539],[29.597695976959784,-13.260703328908278],[29.554495544955444,-13.24855130473179],[29.482494824948247,-13.267647342723421],[29.381693816938167,-13.323199453244527],[29.252092520925203,-13.370071546496703],[29.201692016920163,-13.397847601757249],[29.111691116911175,-13.394375594849691],[29.01449014490146,-13.368335543042917],[28.942489424894262,-13.307575422160454],[28.920889208892106,-13.213831235656102],[28.859688596885974,-13.120087049151735],[28.77328773287735,-12.981206772848964],[28.73008730087301,-12.925654662327858],[28.67248672486727,-12.861422534537837],[28.6148861488615,-12.854478520722694],[28.550085500855005,-12.835382482731063],[28.510485104851057,-12.741638296226697],[28.474484744847445,-12.623590061369356],[28.45288452884529,-12.576717968117165],[28.41328413284134,-12.517693850688488],[28.359283592835936,-12.481237778159013],[28.2368823688237,-12.434365684906837],[28.067680676806788,-12.36839755366303],[27.8588785887859,-12.285069387881364],[27.75807758077582,-12.281597380973793],[27.642876428764282,-12.265973349889734],[27.57447574475745,-12.227781273906473],[27.534875348753502,-12.19479720828457],[27.488074880748826,-12.080220980334786],[27.42327423274233,-11.944812710939601],[27.23967239672396,-11.783364389737642],[27.19647196471965,-11.604556033997824],[27.160471604716065,-11.578515982191064],[27.09567095670957,-11.594140013275123],[27.04527045270453,-11.616708058174325],[27.027270272702737,-11.663580151426501],[26.976869768697696,-11.82502847262846],[26.948069480694812,-11.899676621141197],[26.93006930069302,-11.918772659132827],[26.890468904689044,-11.943076707485815],[26.825668256682576,-11.965644752385018],[26.72846728467286,-11.976060773107719],[26.59526595265953,-11.972588766200147],[26.429664296642983,-11.948284717847173],[26.339663396633966,-11.929188679855542],[26.094860948609494,-11.903148628048768],[26.02646026460266,-11.890996603872281],[25.92565925659258,-11.854540531342806],[25.853658536585385,-11.819820462267117],[25.619656196561976,-11.743436310300595],[25.511655116551168,-11.753852331023296],[25.461254612546128,-11.700036223955976],[25.414454144541452,-11.673996172149202],[25.349653496534984,-11.623652071989454],[25.3208532085321,-11.554211933838076],[25.281252812528123,-11.404915636812603],[25.292052920529215,-11.325059477938524],[25.3208532085321,-11.2365233017955],[25.28845288452885,-11.212219253442527],[25.24525245252454,-11.212219253442527],[25.184051840518407,-11.243467315610644],[25.0760507605076,-11.260827350148489],[24.878048780487802,-11.29901942613175],[24.806048060480606,-11.321587471030952],[24.72684726847268,-11.33721150211501],[24.669246692466942,-11.35283553319907],[24.51804518045182,-11.437899702434507],[24.46764467644678,-11.448315723157222],[24.377643776437765,-11.417067660989105],[24.334443344433453,-11.3719315711907],[24.377643776437765,-11.319851467577166],[24.395643956439585,-11.255619339787131],[24.3668436684367,-11.130627091114647],[24.320043200432025,-11.07160297368597],[24.186841868418696,-11.029938890795151],[24.136441364413656,-11.02646688388758],[24.1148411484115,-10.955290742282415],[24.078840788407888,-10.89105861449238],[24.003240032400328,-10.878906590315893],[23.967239672396744,-10.87196257650075],[23.927639276392767,-10.89105861449238],[23.90603906039061,-10.943138718105914],[23.902439024390247,-10.98306679754296],[23.834038340383415,-11.014314859711078],[23.697236972369723,-11.007370845895949],[23.56043560435606,-10.977858787181603],[23.463234632346342,-10.969178769912688],[23.398433984339846,-10.976122783727831],[23.157231572315737,-11.075074980593541],[23.078030780307813,-11.087227004770043],[22.81522815228152,-11.080282990954899],[22.667626676266764,-11.059450949509483],[22.559625596255984,-11.05597894260191],[22.48762487624876,-11.087227004770043],[22.394023940239407,-11.160139149828993],[22.314823148231483,-11.19833122581224],[22.2788227882279,-11.194859218904682],[22.257222572225743,-11.16361115673655],[22.224822248222495,-11.121947073845732],[22.217622176221766,-11.012578856257306],[22.17802178021782,-10.892794617946166],[22.20322203222034,-10.83029849360993],[22.2788227882279,-10.78342640035774],[22.307623076230783,-10.69141821730716],[22.282422824228263,-10.550801937550617],[22.282422824228263,-10.453585744138678],[22.30402304023042,-10.396297630163787],[22.275222752227535,-10.259153357314815],[22.19602196021961,-10.040416922137965],[22.088020880208802,-9.863344569851932],[21.947619476194774,-9.726200297002961],[21.857618576185757,-9.594264034515334],[21.814418144181445,-9.46927178584285],[21.8288182881829,-9.168943188338119],[21.872018720187214,-8.903334659909092],[21.904419044190462,-8.693278242001156],[21.897218972189734,-8.340869540882892],[21.800018000180017,-8.11171708498334],[21.77841778417786,-7.865204594545929],[21.832418324183237,-7.601332069570688],[21.84321843218433,-7.420787710377098],[21.807218072180717,-7.3287795273265175],[21.782017820178197,-7.31489149969623],[21.749617496174977,-7.306211482427315],[21.512015120151204,-7.297531465158386],[21.19161191611917,-7.285379440981899],[20.910809108091087,-7.281907434074327],[20.608406084060846,-7.278435427166755],[20.558005580055806,-7.243715358091066],[20.53640536405365,-7.182955237208603],[20.53640536405365,-7.122195116326154],[20.597605976059754,-6.93470674331742],[20.590405904059054,-6.919082712233362],[20.482404824048245,-6.91561070532579],[20.190801908019097,-6.946858767493907],[19.996399963999636,-6.976370826208253],[19.8739987399874,-6.986786846930954],[19.661596615966175,-7.037130947090702],[19.528395283952847,-7.144763161225356],[19.485194851948535,-7.280171430620541],[19.4887948879489,-7.3912756516627525],[19.48159481594817,-7.472867813990632],[19.42039420394204,-7.557931983226069],[19.369993699936998,-7.655148176638008],[19.369993699936998,-7.707228280251542],[19.341193411934114,-7.965892794865439],[19.143191431914317,-8.000612863941129],[18.94518945189452,-8.000612863941129],[18.898388983889845,-7.998876860487343],[18.653586535865372,-7.936380736151094],[18.563585635856356,-7.936380736151094],[18.48438484384843,-7.969364801773011],[18.33318333183334,-8.000612863941129],[18.192781927819283,-8.023180908840331],[18.04878048780489,-8.101301064260625],[18.009180091800914,-8.108245078075768],[17.911979119791198,-8.068316998638721],[17.778777787777898,-8.071789005546293],[17.641976419764205,-8.090885043537924],[17.580775807758073,-8.099565060806839],[17.53757537575376,-8.075261012453865],[17.41157411574116,-7.882564629083774],[17.245972459724612,-7.623900114469876],[17.155971559715596,-7.460715789814131],[17.119971199712012,-7.419051706923312],[17.062370623706244,-7.363499596402207],[16.98316983169832,-7.257603385721339],[16.95076950769507,-7.156915185401843],[16.965169651696527,-7.06143499544369],[16.91836918369185,-6.93470674331742],[16.813968139681407,-6.773258422115461],[16.74196741967421,-6.618754114728631],[16.709567095670963,-6.471193821156945],[16.702367023670234,-6.3462015724844605],[16.71676716767169,-6.242041365257393],[16.69876698766987,-6.163921209837085],[16.64116641166413,-6.115313113131123],[16.608766087660882,-6.051080985341088],[16.583565835658362,-6.025040933534328],[16.536765367653686,-5.96601681610565],[16.43236432364324,-5.900048684861829],[16.31356313563137,-5.86532861578614],[16.06156061560617,-5.86532861578614],[15.72675726757268,-5.863592612332354],[15.424354243542439,-5.868800622693712],[15.08955089550895,-5.87400863305507],[14.751147511475125,-5.879216643416427],[14.657546575465773,-5.889632664139128],[14.398343983439844,-5.8931046710467],[14.189541895418955,-5.8757446365088555],[14.113941139411395,-5.86532861578614],[13.97713977139773,-5.856648598517225],[13.764737647376478,-5.854912595063439],[13.64953649536497,-5.861856608878583],[13.372333723337249,-5.861856608878583],[13.347133471334729,-5.863592612332354],[13.303933039330389,-5.882688650323985],[13.185131851318516,-5.856648598517225],[13.069930699307008,-5.86532861578614],[13.001530015300148,-5.835816557071809],[12.86112861128612,-5.854912595063439],[12.792727927279287,-5.877480639962641],[12.681126811268115,-5.960808805744293],[12.515525155251567,-6.004208892088911],[12.454324543245434,-6.00073688518134],[12.411124111241122,-5.986848857551067],[12.313923139231406,-5.894840674500486],[12.24192241922421,-5.808040501811249],[12.213122131221326,-5.7594324051052865],[12.256322563225638,-5.7472803809288],[12.385923859238602,-5.728184342937169],[12.483124831248318,-5.71950432566824],[12.504725047250474,-5.695200277315266],[12.51912519125193,-5.424383738524867],[12.522725227252266,-5.148359189373124],[12.486724867248682,-5.111903116843649],[12.454324543245434,-5.091071075398247],[12.45072450724507,-5.071975037406617],[12.50112501125011,-5.037254968330927],[12.573125731257306,-4.99732688889388],[12.59472594725949,-4.97823085090225],[12.673926739267387,-4.9053187058433],[12.828728287282871,-4.736926370826197],[12.947529475294772,-4.695262287935364],[13.055530555305552,-4.65186220159076],[13.073530735307372,-4.634502167052901],[13.0879308793088,-4.601518101430997],[13.13833138331384,-4.604990108338569],[13.152731527315268,-4.620614139422628],[13.177931779317788,-4.655334208498317],[13.221132211322129,-4.705678308658079],[13.296732967329689,-4.7647024260867425],[13.375933759337613,-4.828934553876778],[13.415534155341561,-4.837614571145693],[13.476734767347693,-4.8046305055237895],[13.552335523355254,-4.756022408817827],[13.660336603366034,-4.721302339742138],[13.685536855368554,-4.688318274120235],[13.69993699937001,-4.618878135968842],[13.70713707137071,-4.542493984002334],[13.717937179371802,-4.453957807859311],[13.739537395373958,-4.441805783682824],[13.779137791377934,-4.4331257664138946],[13.85113851138513,-4.459165818220669],[13.88353883538835,-4.485205870027443],[13.941139411394118,-4.485205870027443],[13.97713977139773,-4.4609018216744545],[14.045540455404563,-4.417501735329836],[14.135541355413551,-4.400141700791991],[14.225542255422567,-4.358477617901173],[14.315543155431556,-4.304661510833839],[14.358743587435868,-4.299453500472495],[14.401944019440208,-4.368893638623874],[14.441544415444156,-4.419237738783622],[14.448744487444884,-4.4487497974979675],[14.409144091440908,-4.507773914926631],[14.365943659436596,-4.585894070346939],[14.401944019440208,-4.681374260305091],[14.412744127441272,-4.775118446809458],[14.409144091440908,-4.8306705573305635],[14.441544415444156,-4.853238602229766],[14.463144631446312,-4.865390626406253],[14.49554495544956,-4.85150259877598],[14.556745567455692,-4.8549746056835374],[14.632346323463253,-4.884486664397883],[14.707947079470813,-4.8810146574903115],[14.779947799478009,-4.846294588414622],[14.91314913149131,-4.705678308658079],[15.10755107551077,-4.4609018216744545],[15.26595265952659,-4.30813351774141],[15.395553955539555,-4.245637393405175],[15.481954819548207,-4.170989244892439],[15.525155251552519,-4.087661079110774],[15.60075600756008,-4.030372965135882],[15.755557555575564,-3.985236875337492],[15.870758707587072,-3.934892775177744],[15.989559895598973,-3.766500440160641],[16.147961479614793,-3.4644358392021246],[16.191161911619133,-3.19361930041174],[16.216362163621653,-3.0304349757559947],[16.201962019620197,-2.464497849822237],[16.191161911619133,-2.2787454802672897],[16.216362163621653,-2.1780572799477795],[16.273962739627393,-2.108617141796401],[16.43236432364324,-1.9610568482247146],[16.54036540365405,-1.8395366064598022],[16.62316623166231,-1.6989203267032593],[16.78156781567816,-1.3760236842993265],[16.84996849968499,-1.2718634770722588],[16.878768787687875,-1.2267273872738542],[16.97596975969759,-1.139927214584631],[17.10917109171092,-1.065279066071895],[17.278372783727832,-0.9993109348280882],[17.541175411754125,-0.7753664892898797],[17.753577535775378,-0.5496860402978854],[17.724777247772494,-0.2771334980537148],[17.77157771577717,-0.05318905251550632],[17.886778867788678,0.234987520812723],[17.926379263792654,0.5370521217712252],[17.886778867788678,0.8564767572675862],[17.901179011790134,1.1186132787890557],[18.01278012780128,1.4224138832013438],[18.059580595805954,1.535254107697341],[18.07398073980741,1.7192704737985025],[18.070380703807047,2.0126550574880895],[18.210782107821075,2.415407858766102],[18.343983439834403,2.654976335388369],[18.49158491584916,2.924056870724968],[18.545585455854564,3.087241195380713],[18.621186211862124,3.304241627103778],[18.610386103861032,3.4778419724822385],[18.595985959859604,3.6792183731212447],[18.631986319863216,3.953506918819201],[18.621186211862124,4.116691243474946],[18.56718567185672,4.257307523231489],[18.59238592385924,4.345843699374512],[18.70038700387005,4.382299771903988],[18.829988299883013,4.5229160516605305],[19.067590675906757,4.890948783862854],[19.323193231932322,5.071493143056443],[19.499594995949963,5.127045253577549],[19.686796867968695,5.121837243216191],[19.805598055980568,5.088853177594288],[19.863198631986336,5.0315650636193965],[20.003600036000364,4.944764890930173],[20.22680226802268,4.83018866298039],[20.392403924039257,4.686100376316276],[20.48600486004861,4.542012089652161],[20.558005580055806,4.462155930778067],[20.648006480064794,4.436115878971307],[20.792007920079215,4.446531899694008],[20.9540095400954,4.413547834072105],[21.126811268112675,4.331955671744225],[21.23121231212312,4.302443613029894],[21.267212672126732,4.32327565447531],[21.35001350013502,4.311123630298823],[21.537215372153725,4.245155499055002],[21.688416884168845,4.281611571584477],[21.908019080190797,4.253835516323932],[22.42282422824229,4.135787281466577],[22.44802448024481,4.154883319458207],[22.46242462424624,4.160091329819565],[22.50562505625058,4.206963423071741],[22.617226172261724,4.4447958962402225],[22.710827108271076,4.592356189811909],[22.754027540275416,4.646172296879229],[22.86562865628656,4.724292452299537],[22.99162991629916,4.743388490291167],[23.11763117631176,4.736444476476024],[23.21843218432184,4.70346041085412],[23.312033120331222,4.663532331417073],[23.416434164341638,4.663532331417073],[23.524435244352446,4.701724407400334],[23.682836828368295,4.771164545551713],[23.848438484384843,4.816300635350117],[23.992439924399264,4.866644735509865],[24.226442264422644,4.953444908199103],[24.320043200432025,4.9933729876361355],[24.438844388443897,5.01073302217398],[24.766447664476658,4.9308768632999005],[24.978849788497882,4.982956966913434],[25.065250652506535,4.967332935829376],[25.248852488524903,5.024621049804267],[25.284852848528487,5.062813125787528],[25.400054000540024,5.255509509157605],[25.526055260552624,5.3127976231324965],[25.71325713257133,5.283285564418165],[25.821258212582137,5.253773505703819],[26.174061740617418,5.170445339922168],[26.631266312663143,5.085381170686716],[26.768067680676808,5.071493143056443],[26.822068220682212,5.062813125787528],[26.868868688686888,5.074965149964015],[27.02007020070201,5.184333367552441],[27.07047070470705,5.199957398636499],[27.11367113671136,5.198221395182713],[27.401674016740174,5.109685219039704],[27.437674376743786,5.03850907743454],[27.49167491674916,4.967332935829376],[27.664476644766467,4.845812694064449],[27.718477184771842,4.778108559366856],[27.761677616776183,4.70346041085412],[27.786877868778703,4.644436293425443],[27.840878408784107,4.597564200173267],[27.916479164791667,4.568052141458935],[27.981279812798135,4.53159606892946],[28.020880208802083,4.479515965315912],[28.07848078480785,4.423963854794806],[28.193681936819388,4.351051709735856],[28.247682476824764,4.34931570628207],[28.31248312483126,4.338899685559369],[28.366483664836665,4.3180676441139525],[28.42768427684277,4.325011657929096],[28.524885248852485,4.373619754635058],[28.64008640086402,4.455211916962938],[28.726487264872645,4.505556017122686],[28.938889388893898,4.486459979131055],[29.05769057690577,4.446531899694008],[29.151291512915122,4.387507782265331],[29.223292232922347,4.392715792626689],[29.38529385293853,4.498612003307542],[29.46809468094682,4.6114522278035395],[29.550895508955108,4.635756276156528],[29.67689676896771,4.587148179450551],[29.781297812978124,4.481251968769698],[29.87129871298714,4.326747661382882],[29.932499324993245,4.2677235439542045],[30.02250022500226,4.17745136435741],[30.195301953019538,3.981282974079761],[30.42210422104222,3.8840667806678226],[30.50850508505087,3.8354586839618463],[30.537305373053726,3.786850587255884],[30.555305553055547,3.7226184594658633],[30.55890558905591,3.6531783213144706],[30.587705877058767,3.623666262600139],[30.6489064890649,3.63408228332284],[30.69930699306994,3.6444983040455554],[30.756907569075707,3.623666262600139],[30.796507965079655,3.573322162440391],[30.81810818108181,3.533394083003344],[30.839708397083967,3.4899939966587255],[30.89370893708937,3.4639539448519656],[30.908109081090828,3.40840183433086],[30.86850868508685,3.342433703087039],[30.828908289082904,3.283409585658376],[30.778507785077863,3.163625347347235],[30.753307533075343,3.0421051055823227],[30.78570785707859,3.002177026145276],[30.821708217082175,2.9674569570695866],[30.839708397083967,2.9327368879938973],[30.85050850508506,2.8928088085568504],[30.846908469084696,2.847672718758446],[30.771307713077135,2.6775443802875714],[30.728107281072823,2.529984086715885],[30.728107281072823,2.4553359382031488],[30.828908289082904,2.399783827682043],[30.962109621096232,2.403255834589615],[31.005310053100544,2.3685357655139256],[31.044910449104492,2.3147196584465917],[31.080910809108104,2.288679606639832],[31.138511385113873,2.288679606639832],[31.17811178111782,2.2695835686482013],[31.19251192511925,2.233127496118726],[31.23571235712359,2.1914634132278934],[31.275312753127537,2.146327323429503],[31.257312573125745,2.0890392094546115],[31.25371253712538,2.043903119656207],[31.16011160111603,1.9223828778912946],[30.94410944109441,1.6828144012690274],[30.479704797047987,1.2383975171001822],[30.476104761047623,1.2383975171001822],[30.321303213032138,1.1845814100328624],[30.23850238502385,1.102989247704997],[30.184501845018445,0.9727889886711552],[30.04770047700478,0.8634207710827297],[29.943299432994337,0.8200206847381111],[29.932499324993245,0.7922446294775511],[29.925299252992545,0.6741963946202105],[29.93609936099361,0.49886004578796417],[29.88569885698857,0.41900388691388457],[29.813698136981372,0.2627635760732687],[29.77769777697779,0.1655473826613445],[29.748897488974904,0.146451344669714],[29.716497164971656,0.09784324796373767],[29.698496984969864,-0.060133066330649854],[29.684096840968408,-0.11394917339796962],[29.633696336963368,-0.44205382616324584],[29.648096480964824,-0.5357980126676125],[29.608496084960848,-0.6920383235082284],[29.604896048960484,-0.7823105031050233],[29.590495904959056,-0.886470710332091],[29.56169561695617,-0.9767428899288859],[29.565295652956536,-1.1208311765930006],[29.579695796957964,-1.356927646307696],[29.576095760957628,-1.3881757084758277],[29.53649536495365,-1.40900774992123],[29.46809468094682,-1.4680318673499073],[29.403294032940323,-1.5079599467869542],[29.352893528935283,-1.5183759675096553],[29.26649266492666,-1.6208001712829514],[29.198091980919827,-1.7197523681486615],[29.144091440914423,-1.815232558106814],[29.129691296912966,-1.8603686479052186],[29.14049140491406,-1.9853608965777028],[29.147691476914787,-2.1311851866956033],[29.13329133291333,-2.1954173144856384],[29.10809108091081,-2.233609390468885],[28.989289892898938,-2.313465549342979],[28.913689136891378,-2.3707536633178705],[28.877688776887766,-2.400265722032202],[28.85608856088561,-2.4471378152843926],[28.892088920889222,-2.554770029419032],[28.895688956889586,-2.634626188293126],[28.920889208892106,-2.681498281545302],[29.01449014490146,-2.719690357528563],[29.01449014490146,-2.757882433511824],[29.018090180901822,-2.799546516402657],[29.0648906489065,-2.851626620016191],[29.154891548915487,-2.9557868272432586],[29.223292232922347,-3.053003020655197],[29.226892268922683,-3.1380671898906343],[29.212492124921255,-3.280419473100963],[29.20889208892089,-3.3637476388826286],[29.21609216092162,-3.47485185992484],[29.21609216092162,-3.6849082778327613],[29.212492124921255,-3.8342045748582336],[29.223292232922347,-3.9105887268247557],[29.331293312933127,-4.094605092925917],[29.378093780937803,-4.299453500472495],[29.403294032940323,-4.4487497974979675],[29.403294032940323,-4.49735789420393],[29.36729367293674,-4.669222236128604],[29.324093240932427,-4.835878567691921],[29.324093240932427,-4.898374692028156],[29.34209342093422,-4.983438861263593],[29.421294212942144,-5.176135244633684],[29.475294752947548,-5.316751524390227],[29.504095040950403,-5.401815693625679],[29.54369543695438,-5.499031887037603],[29.59409594095942,-5.650064187516861],[29.608496084960848,-5.722976332575811],[29.597695976959784,-5.776792439643131],[29.489694896948976,-5.96601681610565],[29.478894788947883,-6.025040933534328],[29.507695076950768,-6.172601227106014],[29.540095400954016,-6.313217506862557],[29.590495904959056,-6.394809669190423],[29.709297092970928,-6.617018111274845],[29.799297992979945,-6.691666259787581],[29.96129961299613,-6.802770480829793],[30.10530105301055,-6.91561070532579],[30.16290162901629,-6.972898819300681],[30.21330213302133,-7.037130947090702],[30.31410314103141,-7.203787278654019],[30.375303753037542,-7.339195548049219],[30.40770407704079,-7.460715789814131],[30.486904869048686,-7.627372121377448],[30.55890558905591,-7.781876428764278],[30.652506525065263,-7.971100805226783],[30.720907209072095,-8.104773071168196],[30.74970749707498,-8.193309247311205]]]}},{"type":"Feature","id":"178","properties":{"name":"Congo"},"geometry":{"type":"Polygon","coordinates":[[[11.129511295112962,-3.9157967371861133],[11.190711907119066,-3.7612924297992834],[11.233912339123407,-3.690116288194119],[11.287912879128811,-3.641508191488157],[11.5039150391504,-3.5199879497232303],[11.536315363153648,-3.525195960084588],[11.687516875168768,-3.6814362709251895],[11.734317343173444,-3.6953242985554766],[11.784717847178484,-3.690116288194119],[11.849518495184952,-3.6970603020092625],[11.878318783187837,-3.665812239841131],[11.885518855188565,-3.625884160404098],[11.838718387183889,-3.5807480706056936],[11.83151831518316,-3.5321399738997314],[11.863918639186409,-3.4783238668324117],[11.8819188191882,-3.42103575285752],[11.928719287192877,-3.3515956147061274],[11.935919359193605,-3.318611549084224],[11.885518855188565,-3.283891480008535],[11.784717847178484,-3.228339369487429],[11.716317163171652,-3.1762592658738953],[11.687516875168768,-3.127651169167933],[11.709117091170924,-3.063419041377898],[11.763117631176328,-3.0113389377643642],[11.759517595175964,-2.9835628825038185],[11.712717127171288,-2.936690789251628],[11.676716767167676,-2.88634668909188],[11.640716407164092,-2.8550986269237626],[11.536315363153648,-2.836002588932132],[11.557915579155804,-2.770034457688311],[11.593915939159388,-2.671082260822601],[11.60471604716048,-2.594698108856079],[11.575915759157596,-2.3967937151246446],[11.57951579515796,-2.3603376425951694],[11.60471604716048,-2.3429776080573106],[11.665916659166612,-2.363809649502727],[11.727117271172716,-2.3950577116708587],[11.892718927189293,-2.35165762532624],[11.950319503195033,-2.3447136115110965],[11.997119971199709,-2.3829056874943575],[12.06552065520657,-2.4124177462087033],[12.447124471244706,-2.3308255838808236],[12.454324543245434,-2.2457614146453864],[12.47592475924759,-2.1693772626788643],[12.479524795247954,-2.112089148703973],[12.461524615246162,-2.0756330761744977],[12.44352443524437,-2.047857020913952],[12.432724327243278,-1.9905689069390604],[12.432724327243278,-1.9280727826028112],[12.46872468724689,-1.9002967273422655],[12.591125911259127,-1.8273845822833152],[12.62712627126271,-1.8291205857371011],[12.713527135271363,-1.8690486651741338],[12.792727927279287,-1.931544789510383],[12.864728647286483,-2.0634810519980107],[12.915129151291524,-2.176321276494008],[12.990729907299084,-2.313465549342979],[13.159931599315996,-2.3690176598640846],[13.357933579335793,-2.4054737323935598],[13.465934659346601,-2.3950577116708587],[13.617136171361722,-2.2787454802672897],[13.70713707137071,-2.186737297216709],[13.73233732337323,-2.138129200510747],[13.78273782737827,-2.1641692523175067],[13.840338403384038,-2.2839534906286474],[13.879938799388015,-2.3308255838808236],[13.887138871388714,-2.3742256702254423],[13.861938619386194,-2.429777780746548],[13.887138871388714,-2.466233853276023],[13.995139951399523,-2.490537901628997],[14.088740887408875,-2.466233853276023],[14.128341283412851,-2.4176257565700467],[14.200342003420047,-2.353393628780026],[14.200342003420047,-2.301313525166492],[14.164341643416435,-2.264857452637017],[14.164341643416435,-2.2179853593848264],[14.200342003420047,-2.1797932834015654],[14.239942399423995,-2.0773690796282835],[14.250742507425088,-2.0009849276617615],[14.286742867428671,-1.9541128344095853],[14.358743587435868,-1.919392765333896],[14.383943839438388,-1.8898807066195502],[14.423544235442364,-1.7110723508797463],[14.401944019440208,-1.6468402230897112],[14.401944019440208,-1.5930241160223915],[14.448744487444884,-1.5253199813247988],[14.455944559445612,-1.4124797568288017],[14.437944379443792,-1.230199394181426],[14.423544235442364,-1.103471142055156],[14.409144091440908,-0.9715348795675283],[14.44514445144452,-0.7996705376428679],[14.481144811448132,-0.6191261784492781],[14.473944739447404,-0.5739900886508735],[14.423544235442364,-0.5184379781297679],[14.362343623436232,-0.4680938779700199],[14.207542075420747,-0.428165798532973],[14.149941499415007,-0.36219766728916625],[14.103141031410331,-0.29275752913777353],[14.070740707407083,-0.27018948423858546],[13.897938979389806,-0.24241342897802554],[13.85833858338583,-0.20248534954097863],[13.87633876338765,-0.09138112849876734],[13.890738907389078,0.0752752030645496],[13.88353883538835,0.19158743446810433],[13.915939159391598,0.2835956175186851],[13.948339483394847,0.3530357556700636],[14.023940239402407,0.4276839041827998],[14.067140671406719,0.5144840768720371],[14.088740887408875,0.5370521217712252],[14.232742327423267,0.5509401494015123],[14.283142831428307,0.5873962219309874],[14.322743227432284,0.6238522944604625],[14.340743407434076,0.6741963946202105],[14.391143911439116,0.755788556948076],[14.434344343443428,0.8113406674691817],[14.437944379443792,0.8495327434524427],[14.430744307443092,0.9016128470659908],[14.387543875438752,1.0040370508392726],[14.333543335433347,1.0908372235284958],[14.304743047430492,1.1203492822428416],[14.239942399423995,1.3217256828818478],[14.182341823418227,1.3703337795878099],[14.067140671406719,1.396373831394584],[13.85113851138513,1.418941876293772],[13.721537215372166,1.3824858037642969],[13.52353523535237,1.3147816690667042],[13.372333723337249,1.267909575814528],[13.275132751327533,1.241869524007754],[13.217532175321764,1.2488135378228975],[13.18873188731888,1.280061599991015],[13.228332283322828,1.3061016517977748],[13.246332463324649,1.3668617726802381],[13.221132211322129,1.4553979488232471],[13.185131851318516,1.535254107697341],[13.16353163531636,1.6480943321933381],[13.170731707317088,1.788710611949881],[13.210332103321036,1.9206468744375087],[13.28953289532896,2.0925112163621833],[13.293132931329325,2.161951354513562],[13.534335343353433,2.160215351059776],[13.771937719377206,2.156743344152204],[14.03474034740347,2.15847934760599],[14.286742867428671,2.160215351059776],[14.484744847448468,2.1550073406984183],[14.578345783457848,2.198407427043037],[14.668346683466837,2.132439295799216],[14.711547115471149,2.1168152647151572],[14.729547295472969,2.122023275076515],[14.761947619476189,2.0751511818243387],[14.873548735487361,2.080359192185682],[14.891548915489153,2.069943171462981],[14.902349023490245,2.0126550574880895],[15.00675006750069,2.0143910609418754],[15.05715057150573,2.0005030333116025],[15.100351003510042,2.002239036765374],[15.161551615516174,2.0352231023872918],[15.204752047520486,2.0248070816645765],[15.28395283952841,1.981406995319972],[15.337953379533815,1.9449509227904969],[15.41715417154171,1.9571029469669838],[15.60075600756008,1.9501589331518403],[15.741157411574136,1.915438864076151],[15.881558815588164,1.816486667210441],[15.975159751597516,1.7591985532355494],[16.057960579605805,1.6758703874538838],[16.090360903609053,1.6914944185379426],[16.119161191611937,1.7140624634371449],[16.13716137161373,1.7244784841598602],[16.133561335613365,1.7956546257650245],[16.08676086760869,1.9189108709837228],[16.068760687606897,2.0213350747570047],[16.07956079560796,2.106399243992456],[16.115561155611573,2.1671593648749052],[16.176761767617677,2.2053514408581663],[16.183961839618405,2.262639554833058],[16.183961839618405,2.2695835686482013],[16.252362523625237,2.4067278414971724],[16.32076320763207,2.542136110892372],[16.399963999639994,2.7018484286405453],[16.468364683646854,2.832048687674387],[16.461164611646126,2.896280815464422],[16.46476464764649,2.9934970088763464],[16.479164791647918,3.101129223011],[16.475564755647554,3.165361350801021],[16.49716497164971,3.2087614371456397],[16.543965439654414,3.370209758347599],[16.569165691656934,3.4622179413981797],[16.612366123661246,3.505618027742784],[16.67356673566735,3.53513008645713],[16.763567635676367,3.536866089910916],[17.00117001170011,3.5559621279025464],[17.224372243722456,3.597626210793365],[17.299972999730016,3.6167222487849955],[17.43677436774368,3.6844263834826023],[17.490774907749085,3.687898390390174],[17.53757537575376,3.6618583385834],[17.807578075780754,3.583738183163092],[17.879578795787978,3.5542261244487605],[17.908379083790834,3.5576981313563323],[17.94797947979481,3.5524901209949746],[18.009180091800914,3.5507541175411887],[18.07398073980741,3.56117013826389],[18.109981099810994,3.5507541175411887],[18.160381603816035,3.5004100173814408],[18.192781927819283,3.505618027742784],[18.235982359823595,3.5420741002722593],[18.318783187831883,3.5802661762555203],[18.473584735847368,3.623666262600139],[18.498784987849888,3.6045702246085085],[18.552785527855292,3.510826038104142],[18.610386103861032,3.4778419724822385],[18.621186211862124,3.304241627103778],[18.545585455854564,3.087241195380713],[18.49158491584916,2.924056870724968],[18.343983439834403,2.654976335388369],[18.210782107821075,2.415407858766102],[18.070380703807047,2.0126550574880895],[18.07398073980741,1.7192704737985025],[18.059580595805954,1.535254107697341],[18.01278012780128,1.4224138832013438],[17.901179011790134,1.1186132787890557],[17.886778867788678,0.8564767572675862],[17.926379263792654,0.5370521217712252],[17.886778867788678,0.234987520812723],[17.77157771577717,-0.05318905251550632],[17.724777247772494,-0.2771334980537148],[17.753577535775378,-0.5496860402978854],[17.541175411754125,-0.7753664892898797],[17.278372783727832,-0.9993109348280882],[17.10917109171092,-1.065279066071895],[16.97596975969759,-1.139927214584631],[16.878768787687875,-1.2267273872738542],[16.84996849968499,-1.2718634770722588],[16.78156781567816,-1.3760236842993265],[16.62316623166231,-1.6989203267032593],[16.54036540365405,-1.8395366064598022],[16.43236432364324,-1.9610568482247146],[16.273962739627393,-2.108617141796401],[16.216362163621653,-2.1780572799477795],[16.191161911619133,-2.2787454802672897],[16.201962019620197,-2.464497849822237],[16.216362163621653,-3.0304349757559947],[16.191161911619133,-3.19361930041174],[16.147961479614793,-3.4644358392021246],[15.989559895598973,-3.766500440160641],[15.870758707587072,-3.934892775177744],[15.755557555575564,-3.985236875337492],[15.60075600756008,-4.030372965135882],[15.525155251552519,-4.087661079110774],[15.481954819548207,-4.170989244892439],[15.395553955539555,-4.245637393405175],[15.26595265952659,-4.30813351774141],[15.10755107551077,-4.4609018216744545],[14.91314913149131,-4.705678308658079],[14.779947799478009,-4.846294588414622],[14.707947079470813,-4.8810146574903115],[14.632346323463253,-4.884486664397883],[14.556745567455692,-4.8549746056835374],[14.49554495544956,-4.85150259877598],[14.463144631446312,-4.865390626406253],[14.441544415444156,-4.853238602229766],[14.409144091440908,-4.8306705573305635],[14.412744127441272,-4.775118446809458],[14.401944019440208,-4.681374260305091],[14.365943659436596,-4.585894070346939],[14.409144091440908,-4.507773914926631],[14.448744487444884,-4.4487497974979675],[14.441544415444156,-4.419237738783622],[14.401944019440208,-4.368893638623874],[14.358743587435868,-4.299453500472495],[14.315543155431556,-4.304661510833839],[14.225542255422567,-4.358477617901173],[14.135541355413551,-4.400141700791991],[14.045540455404563,-4.417501735329836],[13.97713977139773,-4.4609018216744545],[13.941139411394118,-4.485205870027443],[13.88353883538835,-4.485205870027443],[13.85113851138513,-4.459165818220669],[13.779137791377934,-4.4331257664138946],[13.739537395373958,-4.441805783682824],[13.717937179371802,-4.453957807859311],[13.70713707137071,-4.542493984002334],[13.69993699937001,-4.618878135968842],[13.685536855368554,-4.688318274120235],[13.660336603366034,-4.721302339742138],[13.552335523355254,-4.756022408817827],[13.476734767347693,-4.8046305055237895],[13.415534155341561,-4.837614571145693],[13.375933759337613,-4.828934553876778],[13.296732967329689,-4.7647024260867425],[13.221132211322129,-4.705678308658079],[13.177931779317788,-4.655334208498317],[13.152731527315268,-4.620614139422628],[13.13833138331384,-4.604990108338569],[13.0879308793088,-4.601518101430997],[13.073530735307372,-4.634502167052901],[13.048330483304852,-4.618878135968842],[12.972729727297292,-4.551174001271249],[12.882728827288275,-4.445277790590396],[12.846728467284692,-4.429653759506337],[12.799927999279987,-4.431389762960123],[12.720727207272091,-4.46958183894337],[12.641526415264167,-4.530341959825833],[12.50112501125011,-4.5876300738007245],[12.385923859238602,-4.618878135968842],[12.37512375123751,-4.657070211952103],[12.346323463234626,-4.72477434664971],[12.306723067230678,-4.7647024260867425],[12.205922059220597,-4.77859045371703],[12.16632166321665,-4.837614571145693],[12.076320763207633,-4.952190799095476],[12.018720187201865,-5.00427090270901],[12.004320043200437,-4.981702857809822],[11.968319683196825,-4.953926802549262],[11.892718927189293,-4.865390626406253],[11.820718207182068,-4.756022408817827],[11.802718027180276,-4.705678308658079],[11.78111781117812,-4.6761662499437335],[11.777517775177756,-4.565062028901522],[11.669516695166948,-4.43486176986768],[11.392313923139227,-4.200501303606771],[11.363513635136371,-4.131061165455392],[11.129511295112962,-3.9157967371861133]]]}},{"type":"Feature","id":"174","properties":{"name":"Comoros"},"geometry":{"type":"MultiPolygon","coordinates":[[[[44.47664476644766,-12.081956983788572],[44.5270452704527,-12.219101256637558],[44.5270452704527,-12.323261463864625],[44.50544505445055,-12.356245529486529],[44.45864458644587,-12.335413488041112],[44.37584375843758,-12.252085322259461],[44.2210422104221,-12.172229163385367],[44.29304293042932,-12.165285149570238],[44.336243362433635,-12.172229163385367],[44.37944379443795,-12.165285149570238],[44.40824408244083,-12.120149059771833],[44.411844118441195,-12.092373004511288],[44.45144451444514,-12.071540963065871],[44.47664476644766,-12.081956983788572]]],[[[43.78903789037892,-12.307637432780567],[43.85743857438575,-12.36839755366303],[43.66303663036632,-12.342357501856256],[43.63423634236344,-12.288541394788936],[43.63063630636307,-12.246877311898103],[43.70263702637027,-12.255557329167033],[43.78903789037892,-12.307637432780567]]],[[[43.465034650346524,-11.901412624594983],[43.447034470344704,-11.915300652225255],[43.357033570335716,-11.858012538250364],[43.30303303033031,-11.844124510620091],[43.22743227432275,-11.75211632756951],[43.256232562325636,-11.432691692073163],[43.281432814328156,-11.39102760918233],[43.29943299432995,-11.373667574644486],[43.34263342633426,-11.368459564283128],[43.3930339303393,-11.408387643720175],[43.37863378633787,-11.614972054720539],[43.447034470344704,-11.75211632756951],[43.490234902349044,-11.861484545157936],[43.465034650346524,-11.901412624594983]]]]}},{"type":"Feature","id":"148","properties":{"name":"Chad"},"geometry":{"type":"Polygon","coordinates":[[[23.98163981639817,19.495945840552167],[23.98163981639817,19.04979295292955],[23.98163981639817,18.605376068760705],[23.98163981639817,18.159223181138074],[23.98163981639817,17.713070293515443],[23.98163981639817,17.266917405892826],[23.98163981639817,16.820764518270195],[23.98163981639817,16.374611630647564],[23.98163981639817,15.928458743024947],[23.98163981639817,15.780898449453261],[23.97083970839708,15.721874332024584],[23.96363963639638,15.713194314755668],[23.94563945639456,15.702778294032953],[23.708037080370815,15.744442376923786],[23.60363603636037,15.746178380377572],[23.45963459634598,15.713194314755668],[23.24363243632436,15.697570283671595],[23.106831068310697,15.702778294032953],[23.00963009630098,15.626394142066431],[22.93402934029342,15.532649955562064],[22.970029700297005,15.312177516931428],[22.962829628296276,15.237529368418706],[22.93402934029342,15.16288121990597],[22.86562865628656,15.096913088662149],[22.800828008280092,15.044832985048615],[22.76482764827648,14.997960891796438],[22.71442714427144,14.899008694930714],[22.678426784267856,14.852136601678538],[22.68202682026822,14.787904473888503],[22.671226712267128,14.721936342644696],[22.63162631626318,14.688952277022779],[22.5308253082531,14.662912225216019],[22.466024660246603,14.633400166501673],[22.415624156241563,14.58479206979571],[22.383223832238343,14.550072000720021],[22.401224012240135,14.504935910921617],[22.426424264242655,14.440703783131596],[22.440824408244083,14.341751586265872],[22.44802448024481,14.284463472290994],[22.49842498424985,14.237591379038804],[22.527225272252736,14.202871309963115],[22.5380253802538,14.161207227072282],[22.509225092250944,14.128223161450379],[22.38682386823868,14.055311016391428],[22.340023400234003,14.029270964584654],[22.282422824228263,13.99281489205518],[22.26082260822608,13.978926864424906],[22.174421744217454,13.911222729727314],[22.12762127621278,13.85046260884485],[22.106021060210622,13.800118508685102],[22.106021060210622,13.730678370533724],[22.1528215282153,13.626518163306642],[22.20322203222034,13.537981987163633],[22.22122221222213,13.472013855919826],[22.232022320223223,13.399101710860876],[22.22842228422286,13.329661572709497],[22.20322203222034,13.268901451827034],[22.156421564215663,13.215085344759714],[21.990819908199086,13.112661140986418],[21.908019080190797,13.001556919944207],[21.84321843218433,12.864412647095236],[21.825218252182538,12.7897644985825],[21.84321843218433,12.741156401876538],[21.87921879218794,12.699492318985705],[21.929619296192982,12.678660277540288],[22.001620016200178,12.671716263725145],[22.12042120421205,12.694284308624347],[22.232022320223223,12.709908339708406],[22.350823508235095,12.661300243002444],[22.415624156241563,12.54672401505266],[22.390423904239043,12.46339584927101],[22.433624336243383,12.312363548791751],[22.476824768247695,12.130083186144375],[22.47322473224733,12.067587061808126],[22.491224912249123,12.045019016908938],[22.56322563225632,12.032866992732437],[22.58122581225814,11.989466906387833],[22.55602556025562,11.670042270891472],[22.592025920259204,11.579770091294677],[22.642426424264244,11.515537963504656],[22.696426964269648,11.482553897882738],[22.754027540275416,11.439153811538134],[22.7828278282783,11.409641752823788],[22.84762847628477,11.402697739008659],[22.92322923229233,11.345409625033767],[22.94122941229412,11.26728946961346],[22.937629376293756,11.192641321100723],[22.894428944289444,11.029456996444978],[22.85842858428586,10.920088778856552],[22.818828188281884,10.927032792671696],[22.728827288272896,10.954808847932242],[22.62442624426245,10.977376892831444],[22.494824948249487,10.996472930823074],[22.368823688236887,10.95133684102467],[22.23562235622356,10.894048727049778],[22.192421924219246,10.850648640705174],[22.156421564215663,10.826344592352186],[22.098820988209894,10.829816599259757],[22.04482044820449,10.822872585444614],[22.012420124201242,10.781208502553795],[21.965619656196566,10.73607241275539],[21.771217712177133,10.642328226251024],[21.731617316173157,10.60934416062912],[21.706417064170637,10.574624091553432],[21.706417064170637,10.538168019023956],[21.724417244172457,10.461783867057434],[21.724417244172457,10.366303677099282],[21.681216812168117,10.28991952513276],[21.63441634416344,10.237839421519226],[21.5768157681577,10.218743383527595],[21.52641526415266,10.208327362804894],[21.497614976149777,10.175343297182991],[21.396813968139696,10.00174295180453],[21.353613536135356,9.968758886182627],[21.263612636126368,9.973966896543985],[21.008010080100803,9.713566378476301],[20.982809828098283,9.635446223055993],[20.892808928089295,9.527814008921354],[20.774007740077394,9.406293767156441],[20.669606696066978,9.347269649727764],[20.658806588065886,9.324701604828562],[20.630006300063002,9.30213355992936],[20.565205652056534,9.274357504668814],[20.342003420034217,9.126797211097127],[20.072000720007196,9.133741224912256],[19.953199531995324,9.074717107483593],[19.837998379983816,9.04867705567682],[19.668796687966875,9.020901000416274],[19.618396183961835,9.024373007323831],[19.398793987939882,9.012220983147344],[19.14679146791468,9.015692990054916],[19.049590495904965,8.9948609486095],[18.955989559895613,8.939308838088394],[18.887588875888753,8.888964737928646],[18.87678876788769,8.873340706844587],[18.887588875888753,8.85250866539917],[18.887588875888753,8.836884634315112],[19.063990639906393,8.715364392550185],[19.107191071910734,8.656340275121522],[19.063990639906393,8.59905216114663],[19.042390423904237,8.590372143877701],[19.038790387903873,8.58690013697013],[19.009990099901017,8.541764047171739],[18.905589055890573,8.404619774322754],[18.747187471874724,8.243171453120794],[18.6679866798668,8.198035363322404],[18.631986319863216,8.168523304608058],[18.59238592385924,8.060891090473419],[18.563585635856356,8.04526705938936],[18.455584555845576,8.031379031759087],[18.23958239582396,8.020963011036372],[17.940779407794082,7.986242941960683],[17.760777607776078,7.974090917784196],[17.649176491764933,7.982770935053111],[17.49437494374945,7.909858789994161],[17.43677436774368,7.89076275200253],[17.400774007740097,7.883818738187401],[17.245972459724612,7.812642596582236],[17.116371163711648,7.701538375540025],[17.073170731707336,7.680706334094609],[16.889568895688967,7.633834240842418],[16.81756817568177,7.557450088875896],[16.785167851678523,7.550506075060767],[16.669966699667015,7.651194275380263],[16.587165871658726,7.743202458430844],[16.551165511655114,7.835210641481424],[16.543965439654414,7.86472270019577],[16.52236522365223,7.859514689834413],[16.461164611646126,7.819586610397366],[16.403564035640358,7.7727145171451895],[16.378363783637838,7.6841783410021804],[16.191161911619133,7.623418220119717],[16.02916029160292,7.571338116506183],[15.957159571595724,7.507105988716148],[15.845558455584552,7.475857926548031],[15.70155701557016,7.488009950724518],[15.589955899559016,7.515786005985078],[15.478354783547843,7.524466023253993],[15.532355323553247,7.604322182128087],[15.553955539555403,7.66508230301055],[15.557555575555767,7.7379944480695],[15.55035550355504,7.788338548229248],[15.485554855548571,7.812642596582236],[15.44235442354423,7.852570676019269],[15.348753487534879,8.083459135372621],[15.251552515525162,8.323027611994888],[15.11475114751147,8.557388078255798],[14.967149671496713,8.70668437528127],[14.859148591485933,8.798692558331851],[14.826748267482685,8.810844582508338],[14.772747727477281,8.838620637768898],[14.733147331473333,8.866396693029444],[14.535145351453508,9.026109010777617],[14.333543335433347,9.20318136306365],[14.279542795427972,9.284773525391515],[14.178741787417891,9.406293767156441],[14.063540635406355,9.531286015828925],[14.005940059400615,9.588574129803817],[13.97713977139773,9.690998333577099],[14.056340563405655,9.784742520081465],[14.139141391413915,9.901054751485034],[14.24354243542436,9.979174906905328],[14.376743767437688,9.984382917266686],[14.59634596345964,9.953134855098568],[14.837548375483749,9.940982830922067],[15.071550715507158,9.965286879275055],[15.13275132751329,9.9826469138129],[15.193951939519394,9.980910910359114],[15.319953199531994,9.954870858552354],[15.539555395553975,9.960078868913698],[15.654756547565484,10.006950962165888],[15.532355323553247,10.088543124493754],[15.399153991539919,10.21700738007381],[15.276752767527682,10.357623659830367],[15.201152011520122,10.484351911956637],[15.13275132751329,10.649272240066168],[15.067950679506794,10.850648640705174],[15.028350283502846,11.114521165680415],[15.035550355503574,11.262081459252101],[15.05715057150573,11.36797766993297],[15.121951219512198,11.541578015311416],[15.078750787507886,11.642266215630926],[15.085950859508614,11.723858377958791],[15.08235082350825,11.845378619723718],[15.060750607506094,11.907874744059953],[14.974349743497442,12.107515141245173],[14.95634956349565,12.130083186144375],[14.88074880748809,12.268963462447132],[14.848348483484841,12.50158792525427],[14.761947619476189,12.656092232641086],[14.62154621546216,12.730740381153822],[14.5459454594546,12.821012560750617],[14.517145171451716,12.978988875045019],[14.463144631446312,13.022388961389623],[14.24354243542436,13.077941071910729],[14.063540635406355,13.077941071910729],[13.93393933939339,13.258485431104319],[13.764737647376478,13.48937389045767],[13.60633606336063,13.70463831872695],[13.505535055350549,14.135167175265522],[13.44793447934481,14.379943662249133],[13.512735127351277,14.456327814215655],[13.642336423364242,14.629928159594115],[13.80793807938079,14.966712829628307],[14.178741787417891,15.484041858856102],[14.36954369543696,15.749650387285143],[14.74754747547476,16.147195178201798],[15.211952119521214,16.633276145261462],[15.474754747547479,16.90756469095942],[15.517955179551791,17.409269689103155],[15.561155611556131,17.93701473905365],[15.597155971559715,18.336295533424092],[15.636756367563692,18.810224476307283],[15.672756727567275,19.206033263770152],[15.697956979569796,19.495945840552167],[15.733957339573408,19.903906652191537],[15.766357663576656,19.982026807611845],[15.949959499594996,20.303187446561978],[15.964359643596453,20.346587532906597],[15.92835928359284,20.400403639973916],[15.669156691566911,20.672956182218087],[15.586355863558651,20.73371630310055],[15.539555395553975,20.874332582857093],[15.607956079560807,20.954188741731187],[15.294752947529474,21.41075765007652],[15.21555215552155,21.46804576405141],[15.18315183151833,21.523597874572516],[15.179551795517966,21.60519003690038],[15.172351723517238,21.922878668942957],[15.08955089550895,22.41763965327155],[14.977949779497806,22.995728803381795],[15.348753487534879,23.160649131491326],[15.6259562595626,23.285641380163824],[15.982359823598244,23.445353697911997],[16.31356313563137,23.282169373256252],[16.79236792367925,23.046072903541557],[17.274772747727496,22.808240430373075],[17.753577535775378,22.572143960658366],[18.23238232382326,22.33604749094367],[18.711187111871112,22.09821501777519],[19.189991899918994,21.862118548060494],[19.668796687966875,21.626022078345798],[20.147601476014756,21.389925608631103],[20.626406264062638,21.15209313546262],[21.10521105211052,20.915996665747926],[21.5840158401584,20.67990019603323],[22.062820628206282,20.44206772286475],[22.541625416254163,20.205971253150054],[23.020430204302045,19.969874783435344],[23.50283502835029,19.73377831372065],[23.98163981639817,19.495945840552167]]]}},{"type":"Feature","id":"140","properties":{"name":"Central African Rep."},"geometry":{"type":"Polygon","coordinates":[[[24.14724147241472,8.665020292390437],[24.194041940419424,8.65286826821395],[24.219242192421945,8.607732178415546],[24.179641796417968,8.461907888297645],[24.208442084420852,8.369899705247065],[24.29124291242914,8.291779549826757],[24.3740437404374,8.258795484204853],[24.45684456844569,8.239699446213223],[24.737647376473774,8.19109134950726],[24.852848528485282,8.13727524243994],[25.007650076500767,7.965410900515266],[25.2020520205202,7.807434586220879],[25.248852488524903,7.724106420439213],[25.23805238052381,7.649458271926477],[25.180451804518043,7.557450088875896],[25.191251912519135,7.519258012892649],[25.27765277652776,7.427249829842069],[25.382053820538204,7.333505643337702],[25.565655656556572,7.22934543611062],[25.88965889658897,7.064425108001089],[26.037260372603726,6.9550568904126635],[26.087660876608766,6.871728724631012],[26.170461704617054,6.781456545034217],[26.285662856628562,6.6998643827063376],[26.361263612636122,6.635632254916317],[26.307263072630747,6.455087895722727],[26.32526325263254,6.3960637782940495],[26.354063540635423,6.3457196781343015],[26.41886418864189,6.274543536529123],[26.447664476644775,6.182535353478542],[26.512465124651243,6.069695128982559],[26.59526595265953,6.017615025369011],[26.724867248672496,5.9985189873773805],[26.796867968679692,5.944702880310061],[26.940869408694084,5.854430700713266],[27.084870848708505,5.776310545292972],[27.142471424714245,5.722494438225652],[27.18207182071822,5.675622344973462],[27.21447214472144,5.61833423099857],[27.228872288722897,5.562782120477465],[27.23247232472326,5.441261878712552],[27.25767257672578,5.290229578233294],[27.33327333273334,5.1860693710062264],[27.401674016740174,5.109685219039704],[27.11367113671136,5.198221395182713],[27.07047070470705,5.199957398636499],[27.02007020070201,5.184333367552441],[26.868868688686888,5.074965149964015],[26.822068220682212,5.062813125787528],[26.768067680676808,5.071493143056443],[26.631266312663143,5.085381170686716],[26.174061740617418,5.170445339922168],[25.821258212582137,5.253773505703819],[25.71325713257133,5.283285564418165],[25.526055260552624,5.3127976231324965],[25.400054000540024,5.255509509157605],[25.284852848528487,5.062813125787528],[25.248852488524903,5.024621049804267],[25.065250652506535,4.967332935829376],[24.978849788497882,4.982956966913434],[24.766447664476658,4.9308768632999005],[24.438844388443897,5.01073302217398],[24.320043200432025,4.9933729876361355],[24.226442264422644,4.953444908199103],[23.992439924399264,4.866644735509865],[23.848438484384843,4.816300635350117],[23.682836828368295,4.771164545551713],[23.524435244352446,4.701724407400334],[23.416434164341638,4.663532331417073],[23.312033120331222,4.663532331417073],[23.21843218432184,4.70346041085412],[23.11763117631176,4.736444476476024],[22.99162991629916,4.743388490291167],[22.86562865628656,4.724292452299537],[22.754027540275416,4.646172296879229],[22.710827108271076,4.592356189811909],[22.617226172261724,4.4447958962402225],[22.50562505625058,4.206963423071741],[22.46242462424624,4.160091329819565],[22.44802448024481,4.154883319458207],[22.42282422824229,4.135787281466577],[21.908019080190797,4.253835516323932],[21.688416884168845,4.281611571584477],[21.537215372153725,4.245155499055002],[21.35001350013502,4.311123630298823],[21.267212672126732,4.32327565447531],[21.23121231212312,4.302443613029894],[21.126811268112675,4.331955671744225],[20.9540095400954,4.413547834072105],[20.792007920079215,4.446531899694008],[20.648006480064794,4.436115878971307],[20.558005580055806,4.462155930778067],[20.48600486004861,4.542012089652161],[20.392403924039257,4.686100376316276],[20.22680226802268,4.83018866298039],[20.003600036000364,4.944764890930173],[19.863198631986336,5.0315650636193965],[19.805598055980568,5.088853177594288],[19.686796867968695,5.121837243216191],[19.499594995949963,5.127045253577549],[19.323193231932322,5.071493143056443],[19.067590675906757,4.890948783862854],[18.829988299883013,4.5229160516605305],[18.70038700387005,4.382299771903988],[18.59238592385924,4.345843699374512],[18.56718567185672,4.257307523231489],[18.621186211862124,4.116691243474946],[18.631986319863216,3.953506918819201],[18.595985959859604,3.6792183731212447],[18.610386103861032,3.4778419724822385],[18.552785527855292,3.510826038104142],[18.498784987849888,3.6045702246085085],[18.473584735847368,3.623666262600139],[18.318783187831883,3.5802661762555203],[18.235982359823595,3.5420741002722593],[18.192781927819283,3.505618027742784],[18.160381603816035,3.5004100173814408],[18.109981099810994,3.5507541175411887],[18.07398073980741,3.56117013826389],[18.009180091800914,3.5507541175411887],[17.94797947979481,3.5524901209949746],[17.908379083790834,3.5576981313563323],[17.879578795787978,3.5542261244487605],[17.807578075780754,3.583738183163092],[17.53757537575376,3.6618583385834],[17.490774907749085,3.687898390390174],[17.43677436774368,3.6844263834826023],[17.299972999730016,3.6167222487849955],[17.224372243722456,3.597626210793365],[17.00117001170011,3.5559621279025464],[16.763567635676367,3.536866089910916],[16.67356673566735,3.53513008645713],[16.612366123661246,3.505618027742784],[16.569165691656934,3.4622179413981797],[16.543965439654414,3.370209758347599],[16.49716497164971,3.2087614371456397],[16.475564755647554,3.165361350801021],[16.479164791647918,3.101129223011],[16.46476464764649,2.9934970088763464],[16.461164611646126,2.896280815464422],[16.468364683646854,2.832048687674387],[16.399963999639994,2.7018484286405453],[16.32076320763207,2.542136110892372],[16.252362523625237,2.4067278414971724],[16.183961839618405,2.2695835686482013],[16.13716137161373,2.363327755152568],[16.108361083610845,2.4726959727409934],[16.093960939609417,2.5994242248672634],[16.101161011610117,2.632408290489167],[16.083160831608325,2.670600366472428],[16.083160831608325,2.6775443802875714],[16.057960579605805,2.7730245702457097],[16.083160831608325,2.8389927014895306],[16.065160651606533,2.908432839640909],[16.007560075600765,2.9761369743385018],[15.957159571595724,3.02821707795205],[15.92835928359284,3.075089171204226],[15.90315903159032,3.0959212126496425],[15.849158491584916,3.102865226464772],[15.773557735577356,3.12716927481776],[15.67635676356764,3.229593478591056],[15.579155791557923,3.328545675456766],[15.456754567545687,3.457009931036822],[15.35955359553597,3.5663781486252475],[15.24075240752407,3.701786418020447],[15.129151291512926,3.826778666692931],[15.060750607506094,3.9465629050040576],[15.035550355503574,4.01600304315545],[15.067950679506794,4.02294705697058],[15.11475114751147,4.0246830604243655],[15.136351363513654,4.036835084600867],[15.136351363513654,4.06981915022277],[15.085950859508614,4.163563336727137],[15.06435064350643,4.285083578492049],[15.021150211502118,4.357995723550999],[14.895148951489517,4.4725719515007825],[14.769147691476917,4.55763612073622],[14.729547295472969,4.602772210534624],[14.707947079470813,4.665268334870859],[14.661146611466108,5.066285132695086],[14.639546395463952,5.179125357191083],[14.603546035460369,5.229469457350831],[14.574745747457484,5.252037502250033],[14.563945639456392,5.279813557510593],[14.567545675456756,5.3509896991157575],[14.585545855458548,5.415221826905778],[14.581945819458213,5.4395258752587665],[14.617946179461796,5.495077985779872],[14.617946179461796,5.864846721435981],[14.599945999460004,5.883942759427612],[14.578345783457848,5.915190821595729],[14.542345423454236,5.913454818141943],[14.502745027450288,5.916926825049515],[14.463144631446312,5.970742932116835],[14.430744307443092,6.0384470668144274],[14.441544415444156,6.087055163520404],[14.473944739447404,6.1269832429574365],[14.513545135451352,6.16170331203314],[14.560345603456028,6.1912153707474715],[14.700747007470085,6.250239488176149],[14.740347403474033,6.2797515468904805],[14.765547655476553,6.316207619419956],[14.779947799478009,6.366551719579704],[14.862748627486269,6.555776096042223],[14.98154981549817,6.745000472504742],[15.035550355503574,6.784928551941789],[15.085950859508614,6.909920800614273],[15.15795157951581,7.064425108001089],[15.186751867518694,7.135601249606253],[15.20835208352085,7.206777391211432],[15.244352443524434,7.264065505186309],[15.377553775537763,7.357809691690676],[15.478354783547843,7.524466023253993],[15.589955899559016,7.515786005985078],[15.70155701557016,7.488009950724518],[15.845558455584552,7.475857926548031],[15.957159571595724,7.507105988716148],[16.02916029160292,7.571338116506183],[16.191161911619133,7.623418220119717],[16.378363783637838,7.6841783410021804],[16.403564035640358,7.7727145171451895],[16.461164611646126,7.819586610397366],[16.52236522365223,7.859514689834413],[16.543965439654414,7.86472270019577],[16.551165511655114,7.835210641481424],[16.587165871658726,7.743202458430844],[16.669966699667015,7.651194275380263],[16.785167851678523,7.550506075060767],[16.81756817568177,7.557450088875896],[16.889568895688967,7.633834240842418],[17.073170731707336,7.680706334094609],[17.116371163711648,7.701538375540025],[17.245972459724612,7.812642596582236],[17.400774007740097,7.883818738187401],[17.43677436774368,7.89076275200253],[17.49437494374945,7.909858789994161],[17.649176491764933,7.982770935053111],[17.760777607776078,7.974090917784196],[17.940779407794082,7.986242941960683],[18.23958239582396,8.020963011036372],[18.455584555845576,8.031379031759087],[18.563585635856356,8.04526705938936],[18.59238592385924,8.060891090473419],[18.631986319863216,8.168523304608058],[18.6679866798668,8.198035363322404],[18.747187471874724,8.243171453120794],[18.905589055890573,8.404619774322754],[19.009990099901017,8.541764047171739],[19.038790387903873,8.58690013697013],[19.042390423904237,8.590372143877701],[19.063990639906393,8.59905216114663],[19.107191071910734,8.656340275121522],[19.063990639906393,8.715364392550185],[18.887588875888753,8.836884634315112],[18.887588875888753,8.85250866539917],[18.87678876788769,8.873340706844587],[18.887588875888753,8.888964737928646],[18.955989559895613,8.939308838088394],[19.049590495904965,8.9948609486095],[19.14679146791468,9.015692990054916],[19.398793987939882,9.012220983147344],[19.618396183961835,9.024373007323831],[19.668796687966875,9.020901000416274],[19.837998379983816,9.04867705567682],[19.953199531995324,9.074717107483593],[20.072000720007196,9.133741224912256],[20.342003420034217,9.126797211097127],[20.565205652056534,9.274357504668814],[20.630006300063002,9.30213355992936],[20.658806588065886,9.324701604828562],[20.669606696066978,9.347269649727764],[20.774007740077394,9.406293767156441],[20.892808928089295,9.527814008921354],[20.982809828098283,9.635446223055993],[21.008010080100803,9.713566378476301],[21.263612636126368,9.973966896543985],[21.353613536135356,9.968758886182627],[21.396813968139696,10.00174295180453],[21.497614976149777,10.175343297182991],[21.52641526415266,10.208327362804894],[21.5768157681577,10.218743383527595],[21.63441634416344,10.237839421519226],[21.681216812168117,10.28991952513276],[21.724417244172457,10.366303677099282],[21.724417244172457,10.461783867057434],[21.706417064170637,10.538168019023956],[21.706417064170637,10.574624091553432],[21.731617316173157,10.60934416062912],[21.771217712177133,10.642328226251024],[21.965619656196566,10.73607241275539],[22.012420124201242,10.781208502553795],[22.04482044820449,10.822872585444614],[22.098820988209894,10.829816599259757],[22.156421564215663,10.826344592352186],[22.192421924219246,10.850648640705174],[22.23562235622356,10.894048727049778],[22.368823688236887,10.95133684102467],[22.494824948249487,10.996472930823074],[22.62442624426245,10.977376892831444],[22.728827288272896,10.954808847932242],[22.818828188281884,10.927032792671696],[22.85842858428586,10.920088778856552],[22.930429304293057,10.795096530184068],[22.962829628296276,10.75169644383945],[23.254432544325454,10.458311860149863],[23.312033120331222,10.387135718544698],[23.456034560345614,10.173607293729205],[23.546035460354602,10.02951900706509],[23.646836468364683,9.822934596064727],[23.657636576365775,9.71009437156873],[23.64323643236432,9.614614181610577],[23.621636216362162,9.34032563591262],[23.596435964359642,9.262205480492312],[23.466834668346678,9.11464518692064],[23.463234632346342,9.04867705567682],[23.488434884348862,8.993124945155714],[23.52803528035281,8.970556900256511],[23.55323553235533,8.942780844995966],[23.538835388353903,8.816052592869696],[23.582035820358215,8.765708492709948],[23.67923679236793,8.73272442708803],[23.92043920439204,8.710156382188842],[24.04644046440464,8.691060344197211],[24.14724147241472,8.665020292390437]]]}},{"type":"Feature","id":"132","properties":{"name":"Cabo Verde"},"geometry":{"type":"MultiPolygon","coordinates":[[[[-25.16965169651695,16.94575676694268],[-25.266852668526667,16.92666072895105],[-25.310053100531007,16.93534074621998],[-25.32085320853207,17.015196905094072],[-25.342453424534227,17.067277008707606],[-25.33885338853389,17.09158105706058],[-25.11205112051121,17.194005260833876],[-25.03645036450365,17.17664522629603],[-24.978849788497882,17.09505306396815],[-25.01845018450183,17.04991697416976],[-25.16965169651695,16.94575676694268]]],[[[-23.445234452344522,15.00837691251914],[-23.506435064350626,14.916368729468559],[-23.63603636036359,14.923312743283702],[-23.70443704437045,14.961504819266963],[-23.783637836378347,15.076081047216732],[-23.783637836378347,15.166353226813527],[-23.75483754837549,15.242737378780049],[-23.758437584375827,15.310441513477656],[-23.747637476374763,15.3278015480155],[-23.708037080370786,15.317385527292785],[-23.700837008370087,15.272249437494395],[-23.57843578435785,15.161145216452184],[-23.53523535235351,15.138577171552981],[-23.445234452344522,15.00837691251914]]],[[[-24.888848888488866,16.817292511362623],[-24.96804968049679,16.794724466463435],[-25.01845018450183,16.796460469917207],[-25.09405094050939,16.832916542446696],[-25.06885068850687,16.871108618429943],[-24.989649896498946,16.912772701320776],[-24.93564935649357,16.921452718589705],[-24.89244892448923,16.84680457007697],[-24.888848888488866,16.817292511362623]]],[[[-22.9160291602916,16.237467357798593],[-22.833228332283312,16.218371319806963],[-22.804428044280428,16.225315333622106],[-22.750427504275024,16.221843326714534],[-22.692826928269284,16.169763223101],[-22.68202682026819,16.11247510912611],[-22.710827108271076,16.04303497097473],[-22.818828188281884,15.985746856999839],[-22.883628836288352,15.992690870814968],[-22.959229592295912,16.044770974428502],[-22.9160291602916,16.148931181655584],[-22.9160291602916,16.237467357798593]]],[[[-24.309243092430933,14.855608608586095],[-24.384843848438493,14.817416532602834],[-24.43884438844387,14.834776567140679],[-24.492844928449273,14.874704646577726],[-24.518045180451793,14.931992760552617],[-24.496444964449637,14.980600857258594],[-24.392043920439193,15.037888971233471],[-24.33084330843309,15.01879293324184],[-24.294842948429476,14.930256757098832],[-24.309243092430933,14.855608608586095]]],[[[-24.086040860408588,16.62286012453876],[-24.04644046440464,16.59334806582443],[-24.032040320403212,16.572516024379013],[-24.093240932409316,16.56036400020251],[-24.244442444424436,16.598556076185773],[-24.284042840428413,16.575988031286585],[-24.32364323643236,16.49265986550492],[-24.39924399243992,16.617652114177403],[-24.392043920439193,16.664524207429594],[-24.377643776437765,16.678412235059866],[-24.269642696426956,16.645428169437963],[-24.086040860408588,16.62286012453876]]],[[[-22.887228872288716,16.659316197068236],[-22.919629196291964,16.607236093454702],[-22.959229592295912,16.683620245421224],[-22.98082980829807,16.70098027995907],[-22.99162991629916,16.80861249409371],[-22.934029340293392,16.84159655971561],[-22.905229052290508,16.843332563169398],[-22.905229052290508,16.732228342127186],[-22.887228872288716,16.659316197068236]]],[[[-23.18243182431823,15.136841168099195],[-23.211232112321113,15.133369161191624],[-23.25083250832509,15.178505250990028],[-23.24363243632436,15.241001375326263],[-23.247232472324725,15.256625406410322],[-23.211232112321113,15.324329541107929],[-23.139231392313917,15.317385527292785],[-23.11763117631176,15.268777430586823],[-23.11763117631176,15.166353226813527],[-23.18243182431823,15.136841168099195]]]]}},{"type":"Feature","id":"120","properties":{"name":"Cameroon"},"geometry":{"type":"Polygon","coordinates":[[[8.55548555485555,4.755540514467654],[8.584285842858435,4.833660669887962],[8.641886418864203,4.927404856392329],[8.7138871388714,5.047189094703455],[8.800288002880023,5.198221395182713],[8.857888578885792,5.463829923611755],[8.897488974889768,5.630486255175072],[8.933489334893352,5.781518555654316],[8.998289982899848,5.916926825049515],[9.059490594905952,6.008935008100096],[9.239492394923957,6.186007360386114],[9.372693726937285,6.3196796263275274],[9.441094410944117,6.373495733394847],[9.491494914949158,6.418631823193252],[9.574295742957446,6.470711926806786],[9.66069660696607,6.531472047689235],[9.725497254972566,6.6495202825465896],[9.77949779497797,6.760624503588801],[9.819098190981919,6.783192548488003],[9.873098730987323,6.8040245899334195],[10.038700387003871,6.92207282479076],[10.143101431014315,6.996720973303496],[10.168301683016836,6.958528897320235],[10.186301863018628,6.913392807521845],[10.204302043020448,6.890824762622643],[10.294302943029436,6.87693673499237],[10.413104131041308,6.87693673499237],[10.481504815048169,6.890824762622643],[10.517505175051753,6.9307528420596896],[10.557105571055729,7.036649052740543],[10.578705787057885,7.05748109418596],[10.607506075060769,7.062689104547303],[10.737107371073705,6.988040956034581],[10.845108451084513,6.882144745353713],[10.953109531095322,6.77624853467286],[11.007110071100726,6.7397924621433845],[11.032310323103246,6.698128379252552],[11.079110791107922,6.505431995882475],[11.107911079110806,6.4585599026302845],[11.154711547115483,6.437727861184882],[11.23751237512377,6.449879885361369],[11.323913239132395,6.4845999544370585],[11.40311403114032,6.533208051143021],[11.47871478714788,6.597440178933056],[11.52911529115292,6.654728292907947],[11.550715507155076,6.698128379252552],[11.561515615156168,6.8543686900931675],[11.57951579515796,6.889088759168857],[11.658716587165884,6.951584883505106],[11.788317883178848,7.055745090732174],[11.860318603186045,7.116505211614637],[11.853118531185316,7.137337253060039],[11.809918099181004,7.201569380850074],[11.766717667176692,7.272745522455239],[11.809918099181004,7.345657667514189],[11.853118531185316,7.401209778035295],[12.015120151201529,7.590434154497814],[12.015120151201529,7.651194275380263],[12.025920259202593,7.727578427346785],[12.155521555215557,7.942842855616064],[12.231122311223118,8.227547422036736],[12.234722347223482,8.283099532557841],[12.310323103231042,8.420243805406812],[12.403924039240394,8.595580154239059],[12.583925839258399,8.623356209499605],[12.65232652326523,8.66849229929801],[12.731527315273155,8.744876451264531],[12.781927819278195,8.817788596323481],[12.807128071280715,8.88722873447486],[12.825128251282507,9.019164996962488],[12.857528575285755,9.170197297441732],[12.875528755287547,9.303869563383145],[12.929529295292951,9.427125808601843],[13.019530195301968,9.487885929484307],[13.174331743317452,9.53996603309784],[13.199531995319973,9.564270081450829],[13.221132211322129,9.645862243778708],[13.23913239132392,9.814254578795797],[13.242732427324285,9.916678782569093],[13.249932499325013,9.960078868913698],[13.271532715327169,10.03646302088022],[13.415534155341561,10.17187129027542],[13.476734767347693,10.383663711637126],[13.534335343353433,10.605872153721549],[13.69993699937001,10.873216685604376],[13.890738907389078,11.140561217487189],[13.980739807398095,11.211737359092353],[14.056340563405655,11.244721424714257],[14.142741427414279,11.248193431621829],[14.203942039420411,11.269025473067245],[14.409144091440908,11.400961735554873],[14.49554495544956,11.446097825353263],[14.560345603456028,11.492969918605453],[14.574745747457484,11.5328979980425],[14.581945819458213,11.591922115471164],[14.560345603456028,11.729066388320149],[14.59634596345964,11.829754588639645],[14.617946179461796,11.98599489948026],[14.628746287462889,12.109251144698959],[14.617946179461796,12.150915227589792],[14.585545855458548,12.20993934501847],[14.581945819458213,12.222091369194956],[14.52074520745208,12.298475521161478],[14.416344163441636,12.343611610959869],[14.272342723427244,12.35576363513637],[14.196741967419683,12.383539690396915],[14.185941859418591,12.44777181818695],[14.178741787417891,12.484227890716426],[14.171541715417163,12.524155970153473],[14.160741607416071,12.612692146296482],[14.063540635406355,13.077941071910729],[14.24354243542436,13.077941071910729],[14.463144631446312,13.022388961389623],[14.517145171451716,12.978988875045019],[14.5459454594546,12.821012560750617],[14.62154621546216,12.730740381153822],[14.761947619476189,12.656092232641086],[14.848348483484841,12.50158792525427],[14.88074880748809,12.268963462447132],[14.95634956349565,12.130083186144375],[14.974349743497442,12.107515141245173],[15.060750607506094,11.907874744059953],[15.08235082350825,11.845378619723718],[15.085950859508614,11.723858377958791],[15.078750787507886,11.642266215630926],[15.121951219512198,11.541578015311416],[15.05715057150573,11.36797766993297],[15.035550355503574,11.262081459252101],[15.028350283502846,11.114521165680415],[15.067950679506794,10.850648640705174],[15.13275132751329,10.649272240066168],[15.201152011520122,10.484351911956637],[15.276752767527682,10.357623659830367],[15.399153991539919,10.21700738007381],[15.532355323553247,10.088543124493754],[15.654756547565484,10.006950962165888],[15.539555395553975,9.960078868913698],[15.319953199531994,9.954870858552354],[15.193951939519394,9.980910910359114],[15.13275132751329,9.9826469138129],[15.071550715507158,9.965286879275055],[14.837548375483749,9.940982830922067],[14.59634596345964,9.953134855098568],[14.376743767437688,9.984382917266686],[14.24354243542436,9.979174906905328],[14.139141391413915,9.901054751485034],[14.056340563405655,9.784742520081465],[13.97713977139773,9.690998333577099],[14.005940059400615,9.588574129803817],[14.063540635406355,9.531286015828925],[14.178741787417891,9.406293767156441],[14.279542795427972,9.284773525391515],[14.333543335433347,9.20318136306365],[14.535145351453508,9.026109010777617],[14.733147331473333,8.866396693029444],[14.772747727477281,8.838620637768898],[14.826748267482685,8.810844582508338],[14.859148591485933,8.798692558331851],[14.967149671496713,8.70668437528127],[15.11475114751147,8.557388078255798],[15.251552515525162,8.323027611994888],[15.348753487534879,8.083459135372621],[15.44235442354423,7.852570676019269],[15.485554855548571,7.812642596582236],[15.55035550355504,7.788338548229248],[15.557555575555767,7.7379944480695],[15.553955539555403,7.66508230301055],[15.532355323553247,7.604322182128087],[15.478354783547843,7.524466023253993],[15.377553775537763,7.357809691690676],[15.244352443524434,7.264065505186309],[15.20835208352085,7.206777391211432],[15.186751867518694,7.135601249606253],[15.15795157951581,7.064425108001089],[15.085950859508614,6.909920800614273],[15.035550355503574,6.784928551941789],[14.98154981549817,6.745000472504742],[14.862748627486269,6.555776096042223],[14.779947799478009,6.366551719579704],[14.765547655476553,6.316207619419956],[14.740347403474033,6.2797515468904805],[14.700747007470085,6.250239488176149],[14.560345603456028,6.1912153707474715],[14.513545135451352,6.16170331203314],[14.473944739447404,6.1269832429574365],[14.441544415444156,6.087055163520404],[14.430744307443092,6.0384470668144274],[14.463144631446312,5.970742932116835],[14.502745027450288,5.916926825049515],[14.542345423454236,5.913454818141943],[14.578345783457848,5.915190821595729],[14.599945999460004,5.883942759427612],[14.617946179461796,5.864846721435981],[14.617946179461796,5.495077985779872],[14.581945819458213,5.4395258752587665],[14.585545855458548,5.415221826905778],[14.567545675456756,5.3509896991157575],[14.563945639456392,5.279813557510593],[14.574745747457484,5.252037502250033],[14.603546035460369,5.229469457350831],[14.639546395463952,5.179125357191083],[14.661146611466108,5.066285132695086],[14.707947079470813,4.665268334870859],[14.729547295472969,4.602772210534624],[14.769147691476917,4.55763612073622],[14.895148951489517,4.4725719515007825],[15.021150211502118,4.357995723550999],[15.06435064350643,4.285083578492049],[15.085950859508614,4.163563336727137],[15.136351363513654,4.06981915022277],[15.136351363513654,4.036835084600867],[15.11475114751147,4.0246830604243655],[15.067950679506794,4.02294705697058],[15.035550355503574,4.01600304315545],[15.060750607506094,3.9465629050040576],[15.129151291512926,3.826778666692931],[15.24075240752407,3.701786418020447],[15.35955359553597,3.5663781486252475],[15.456754567545687,3.457009931036822],[15.579155791557923,3.328545675456766],[15.67635676356764,3.229593478591056],[15.773557735577356,3.12716927481776],[15.849158491584916,3.102865226464772],[15.90315903159032,3.0959212126496425],[15.92835928359284,3.075089171204226],[15.957159571595724,3.02821707795205],[16.007560075600765,2.9761369743385018],[16.065160651606533,2.908432839640909],[16.083160831608325,2.8389927014895306],[16.057960579605805,2.7730245702457097],[16.083160831608325,2.6775443802875714],[16.083160831608325,2.670600366472428],[16.101161011610117,2.632408290489167],[16.093960939609417,2.5994242248672634],[16.108361083610845,2.4726959727409934],[16.13716137161373,2.363327755152568],[16.183961839618405,2.2695835686482013],[16.183961839618405,2.262639554833058],[16.176761767617677,2.2053514408581663],[16.115561155611573,2.1671593648749052],[16.07956079560796,2.106399243992456],[16.068760687606897,2.0213350747570047],[16.08676086760869,1.9189108709837228],[16.133561335613365,1.7956546257650245],[16.13716137161373,1.7244784841598602],[16.119161191611937,1.7140624634371449],[16.090360903609053,1.6914944185379426],[16.057960579605805,1.6758703874538838],[15.975159751597516,1.7591985532355494],[15.881558815588164,1.816486667210441],[15.741157411574136,1.915438864076151],[15.60075600756008,1.9501589331518403],[15.41715417154171,1.9571029469669838],[15.337953379533815,1.9449509227904969],[15.28395283952841,1.981406995319972],[15.204752047520486,2.0248070816645765],[15.161551615516174,2.0352231023872918],[15.100351003510042,2.002239036765374],[15.05715057150573,2.0005030333116025],[15.00675006750069,2.0143910609418754],[14.902349023490245,2.0126550574880895],[14.891548915489153,2.069943171462981],[14.873548735487361,2.080359192185682],[14.761947619476189,2.0751511818243387],[14.729547295472969,2.122023275076515],[14.711547115471149,2.1168152647151572],[14.668346683466837,2.132439295799216],[14.578345783457848,2.198407427043037],[14.484744847448468,2.1550073406984183],[14.286742867428671,2.160215351059776],[14.03474034740347,2.15847934760599],[13.771937719377206,2.156743344152204],[13.534335343353433,2.160215351059776],[13.293132931329325,2.161951354513562],[13.271532715327169,2.2244474788497968],[13.221132211322129,2.2556955410179285],[13.131131311313112,2.259167547925486],[12.868328683286848,2.247015523748999],[12.666726667266687,2.2574315444717143],[12.60192601926019,2.2643755582868437],[12.529925299252994,2.2817355928246883],[12.360723607236082,2.295623620454961],[12.151921519215193,2.28520759973226],[12.105121051210517,2.286943603186046],[11.939519395193969,2.28520759973226],[11.557915579155804,2.3025676342701047],[11.349113491134915,2.299095627362533],[11.352713527135279,2.260903551379272],[11.338313383133851,2.233127496118726],[11.327513275132759,2.1671593648749052],[11.097110971109714,2.1671593648749052],[10.79110791107911,2.1671593648749052],[10.503105031050325,2.1671593648749052],[10.308703087030864,2.1671593648749052],[9.981099810998103,2.1671593648749052],[9.869498694986959,2.2140314581270957],[9.83709837098371,2.2418075133876414],[9.829898298982982,2.274791579009559],[9.826298262982647,2.297359623908747],[9.801098010980127,2.3043036377238906],[9.822698226982283,2.5386641039848],[9.865898658986595,2.734832494262463],[9.883898838988387,2.9171128569098386],[9.948699486994883,3.078561178111798],[9.916299162991635,3.240009499313757],[9.876698766987687,3.3094496374651357],[9.671496714967162,3.536866089910916],[9.765097650976514,3.623666262600139],[9.642696426964278,3.611514238423652],[9.617496174961758,3.6965784076590893],[9.556295562955626,3.7972666079785995],[9.592295922959238,3.814626642516444],[9.62829628296285,3.8701787530375498],[9.739897398973994,3.852818718499705],[9.73629736297363,3.880594773760251],[9.639096390963914,3.965658942995688],[9.649896498965006,4.009059029340307],[9.689496894968954,4.055931122592483],[9.667896678966798,4.076763164037899],[9.599495994959966,4.026419063878151],[9.549095490954926,4.028155067331937],[9.513095130951314,4.061139132953841],[9.48429484294843,4.066347143315198],[9.50229502295025,4.000379012071377],[9.462694626946274,3.9430908980965],[9.42669426694269,3.9222588566510836],[9.361893618936193,3.9257308635586554],[9.311493114931153,3.9396188911889283],[9.297092970929725,3.9726029568108316],[9.25029250292505,3.9986430086176057],[9.113491134911357,4.040307091508424],[9.001890018900184,4.092387195121958],[8.976689766897664,4.231267471424729],[8.933489334893352,4.290291588853407],[8.911889118891196,4.357995723550999],[8.901089010890104,4.434379875517521],[8.919089190891924,4.554164113828648],[8.89028890288904,4.5732601518202785],[8.857888578885792,4.578468162181636],[8.807488074880752,4.5732601518202785],[8.760687606876076,4.580204165635422],[8.706687066870671,4.646172296879229],[8.659886598865995,4.670476345232217],[8.68868688686888,4.550692106921076],[8.656286562865631,4.515972037845387],[8.573485734857343,4.526388058568102],[8.541085410854123,4.571524148366493],[8.533885338853395,4.606244217442182],[8.569885698857007,4.752068507560082],[8.55548555485555,4.755540514467654]]]}},{"type":"Feature","id":"108","properties":{"name":"Burundi"},"geometry":{"type":"Polygon","coordinates":[[[30.555305553055547,-2.400265722032202],[30.53370533705339,-2.426305773838976],[30.443704437044374,-2.6137941468477095],[30.425704257042582,-2.641570202108255],[30.43290432904331,-2.6589302366461],[30.47250472504726,-2.693650305721789],[30.450904509045102,-2.7526744231504665],[30.44010440104401,-2.7682984542345253],[30.425704257042582,-2.823850564755631],[30.43290432904331,-2.874194664915393],[30.454504545045467,-2.8932907029070094],[30.51570515705157,-2.9175947512599976],[30.605706057060587,-2.934954785797842],[30.71010710107103,-2.976618868688675],[30.778507785077863,-2.98529888595759],[30.796507965079655,-3.014810944671936],[30.79290792907929,-3.0686270517392558],[30.81090810908111,-3.117235148445218],[30.81090810908111,-3.2005633142268834],[30.789307893078927,-3.2752114627396196],[30.681306813068147,-3.309931531815309],[30.627306273062743,-3.34812360779857],[30.60930609306095,-3.3672196457902004],[30.62370623706238,-3.3880516872356026],[30.630906309063107,-3.4192997494037343],[30.530105301053027,-3.4922118944626845],[30.425704257042582,-3.5894280878746088],[30.400504005040062,-3.653660215664644],[30.378903789037906,-3.730044367631166],[30.350103501035022,-3.780388467790914],[30.267302673026734,-3.8498286059422924],[30.18810188101881,-3.9921808891526354],[30.14850148501486,-4.085925075656988],[29.9468994689947,-4.30813351774141],[29.77049770497706,-4.417501735329836],[29.716497164971656,-4.455693811313097],[29.403294032940323,-4.4487497974979675],[29.378093780937803,-4.299453500472495],[29.331293312933127,-4.094605092925917],[29.223292232922347,-3.9105887268247557],[29.212492124921255,-3.8342045748582336],[29.21609216092162,-3.6849082778327613],[29.21609216092162,-3.47485185992484],[29.20889208892089,-3.3637476388826286],[29.212492124921255,-3.280419473100963],[29.226892268922683,-3.1380671898906343],[29.223292232922347,-3.053003020655197],[29.154891548915487,-2.9557868272432586],[29.0648906489065,-2.851626620016191],[29.018090180901822,-2.799546516402657],[29.01449014490146,-2.757882433511824],[29.01449014490146,-2.719690357528563],[29.028890288902886,-2.6641382470074575],[29.0648906489065,-2.603378126124994],[29.10089100891011,-2.596434112309865],[29.198091980919827,-2.620738160662839],[29.295292952929543,-2.6728182642763727],[29.349293492934947,-2.7908664991337275],[29.388893888938895,-2.808226533671572],[29.464494644946456,-2.808226533671572],[29.65169651696519,-2.7926025025875134],[29.698496984969864,-2.7943385060412993],[29.78489784897849,-2.7665624507807394],[29.867698676986777,-2.7162183506209914],[29.892898928989297,-2.6641382470074575],[29.91089910899109,-2.5478260156038885],[29.92889928899291,-2.339505601149753],[29.97209972099722,-2.337769597695967],[30.090900909009093,-2.4106817427549174],[30.116101161011613,-2.415889753116275],[30.141301413014133,-2.414153749662489],[30.184501845018445,-2.377697677133014],[30.234902349023486,-2.3464496149648824],[30.270902709027098,-2.3481856184186682],[30.40770407704079,-2.313465549342979],[30.48330483304835,-2.375961673679228],[30.530105301053027,-2.3950577116708587],[30.555305553055547,-2.400265722032202]]]}},{"type":"Feature","id":"854","properties":{"name":"Burkina Faso"},"geometry":{"type":"Polygon","coordinates":[[[0.9018090180901766,10.993000923915503],[0.6426064260642761,10.982584903192802],[0.5490054900548955,10.954808847932242],[0.49140491404915565,10.954808847932242],[0.49140491404915565,10.977376892831444],[0.4842048420484275,10.991264920461717],[0.16020160201603062,11.069385075882025],[-0.07020070200701412,11.116257169134201],[-0.30060300603005885,11.166601269293963],[-0.31140311403112264,11.119729176041773],[-0.3474034740347349,11.088481113873655],[-0.394203942039411,11.085009106966083],[-0.4302043020430233,11.093689124235013],[-0.4518045180451793,11.055497048251752],[-0.49140491404912723,11.006888951545776],[-0.5454054540545314,10.984320906646587],[-0.5994059940599357,10.953072844478456],[-0.6282062820628198,10.927032792671696],[-0.6498064980649758,10.927032792671696],[-0.700207002070016,10.98952891700793],[-0.7722077220772121,10.994736927369289],[-0.9018090180901766,10.984320906646587],[-0.9630096300962805,11.001680941184432],[-1.0422104221042048,11.010360958453347],[-1.2330123301233016,10.996472930823074],[-1.5354153541535425,11.022512982629834],[-1.5858158581585826,11.008624954999561],[-1.6002160021600105,10.99820893427686],[-1.8990189901898873,10.994736927369289],[-2.2302223022230123,10.991264920461717],[-2.507425074250733,10.98952891700793],[-2.7522275222752057,10.98605691010036],[-2.7522275222752057,10.996472930823074],[-2.83142831428313,10.99820893427686],[-2.838628386283858,10.977376892831444],[-2.9070290702906902,10.727392395486476],[-2.9142291422914184,10.591984126091276],[-2.878228782287806,10.50865596030961],[-2.838628386283858,10.45483985324229],[-2.791827918279182,10.432271808343103],[-2.788227882278818,10.402759749628757],[-2.8242282422824303,10.36283167019171],[-2.8206282062820662,10.322903590754677],[-2.777427774277726,10.281239507863845],[-2.766627666276662,10.237839421519226],[-2.788227882278818,10.192703331720836],[-2.784627846278454,10.08333511413241],[-2.7522275222752057,9.90973476875395],[-2.74862748627487,9.796894544257952],[-2.78102781027809,9.746550444098204],[-2.766627666276662,9.658014267955195],[-2.7054270542705297,9.534758022736497],[-2.694626946269466,9.480941915669177],[-2.716227162271622,9.45663786731619],[-2.766627666276662,9.425389805148072],[-2.817028170281702,9.425389805148072],[-2.8746287462874704,9.50177395711458],[-2.8998289982899905,9.534758022736497],[-2.9466294662946666,9.611142174703005],[-2.9898298982989786,9.687526326669527],[-3.043830438304383,9.72051039229143],[-3.094230942309423,9.751758454459562],[-3.159031590315891,9.848974647871486],[-3.2238322383223874,9.895846741123677],[-3.2886328863288554,9.881958713493404],[-3.3858338583385716,9.901054751485034],[-3.580235802358004,9.923622796384223],[-3.789037890378893,9.916678782569093],[-3.8790387903879093,9.894110737669891],[-3.9618396183961693,9.859390668594202],[-4.18144181441815,9.781270513173894],[-4.267842678426774,9.743078437190633],[-4.332643326433271,9.645862243778708],[-4.404644046440467,9.64759824723248],[-4.480244802448027,9.678846309400612],[-4.527045270452703,9.723982399199002],[-4.624246242462419,9.713566378476301],[-4.721447214472136,9.756966464820906],[-4.815048150481488,9.840294630602571],[-4.883448834488348,9.869806689316903],[-4.969849698496972,9.930566810199366],[-4.995049950499492,10.046879041602935],[-5.0490504905048965,10.1284712039308],[-5.099450994509937,10.241311428426798],[-5.175051750517497,10.293391532040332],[-5.261452614526149,10.319431583847106],[-5.383853838538386,10.314223573485748],[-5.46305463054631,10.359359663284152],[-5.524255242552414,10.42532779452796],[-5.506255062550622,10.48261590850285],[-5.477454774547738,10.565944074284502],[-5.477454774547738,10.64406422970481],[-5.455854558545582,10.77079248183108],[-5.47025470254701,10.930504799579253],[-5.491854918549166,11.041609020621465],[-5.4234542345423336,11.088481113873655],[-5.347853478534773,11.130145196764488],[-5.301053010530097,11.206529348730996],[-5.250652506525057,11.374921683748099],[-5.229052290522901,11.522481977319785],[-5.243452434524329,11.576298084387105],[-5.268652686526849,11.619698170731724],[-5.290252902529005,11.683930298521744],[-5.301053010530097,11.760314450488266],[-5.286652866528669,11.828018585185873],[-5.229052290522901,11.890514709522108],[-5.157051570515705,11.942594813135642],[-5.106651066510665,11.96689886148863],[-4.969849698496972,11.992938913295404],[-4.797047970479696,12.032866992732437],[-4.6998469984699796,12.076267079077056],[-4.627846278462783,12.119667165421674],[-4.588245882458807,12.154387234497364],[-4.545045450454495,12.227299379556314],[-4.480244802448027,12.281115486623634],[-4.429844298442987,12.338403600598525],[-4.422644226442259,12.492907907985341],[-4.422644226442259,12.58144408412835],[-4.458644586445871,12.630052180834326],[-4.480244802448027,12.671716263725145],[-4.228242282422826,12.793236505490071],[-4.224642246422462,12.880036678179295],[-4.260642606426046,12.975516868137447],[-4.311043110431086,13.05190102010397],[-4.329043290432907,13.119605154801562],[-4.25704257042571,13.19772531022187],[-4.195841958419578,13.256749427650547],[-4.152641526415266,13.30535752435651],[-4.051840518405186,13.381741676323031],[-3.9474394743947414,13.402573717768448],[-3.8538385383853893,13.373061659054102],[-3.5766357663576684,13.194253303314298],[-3.5262352623526283,13.182101279137811],[-3.46863468634686,13.195989306768084],[-3.396633966339664,13.24286140002026],[-3.3030330303302833,13.281053476003521],[-3.2670326703266994,13.400837714314662],[-3.2706327063270635,13.57791006660068],[-3.2490324903249075,13.657766225474774],[-3.1986319863198673,13.673390256558832],[-3.0402304023040188,13.638670187483143],[-2.9970299702997067,13.636934184029357],[-2.9502295022950307,13.649086208205844],[-2.9178291782917825,13.680334270373962],[-2.9178291782917825,13.735886380895067],[-2.9250292502925106,13.78623048105483],[-2.8746287462874704,13.95115080916436],[-2.777427774277726,14.074407054383059],[-2.5866258662586574,14.227175358316103],[-2.525425254252525,14.25842342048422],[-2.457024570245693,14.27404745156828],[-2.115021150211504,14.168151240887426],[-2.057420574205736,14.194191292694185],[-1.9746197461974475,14.456327814215655],[-1.8810188101880954,14.480631862568643],[-1.7694176941769229,14.48583987293],[-1.6938169381693626,14.508407917829189],[-1.6578165781657788,14.52750395582082],[-1.492214922149202,14.626456152686544],[-1.2042120421204174,14.761864422081729],[-1.049410494104933,14.81915253605662],[-1.0206102061020488,14.841720580955823],[-0.9090090900909047,14.937200770913975],[-0.7614076140761483,15.048304991956186],[-0.6678066780667677,15.069137033401603],[-0.5382053820538033,15.077817050670518],[-0.45540455404554336,15.060457016132673],[-0.43380433804338736,15.029208953964556],[-0.4050040500405032,15.011848919426711],[-0.23580235802356242,15.058721012678888],[0.009000090000910177,14.984072864166151],[0.2178021780217989,14.911160719107201],[0.20340203402034263,14.864288625855025],[0.20340203402034263,14.782696463527145],[0.1854018540185507,14.652496204493303],[0.1638016380163947,14.497991897106488],[0.2502025020250187,14.395567693333192],[0.35460354603546307,14.287935479198552],[0.3834038340383472,14.246271396307733],[0.35460354603546307,14.13863918217308],[0.372603726037255,14.076143057836845],[0.4302043020430233,13.971982850609777],[0.5238052380523754,13.84004658812215],[0.617406174061756,13.702902315273164],[0.6858068580685881,13.68554228073532],[0.7470074700747205,13.675126260012618],[0.7866078660786684,13.65082221165963],[0.8406084060840726,13.626518163306642],[0.8982089820898409,13.610894132222583],[0.945009450094517,13.581382073508252],[0.9774097740977368,13.551870014793906],[1.0170101701017131,13.468541849012254],[1.1250112501125216,13.412989738491149],[1.2006120061200818,13.357437627970043],[1.1718117181171976,13.329661572709497],[1.078210782107817,13.340077593432198],[0.988209882098829,13.364381641785187],[0.9774097740977368,13.32445356234814],[0.9738097380974011,13.16994925496131],[0.988209882098829,13.041484999381254],[1.006210062100621,13.02412496484341],[1.0962109621096374,13.001556919944207],[1.3086130861308618,12.834900588380904],[1.4994149941499586,12.676924274086502],[1.5642156421564266,12.63526019119567],[1.672216722167235,12.619636160111611],[1.7910179101791073,12.612692146296482],[1.8414184141841474,12.62831617738054],[1.9566195661956556,12.70817233625462],[2.017820178201788,12.71685235352355],[2.0754207542075562,12.713380346615978],[2.1042210422104404,12.70122832243949],[2.158221582215816,12.636996194649456],[2.2122221222212204,12.538043997783745],[2.2266222662226767,12.466867856178581],[2.2230222302223126,12.426939776741534],[2.2050220502205207,12.413051749111261],[2.107821078210776,12.39395571111963],[2.068220682206828,12.378331680035558],[2.057420574205736,12.357499638590156],[2.071820718207192,12.30889154188418],[2.089820898208984,12.277643479716062],[2.1942219422194285,12.137027199959519],[2.341823418234185,11.946066820043214],[2.388623886238861,11.897458723337252],[2.363423634236341,11.84017060936236],[2.2878228782287806,11.690874312336888],[2.2302223022230407,11.628378188000639],[1.9818198181981757,11.418321770092717],[1.8558185581855753,11.442625818445705],[1.600216002160039,11.400961735554873],[1.5606156061560625,11.449569832260835],[1.5030150301502943,11.454777842622192],[1.427414274142734,11.447833828807049],[1.3986139861398783,11.428737790815418],[1.3914139141391502,11.407905749370002],[1.36621366213663,11.37839369065567],[1.31581315813159,11.295065524874019],[1.2798127981279777,11.274233483428603],[1.2330123301233016,11.260345455798316],[1.1790117901178974,11.262081459252101],[1.1466114661146776,11.2516654385294],[1.1466114661146776,11.210001355638568],[1.1358113581135854,11.173545283109092],[1.0962109621096374,11.156185248571248],[1.0818108181081811,11.116257169134201],[1.0854108541085452,11.076329089697168],[1.0638106381063892,11.05896905515931],[1.013410134101349,11.067649072428239],[0.9846098460984649,11.079801096604726],[0.9594095940959448,11.027720992991192],[0.923409234092361,10.993000923915503],[0.9018090180901766,10.993000923915503]]]}},{"type":"Feature","id":"072","properties":{"name":"Botswana"},"geometry":{"type":"Polygon","coordinates":[[[25.259652596525967,-17.79340834673971],[25.23805238052381,-17.843752446899458],[25.223652236522383,-17.914928588504623],[25.241652416524175,-17.968744695571942],[25.281252812528123,-18.041656840630893],[25.33885338853389,-18.10415296496714],[25.385653856538568,-18.142345040950403],[25.436054360543608,-18.234353224000984],[25.490054900549012,-18.35066545540454],[25.558455584555844,-18.440937635001333],[25.760057600576005,-18.649258049455483],[25.785257852578525,-18.72390619796822],[25.810458104581045,-18.79681834302717],[25.94005940059401,-18.939170626237498],[25.9580595805958,-18.98604271948969],[25.9508595085951,-19.081522909447827],[26.080460804608066,-19.36969948277607],[26.16686166861669,-19.538091817793173],[26.24246242462425,-19.56933987996129],[26.472864728647295,-19.748148235701095],[26.67806678066782,-19.89223652236521],[26.915669156691564,-19.989452715777148],[27.092070920709205,-20.05368484356717],[27.178471784717857,-20.10055693681936],[27.22167221672217,-20.14569302661775],[27.25767257672578,-20.232493199306987],[27.275672756727573,-20.38178949633246],[27.279272792727937,-20.479005689744383],[27.470074700747006,-20.47553368283681],[27.62487624876249,-20.48421370010574],[27.678876788767894,-20.50330973809737],[27.70047700477005,-20.531085793357917],[27.693276932769322,-20.595317921147952],[27.696876968769686,-20.68906210765232],[27.704077040770414,-20.767182263072613],[27.689676896768987,-20.848774425400492],[27.67527675276753,-20.944254615358645],[27.668076680766802,-21.06403885366977],[27.693276932769322,-21.110910946921962],[27.844478444784443,-21.261943247401206],[27.905679056790575,-21.359159440813144],[27.974079740797407,-21.50671973438483],[28.013680136801383,-21.55359182763702],[28.046080460804603,-21.57268786562865],[28.182881828818296,-21.590047900166496],[28.532085320853213,-21.650808021048945],[28.74808748087483,-21.708096135023837],[28.920889208892106,-21.76538424899873],[28.989289892898938,-21.781008280082787],[29.02529025290255,-21.796632311166846],[29.036090360903614,-21.810520338797133],[29.01449014490146,-21.94072059783096],[29.021690216902186,-21.980648677268007],[29.043290432904342,-22.01884075325127],[29.072090720907227,-22.04661680851183],[29.10809108091081,-22.06571284650346],[29.237692376923775,-22.07960087413373],[29.3168931689317,-22.15772102955404],[29.363693636936375,-22.194177102083515],[29.129691296912966,-22.213273140075145],[29.01449014490146,-22.279241271318952],[28.946089460894626,-22.39555350272252],[28.838088380883818,-22.48061767195796],[28.694086940869425,-22.536169782479064],[28.542885428854305,-22.57262585500854],[28.380883808838092,-22.593457896453955],[28.21168211682118,-22.69414609677345],[28.02808028080281,-22.87295445251327],[27.93447934479346,-22.98753068046304],[27.930879308793095,-23.03440277371523],[27.891278912789147,-23.074330853152276],[27.812078120781223,-23.10731491877418],[27.768877688776882,-23.148979001665012],[27.75807758077582,-23.197587098370974],[27.718477184771842,-23.220155143270176],[27.642876428764282,-23.21841913981639],[27.592475924759242,-23.25313920889208],[27.563675636756386,-23.324315350497244],[27.49887498874989,-23.367715436841863],[27.39807398073981,-23.38333946792592],[27.311673116731185,-23.42500355081674],[27.23967239672396,-23.489235678606775],[27.185671856718585,-23.523955747682464],[27.14607146071461,-23.523955747682464],[27.084870848708505,-23.577771854749784],[26.98766987669876,-23.704500106876054],[26.96966969669697,-23.76352422430473],[26.836468364683668,-24.24092517409548],[26.760867608676108,-24.296477284616586],[26.616866168661687,-24.39542948148231],[26.50166501665018,-24.51347771633965],[26.45126451264514,-24.58291785449103],[26.397263972639735,-24.61416591665916],[26.130861308613106,-24.671454030634052],[26.030060300603026,-24.70270209280217],[25.911259112591125,-24.74783818260056],[25.88245882458824,-24.787766262037607],[25.853658536585385,-24.935326555609294],[25.770857708577097,-25.147118976971015],[25.702457024570265,-25.30162328435783],[25.659256592565924,-25.43703155375303],[25.583655836558364,-25.605423888770133],[25.518855188551896,-25.66271200274501],[25.443254432544336,-25.71479210635856],[25.34605346053462,-25.739096154711532],[25.21285212852129,-25.756456189249377],[25.09405094050942,-25.751248178888034],[25.00045000450004,-25.75472018579559],[24.870848708487102,-25.81374430322427],[24.748447484474866,-25.81721631013184],[24.55764557645577,-25.78249624105615],[24.39924399243992,-25.749512175434248],[24.33084330843309,-25.742568161619104],[24.194041940419424,-25.63319994403068],[24.104041040410408,-25.634935947484465],[23.97083970839708,-25.626255930215535],[23.89523895238952,-25.600215878408775],[23.823238232382323,-25.54466376788767],[23.672036720367203,-25.43355954684546],[23.520835208352082,-25.34502337070245],[23.387633876338782,-25.29120726363513],[23.265232652326517,-25.26690321528214],[23.15003150031501,-25.289471260181344],[23.056430564305657,-25.312039305080546],[23.020430204302045,-25.324191329257033],[22.952029520295213,-25.37106342250921],[22.880028800288017,-25.457863595198447],[22.818828188281884,-25.595007868047418],[22.797227972279728,-25.678336033829083],[22.728827288272896,-25.857144389568887],[22.63882638826388,-26.07067281438438],[22.59922599225993,-26.13316893872063],[22.54882548825489,-26.178305028519027],[22.469624696246967,-26.218233107956067],[22.217622176221766,-26.388361446426956],[22.091620916209166,-26.579321826343254],[22.012420124201242,-26.636609940318145],[21.915219152191526,-26.662649992124912],[21.832418324183237,-26.67827402320897],[21.789217892178925,-26.709522085377095],[21.738817388173885,-26.806738278789027],[21.695616956169573,-26.841458347864716],[21.645216452164533,-26.85361037204121],[21.50121501215014,-26.843194351318502],[21.454414544145436,-26.832778330595794],[21.069210692106935,-26.851874368587424],[20.9540095400954,-26.820626306419307],[20.87120871208714,-26.808474282242813],[20.741607416074174,-26.84840236167986],[20.684006840068406,-26.822362309873085],[20.640806408064094,-26.742506150999],[20.619206192061938,-26.58105782979704],[20.626406264062638,-26.44391355694806],[20.698406984069834,-26.339753349720986],[20.756007560075602,-26.263369197754464],[20.81360813608137,-26.164417000888747],[20.824408244082434,-26.121016914544136],[20.810008100081006,-26.08108883510709],[20.799207992079914,-25.999496672779216],[20.792007920079215,-25.916168506997565],[20.709207092070926,-25.73388814435019],[20.608406084060846,-25.49084766082035],[20.47160471604718,-25.221767125483737],[20.432004320043205,-25.147118976971015],[20.34560345603458,-25.02907074211366],[20.028800288002884,-24.806862300029238],[19.981999819998208,-24.777350241314906],[19.981999819998208,-24.751310189508132],[19.978399783997844,-24.536045761238853],[19.978399783997844,-24.24960519136441],[19.978399783997844,-23.963164621489952],[19.978399783997844,-23.674988048161723],[19.978399783997844,-23.388547478287265],[19.978399783997844,-23.10210690841282],[19.978399783997844,-22.815666338538378],[19.978399783997844,-22.52922576866392],[19.978399783997844,-22.242785198789477],[19.978399783997844,-21.999744715259638],[20.205202052020525,-21.999744715259638],[20.48600486004861,-21.999744715259638],[20.824408244082434,-21.999744715259638],[20.97200972009722,-21.999744715259638],[20.97920979209792,-21.961552639276377],[20.97920979209792,-21.78448028699036],[20.97920979209792,-21.37651947535099],[20.97920979209792,-20.96855866371162],[20.97920979209792,-20.560597852072263],[20.975609756097555,-20.152637040432893],[20.975609756097555,-19.744676228793523],[20.975609756097555,-19.336715417154167],[20.975609756097555,-18.928754605514797],[20.975609756097555,-18.520793793875427],[20.975609756097555,-18.31941739323642],[21.23121231212312,-18.307265369059934],[21.530015300152996,-18.2656012861691],[22.012420124201242,-18.19789715147151],[22.458824588245903,-18.11630498914363],[22.754027540275416,-18.067696892437667],[23.09963099630997,-18.010408778462775],[23.21843218432184,-17.99999275774006],[23.25083250832509,-18.006936771555203],[23.297632976329766,-18.02776881300062],[23.45963459634598,-18.230881217093412],[23.56043560435606,-18.387121527934013],[23.582035820358215,-18.453089659177834],[23.600036000360006,-18.460033672992964],[23.646836468364683,-18.449617652270263],[23.700837008370087,-18.42357760046349],[23.8628386283863,-18.269073293076673],[23.898838988389883,-18.229145213639626],[24.003240032400328,-18.15449706512689],[24.129241292412928,-18.078112913160368],[24.244442444424465,-18.024296806093048],[24.359643596435973,-17.97742471284087],[24.413644136441377,-17.98957673701736],[24.47484474844748,-18.02776881300062],[24.528845288452885,-18.052072861353608],[24.791647916479178,-17.864584488344875],[24.91044910449105,-17.821184402000256],[25.216452164521655,-17.788200336378353],[25.259652596525967,-17.79340834673971]]]}},{"type":"Feature","id":"204","properties":{"name":"Benin"},"geometry":{"type":"Polygon","coordinates":[[[1.621816218162195,6.217255422554246],[1.6110161101611027,6.250239488176149],[1.7766177661776794,6.295375577974539],[1.7442174421744312,6.425575837008381],[1.6398163981639868,6.581816147848997],[1.600216002160039,6.609592203109543],[1.5786157861578545,6.687712358529851],[1.6038160381603745,6.738056458689599],[1.5894158941589467,6.772776527765288],[1.5822158221582185,6.87693673499237],[1.5318153181531784,6.9932489663959245],[1.625416254162559,6.996720973303496],[1.625416254162559,7.369961715867177],[1.625416254162559,7.725842423892999],[1.625416254162559,8.029643028305301],[1.625416254162559,8.270947508381354],[1.6074160741607386,8.559124081709584],[1.6038160381603745,8.770916503071291],[1.600216002160039,9.050413059130605],[1.5678156781567907,9.137213231819828],[1.4238142381423984,9.284773525391515],[1.384213842138422,9.361157677358037],[1.380613806138058,9.463581881131319],[1.3482134821348382,9.5677420883584],[1.344613446134474,9.750022451005776],[1.344613446134474,9.96355087582127],[1.3302133021330178,9.996534941443173],[1.1754117541175617,10.098959145216469],[0.9594095940959448,10.241311428426798],[0.7938079380793965,10.352415649469009],[0.7794077940779403,10.359359663284152],[0.7650076500765124,10.387135718544698],[0.7866078660786684,10.710032360948617],[0.8226082260822807,10.753432447293235],[0.8730087300873208,10.885368709780863],[0.9018090180901766,10.993000923915503],[0.923409234092361,10.993000923915503],[0.9594095940959448,11.027720992991192],[0.9846098460984649,11.079801096604726],[1.013410134101349,11.067649072428239],[1.0638106381063892,11.05896905515931],[1.0854108541085452,11.076329089697168],[1.0818108181081811,11.116257169134201],[1.0962109621096374,11.156185248571248],[1.1358113581135854,11.173545283109092],[1.1466114661146776,11.210001355638568],[1.1466114661146776,11.2516654385294],[1.1790117901178974,11.262081459252101],[1.2330123301233016,11.260345455798316],[1.2798127981279777,11.274233483428603],[1.31581315813159,11.295065524874019],[1.36621366213663,11.37839369065567],[1.3914139141391502,11.407905749370002],[1.3986139861398783,11.428737790815418],[1.427414274142734,11.447833828807049],[1.5030150301502943,11.454777842622192],[1.5606156061560625,11.449569832260835],[1.600216002160039,11.400961735554873],[1.8558185581855753,11.442625818445705],[1.9818198181981757,11.418321770092717],[2.2302223022230407,11.628378188000639],[2.2878228782287806,11.690874312336888],[2.363423634236341,11.84017060936236],[2.388623886238861,11.897458723337252],[2.413824138241381,11.999882927110534],[2.363423634236341,12.189107303573053],[2.367023670236705,12.222091369194956],[2.467824678246785,12.262019448632003],[2.5974259742597496,12.295003514253906],[2.64782647826479,12.296739517707692],[2.680226802268038,12.312363548791751],[2.727027270272714,12.354027631682584],[2.8062280622806384,12.383539690396915],[2.8494284942849504,12.373123669674214],[2.8782287822878345,12.367915659312857],[3.148231482314827,12.117931161967888],[3.2670326703266994,11.991202909841618],[3.2994329943299476,11.926970782051583],[3.36063360633608,11.880098688799407],[3.450634506345068,11.852322633538847],[3.5334353343533564,11.788090505748826],[3.5946359463594604,11.696082322698246],[3.5550355503555124,11.63185019490821],[3.490234902349016,11.499913932420583],[3.4866348663486804,11.395753725193515],[3.637836378363801,11.177017290016664],[3.6558365583655927,11.154449245117462],[3.6954369543695407,11.119729176041773],[3.7170371703716967,11.079801096604726],[3.735037350373517,10.972168882470086],[3.745837458374581,10.850648640705174],[3.756637566375673,10.769056478377294],[3.828638286382869,10.654480250427525],[3.8358383583835973,10.607608157175335],[3.785437854378557,10.43574381525066],[3.771037710377101,10.418383780712816],[3.760237602376037,10.413175770351472],[3.681036810368113,10.427063797981745],[3.6450364503645005,10.4097037634439],[3.6054360543605526,10.350679646015223],[3.5766357663576684,10.291655528586546],[3.5766357663576684,10.269087483687358],[3.6450364503645005,10.159719266098932],[3.6018360183601885,10.005214958712102],[3.5586355863558765,9.907998765300164],[3.475834758347588,9.852446654779058],[3.403834038340392,9.838558627148785],[3.353433534335352,9.812518575342011],[3.3246332463324677,9.777798506266322],[3.3282332823328318,9.66669428522411],[3.2238322383223874,9.566006084904615],[3.166231662316619,9.49482994329945],[3.1374313743137634,9.451429856954832],[3.148231482314827,9.32122959792099],[3.1122311223112433,9.18755733197959],[3.043830438304383,9.083397124752508],[2.8998289982899905,9.060829079853306],[2.77382773827739,9.04867705567682],[2.734227342273442,8.783068527247792],[2.734227342273442,8.61467619223069],[2.72342723427235,8.441075846852229],[2.701827018270194,8.37163570870085],[2.712627126271258,8.272683511835126],[2.701827018270194,8.050475069750718],[2.6874268742687377,7.8734027174646855],[2.709027090270922,7.826530624212509],[2.719827198271986,7.722370416985427],[2.719827198271986,7.616474206304574],[2.752227522275234,7.5418260577918375],[2.7846278462784824,7.477593930001817],[2.7846278462784824,7.442873860926127],[2.766627666276662,7.422041819480711],[2.752227522275234,7.394265764220151],[2.752227522275234,7.142545263421397],[2.755827558275598,7.067897114908661],[2.74862748627487,7.019289018202699],[2.719827198271986,6.9810969422194376],[2.730627306273078,6.852632686639382],[2.752227522275234,6.771040524311502],[2.77382773827739,6.712016406882839],[2.752227522275234,6.6616723067230765],[2.734227342273442,6.59570417547927],[2.709027090270922,6.427311840462167],[2.705427054270558,6.370023726487275],[2.2878228782287806,6.328359643596457],[1.8198181981819914,6.26065550889885],[1.621816218162195,6.217255422554246]]]}},{"type":"Feature","id":"024","properties":{"name":"Angola"},"geometry":{"type":"MultiPolygon","coordinates":[[[[13.073530735307372,-4.634502167052901],[13.055530555305552,-4.65186220159076],[12.947529475294772,-4.695262287935364],[12.828728287282871,-4.736926370826197],[12.673926739267387,-4.9053187058433],[12.59472594725949,-4.97823085090225],[12.573125731257306,-4.99732688889388],[12.50112501125011,-5.037254968330927],[12.45072450724507,-5.071975037406617],[12.454324543245434,-5.091071075398247],[12.486724867248682,-5.111903116843649],[12.522725227252266,-5.148359189373124],[12.51912519125193,-5.424383738524867],[12.504725047250474,-5.695200277315266],[12.483124831248318,-5.71950432566824],[12.385923859238602,-5.728184342937169],[12.256322563225638,-5.7472803809288],[12.213122131221326,-5.7594324051052865],[12.19872198721987,-5.731656349844741],[12.155521555215557,-5.6327041529790165],[12.180721807218077,-5.53895996647465],[12.205922059220597,-5.467783824869485],[12.177121771217713,-5.325431541659157],[12.112321123211245,-5.196967286079101],[12.04032040320405,-5.0355189648771415],[12.018720187201865,-5.00427090270901],[12.076320763207633,-4.952190799095476],[12.16632166321665,-4.837614571145693],[12.205922059220597,-4.77859045371703],[12.306723067230678,-4.7647024260867425],[12.346323463234626,-4.72477434664971],[12.37512375123751,-4.657070211952103],[12.385923859238602,-4.618878135968842],[12.50112501125011,-4.5876300738007245],[12.641526415264167,-4.530341959825833],[12.720727207272091,-4.46958183894337],[12.799927999279987,-4.431389762960123],[12.846728467284692,-4.429653759506337],[12.882728827288275,-4.445277790590396],[12.972729727297292,-4.551174001271249],[13.048330483304852,-4.618878135968842],[13.073530735307372,-4.634502167052901]]],[[[23.967239672396744,-10.87196257650075],[23.9888398883989,-11.002162835534591],[24.010440104401056,-11.184443198181967],[24.024840248402484,-11.316379460669594],[24.042840428404304,-11.373667574644486],[24.04644046440464,-11.404915636812603],[24.028440284402848,-11.439635705888293],[24.01404014040142,-11.5177558613086],[23.985239852398536,-11.58719599945998],[23.97083970839708,-11.635804096165955],[23.985239852398536,-11.724340272308964],[23.974439744397444,-11.85280452788902],[23.96363963639638,-11.988212797284206],[23.960039600396016,-12.118413056318047],[23.9960399603996,-12.351037519125185],[23.992439924399264,-12.42221366073035],[23.94563945639456,-12.543733902495262],[23.909639096390976,-12.635742085545843],[23.88803888038882,-12.743374299680482],[23.88083880838809,-12.798926410201588],[23.967239672396744,-12.95690272449599],[23.96363963639638,-12.988150786664107],[23.898838988389883,-12.998566807386808],[23.84483844838448,-13.000302810840594],[23.63603636036362,-13.000302810840594],[23.337233372333742,-13.000302810840594],[23.0420304203042,-13.000302810840594],[22.743227432274324,-13.000302810840594],[22.469624696246967,-13.000302810840594],[22.21042210422104,-13.000302810840594],[21.980019800198022,-13.000302810840594],[21.980019800198022,-13.15654312168121],[21.980019800198022,-13.477703760631343],[21.980019800198022,-13.79886439958149],[21.980019800198022,-14.120025038531622],[21.980019800198022,-14.44118567748177],[21.980019800198022,-14.760610312978116],[21.980019800198022,-15.081770951928263],[21.980019800198022,-15.402931590878396],[21.980019800198022,-15.724092229828543],[21.980019800198022,-15.95498068918188],[22.041220412204126,-16.26225330050174],[22.149221492214934,-16.59730196708216],[22.192421924219246,-16.628550029250277],[22.30402304023042,-16.68931015013274],[22.458824588245903,-16.814302398805225],[22.545225452254527,-16.909782588763377],[22.721627216272168,-17.07470291687291],[22.955629556295577,-17.286495338234616],[23.182431824318257,-17.47398371124335],[23.380433804338054,-17.640640042806666],[23.06723067230672,-17.699664160235344],[22.62442624426245,-17.78125632256321],[22.325623256232575,-17.836808433084315],[21.9620196201962,-17.90451256778192],[21.71721717217173,-17.947912654126526],[21.418414184141852,-17.99999275774006],[21.368013680136812,-17.99999275774006],[21.288812888128888,-17.963536685210585],[21.112411124111247,-17.956592671395455],[20.907209072090723,-18.005200768101417],[20.74520745207454,-18.01908879573169],[20.626406264062638,-17.996520750832502],[20.507605076050766,-17.953120664487884],[20.392403924039257,-17.887152533244077],[20.19440194401946,-17.86284848489109],[19.913599135991376,-17.88194452288272],[19.63999639996402,-17.868056495252446],[19.377193771937726,-17.824656408907828],[19.189991899918994,-17.80903237782377],[19.074790747907485,-17.817712395092684],[18.955989559895613,-17.80382436746241],[18.82638826388265,-17.76563229147915],[18.71838718387184,-17.703136167142915],[18.588785887858876,-17.5694639012015],[18.487984879848796,-17.44273564907523],[18.45918459184591,-17.425375614537387],[18.42678426784269,-17.40454357309197],[18.397983979839807,-17.399335562730613],[18.109981099810994,-17.39586355582304],[17.836378363783638,-17.392391548915484],[17.677976779767818,-17.392391548915484],[17.296372963729652,-17.392391548915484],[16.914769147691487,-17.390655545461698],[16.529565295652958,-17.390655545461698],[16.147961479614793,-17.390655545461698],[15.766357663576656,-17.388919542007912],[15.38475384753849,-17.388919542007912],[14.999549995499962,-17.388919542007912],[14.617946179461796,-17.387183538554126],[14.416344163441636,-17.387183538554126],[14.225542255422567,-17.397599559276827],[14.016740167401679,-17.40975158345333],[13.987939879398795,-17.40454357309197],[13.937539375393754,-17.388919542007912],[13.905139051390535,-17.361143486747352],[13.793537935379362,-17.2882313416884],[13.692736927369282,-17.232679231167296],[13.563135631356317,-17.140671048116715],[13.476734767347693,-17.03998284779722],[13.404734047340469,-17.006998782175316],[13.275132751327533,-16.98963874763747],[13.177931779317788,-16.972278713099612],[13.102331023310228,-16.96707070273827],[12.9619296192962,-17.01567879944423],[12.857528575285755,-17.06255089269642],[12.78552785527856,-17.107686982494812],[12.655926559265595,-17.159767086108346],[12.547925479254786,-17.21184718972188],[12.360723607236082,-17.206639179360536],[12.31752317523177,-17.213583193175666],[12.213122131221326,-17.210111186268108],[12.11592115921161,-17.164975096469703],[12.015120151201529,-17.168447103377275],[11.903519035190357,-17.225735217352167],[11.741517415174172,-17.25003926570514],[11.78111781117812,-16.871590512780116],[11.820718207182068,-16.7049341812168],[11.820718207182068,-16.503557780577793],[11.795517955179548,-15.986228751349998],[11.770317703177028,-15.915052609744833],[11.752317523175236,-15.831724443963182],[11.849518495184952,-15.767492316173147],[11.899918999189993,-15.72062022292097],[11.968319683196825,-15.633820050231733],[12.015120151201529,-15.514035811920607],[12.072720727207269,-15.24842728349158],[12.281522815228158,-14.637354067759418],[12.378723787237874,-14.038432876203757],[12.504725047250474,-13.755464313236871],[12.55152551525515,-13.437775681194296],[12.897128971289732,-13.028078866101154],[12.983529835298356,-12.776358365302386],[13.16353163531636,-12.651366116629902],[13.415534155341561,-12.52116585759606],[13.59913599135993,-12.28680539133515],[13.685536855368554,-12.123621066679405],[13.786337863378634,-11.812876448451973],[13.78273782737827,-11.488243802594269],[13.847538475384766,-11.054242939148125],[13.83313833138331,-10.92925069047564],[13.739537395373958,-10.757386348550966],[13.721537215372166,-10.634130103332268],[13.635136351363514,-10.512609861567356],[13.537935379353797,-10.420601678516775],[13.494734947349485,-10.25741735386103],[13.332733327333273,-9.998752839247132],[13.285932859328597,-9.826888497322457],[13.210332103321036,-9.703632252103759],[13.195931959319608,-9.550863948170715],[13.156331563315632,-9.389415626968756],[13.077130771307708,-9.229703309220582],[12.997929979299812,-9.047422946573207],[12.997929979299812,-8.991870836052101],[13.048330483304852,-8.922430697900722],[13.091530915309164,-8.89986265300152],[13.077130771307708,-8.93458272207721],[13.048330483304852,-8.974510801514256],[13.055530555305552,-9.00749486713616],[13.357933579335793,-8.688070231639799],[13.379533795337949,-8.625574107303564],[13.368733687336885,-8.5543979656984],[13.36513365133652,-8.469333796462948],[13.379533795337949,-8.370381599597238],[13.091530915309164,-7.780140425310492],[12.86112861128612,-7.231563333914579],[12.825128251282507,-6.955538784762837],[12.522725227252266,-6.590978059468085],[12.403924039240394,-6.353145586299604],[12.335523355233562,-6.186489254736287],[12.281522815228158,-6.123993130400038],[12.303123031230314,-6.09274506823192],[12.378723787237874,-6.084065050962991],[12.555125551255514,-6.045872974979744],[12.789127891278923,-6.004208892088911],[13.008730087300876,-5.906992698676973],[13.069930699307008,-5.86532861578614],[13.185131851318516,-5.856648598517225],[13.303933039330389,-5.882688650323985],[13.347133471334729,-5.863592612332354],[13.372333723337249,-5.861856608878583],[13.64953649536497,-5.861856608878583],[13.764737647376478,-5.854912595063439],[13.97713977139773,-5.856648598517225],[14.113941139411395,-5.86532861578614],[14.189541895418955,-5.8757446365088555],[14.398343983439844,-5.8931046710467],[14.657546575465773,-5.889632664139128],[14.751147511475125,-5.879216643416427],[15.08955089550895,-5.87400863305507],[15.424354243542439,-5.868800622693712],[15.72675726757268,-5.863592612332354],[16.06156061560617,-5.86532861578614],[16.31356313563137,-5.86532861578614],[16.43236432364324,-5.900048684861829],[16.536765367653686,-5.96601681610565],[16.583565835658362,-6.025040933534328],[16.608766087660882,-6.051080985341088],[16.64116641166413,-6.115313113131123],[16.69876698766987,-6.163921209837085],[16.71676716767169,-6.242041365257393],[16.702367023670234,-6.3462015724844605],[16.709567095670963,-6.471193821156945],[16.74196741967421,-6.618754114728631],[16.813968139681407,-6.773258422115461],[16.91836918369185,-6.93470674331742],[16.965169651696527,-7.06143499544369],[16.95076950769507,-7.156915185401843],[16.98316983169832,-7.257603385721339],[17.062370623706244,-7.363499596402207],[17.119971199712012,-7.419051706923312],[17.155971559715596,-7.460715789814131],[17.245972459724612,-7.623900114469876],[17.41157411574116,-7.882564629083774],[17.53757537575376,-8.075261012453865],[17.580775807758073,-8.099565060806839],[17.641976419764205,-8.090885043537924],[17.778777787777898,-8.071789005546293],[17.911979119791198,-8.068316998638721],[18.009180091800914,-8.108245078075768],[18.04878048780489,-8.101301064260625],[18.192781927819283,-8.023180908840331],[18.33318333183334,-8.000612863941129],[18.48438484384843,-7.969364801773011],[18.563585635856356,-7.936380736151094],[18.653586535865372,-7.936380736151094],[18.898388983889845,-7.998876860487343],[18.94518945189452,-8.000612863941129],[19.143191431914317,-8.000612863941129],[19.341193411934114,-7.965892794865439],[19.369993699936998,-7.707228280251542],[19.369993699936998,-7.655148176638008],[19.42039420394204,-7.557931983226069],[19.48159481594817,-7.472867813990632],[19.4887948879489,-7.3912756516627525],[19.485194851948535,-7.280171430620541],[19.528395283952847,-7.144763161225356],[19.661596615966175,-7.037130947090702],[19.8739987399874,-6.986786846930954],[19.996399963999636,-6.976370826208253],[20.190801908019097,-6.946858767493907],[20.482404824048245,-6.91561070532579],[20.590405904059054,-6.919082712233362],[20.597605976059754,-6.93470674331742],[20.53640536405365,-7.122195116326154],[20.53640536405365,-7.182955237208603],[20.558005580055806,-7.243715358091066],[20.608406084060846,-7.278435427166755],[20.910809108091087,-7.281907434074327],[21.19161191611917,-7.285379440981899],[21.512015120151204,-7.297531465158386],[21.749617496174977,-7.306211482427315],[21.782017820178197,-7.31489149969623],[21.807218072180717,-7.3287795273265175],[21.84321843218433,-7.420787710377098],[21.832418324183237,-7.601332069570688],[21.77841778417786,-7.865204594545929],[21.800018000180017,-8.11171708498334],[21.897218972189734,-8.340869540882892],[21.904419044190462,-8.693278242001156],[21.872018720187214,-8.903334659909092],[21.8288182881829,-9.168943188338119],[21.814418144181445,-9.46927178584285],[21.857618576185757,-9.594264034515334],[21.947619476194774,-9.726200297002961],[22.088020880208802,-9.863344569851932],[22.19602196021961,-10.040416922137965],[22.275222752227535,-10.259153357314815],[22.30402304023042,-10.396297630163787],[22.282422824228263,-10.453585744138678],[22.282422824228263,-10.550801937550617],[22.307623076230783,-10.69141821730716],[22.2788227882279,-10.78342640035774],[22.20322203222034,-10.83029849360993],[22.17802178021782,-10.892794617946166],[22.217622176221766,-11.012578856257306],[22.224822248222495,-11.121947073845732],[22.257222572225743,-11.16361115673655],[22.2788227882279,-11.194859218904682],[22.314823148231483,-11.19833122581224],[22.394023940239407,-11.160139149828993],[22.48762487624876,-11.087227004770043],[22.559625596255984,-11.05597894260191],[22.667626676266764,-11.059450949509483],[22.81522815228152,-11.080282990954899],[23.078030780307813,-11.087227004770043],[23.157231572315737,-11.075074980593541],[23.398433984339846,-10.976122783727831],[23.463234632346342,-10.969178769912688],[23.56043560435606,-10.977858787181603],[23.697236972369723,-11.007370845895949],[23.834038340383415,-11.014314859711078],[23.902439024390247,-10.98306679754296],[23.90603906039061,-10.943138718105914],[23.927639276392767,-10.89105861449238],[23.967239672396744,-10.87196257650075]]]]}},{"type":"Feature","id":"012","properties":{"name":"Algeria"},"geometry":{"type":"Polygon","coordinates":[[[8.577085770857707,36.93757254072543],[8.598685986859863,36.88375643365811],[8.602286022860227,36.83341233349836],[8.50508505085051,36.788276243699954],[8.443884438844407,36.760500188439394],[8.368283682836847,36.63203593285934],[8.231482314823154,36.545235760170115],[8.206282062820634,36.519195708363355],[8.209882098820998,36.49489166001037],[8.30348303483035,36.45496358057332],[8.332283322833234,36.418507508043845],[8.350283502835026,36.3681634078841],[8.307083070830714,36.18935505214429],[8.281882818828194,36.05047477584152],[8.245882458824582,35.86993041664793],[8.245882458824582,35.80222628195034],[8.281882818828194,35.718898116168674],[8.317883178831806,35.65466598837865],[8.32868328683287,35.5817538433197],[8.317883178831806,35.4029454875799],[8.361083610836118,35.29878528035282],[8.393483934839367,35.203305090394664],[8.310683106831078,35.085256855537324],[8.27828278282783,34.97936064485647],[8.25308253082531,34.82832834437721],[8.245882458824582,34.734584157872845],[8.191881918819206,34.646047981729836],[8.123481234812346,34.56445581940196],[8.044280442804421,34.51237571578842],[7.950679506795069,34.468975629443804],[7.839078390783925,34.40995151201514],[7.7490774907749085,34.253711201174525],[7.554675546755476,34.12524694559447],[7.515075150751528,34.08011085579608],[7.497074970749708,33.975950648569],[7.500675006750072,33.83186236190488],[7.53307533075332,33.7172861339551],[7.626676266762672,33.54889379893801],[7.7094770947709605,33.36314142938306],[7.7310773107731166,33.26766123942491],[7.763477634776365,33.23294117034922],[7.878678786787873,33.17218104946676],[8.07668076680767,33.08885288368511],[8.112681126811282,33.0558688180632],[8.209882098820998,32.92740456248315],[8.30348303483035,32.696516103129795],[8.332283322833234,32.543747799196765],[8.515885158851603,32.42222755743184],[8.681486814868151,32.31112333638963],[8.843488434884364,32.21217113952392],[9.019890198902004,32.104538925389264],[9.045090450904524,32.07155485976736],[9.102691026910264,31.84587441077538],[9.160291602916033,31.62192996523717],[9.225092250922529,31.373681471345975],[9.286292862928633,31.125432977454793],[9.361893618936193,30.832048393765206],[9.405094050940505,30.667128065655675],[9.45909459094591,30.46575166501667],[9.520295202952042,30.229655195301973],[9.419494194941961,30.17931109514221],[9.311493114931153,30.11507896735219],[9.390693906939077,29.993558725587278],[9.545495454954562,29.79565433185583],[9.639096390963914,29.635942014107655],[9.671496714967162,29.566501875956277],[9.747097470974722,29.368597482224843],[9.80469804698049,29.177637102308537],[9.819098190981919,29.115140977972302],[9.844298442984439,28.967580684400616],[9.815498154981555,28.559619872761246],[9.858698586985867,28.044026846987236],[9.916299162991635,27.78536233237334],[9.826298262982647,27.552737869566215],[9.747097470974722,27.330529427481792],[9.75429754297545,27.21942520643958],[9.793897938979399,27.044088857607335],[9.83709837098371,26.915624602027293],[9.894698946989479,26.847920467329686],[9.883898838988387,26.63092003560662],[9.858698586985867,26.552799880186313],[9.68589685896859,26.438223652236545],[9.491494914949158,26.334063445009463],[9.437494374943753,26.245527268866454],[9.423094230942326,26.14657507200073],[9.448294482944846,26.06671891312665],[9.581495814958146,25.889646560840617],[9.77949779497797,25.62403803241159],[9.999099990999923,25.33238945217579],[10.02070020700208,25.257741303663053],[10.027900279002807,25.05115689266269],[10.117901179011795,24.790756374595006],[10.218702187021876,24.676180146645237],[10.254702547025488,24.591115977409785],[10.326703267032684,24.530355856527336],[10.395103951039516,24.48521976672893],[10.438304383043828,24.480011756367574],[10.686706867068665,24.55118789797274],[11.107911079110806,24.434875666569184],[11.507515075150764,24.315091428258043],[11.536315363153648,24.29078737990507],[11.622716227162272,24.13975507942581],[11.766717667176692,23.8932425889884],[11.874718747187472,23.695338195256966],[11.968319683196825,23.518265842970948],[11.449914499144995,23.21272923510486],[10.931509315093166,22.907192627238786],[10.413104131041308,22.60165601937271],[9.894698946989479,22.296119411506623],[9.379893798937985,21.99058280364055],[8.861488614886156,21.68678219922826],[8.343083430834326,21.381245591362173],[7.824678246782469,21.0757089834961],[7.48267482674828,20.872596579403307],[7.263072630726327,20.693788223663503],[6.989469894698942,20.469843778125295],[6.730267302673042,20.247635336040872],[6.528665286652881,20.07229898720864],[6.262262622626224,19.846618538216646],[6.129061290612924,19.732042310266863],[5.837458374583747,19.478585806014323],[5.747457474574759,19.433449716215932],[5.3586535865358655,19.358801567703196],[5.00225002250022,19.29109743300559],[4.671046710467124,19.228601308669354],[4.444244442444443,19.185201222324736],[4.228242282422826,19.143537139433903],[3.9114391143911575,19.08451302200524],[3.684636846368477,19.04111293566062],[3.439834398343976,18.99597684586223],[3.400234002340028,18.989032832047087],[3.357033570335716,18.9872968285933],[3.3246332463324677,18.989032832047087],[3.2562325623256356,19.013336880400075],[3.1734317343173473,19.07236099782874],[3.119431194311943,19.10360905999687],[3.105031050310515,19.150481153249046],[3.1374313743137634,19.212977277585296],[3.1770317703177113,19.2685293881064],[3.191431914319139,19.311929474451006],[3.2202322023220233,19.34491354007291],[3.2526325263252716,19.37268959533347],[3.2562325623256356,19.41088167131673],[3.2274322743227515,19.473377795652965],[3.2022320223202314,19.560177968342202],[3.2022320223202314,19.71815428263659],[3.2022320223202314,19.770234386250124],[3.2022320223202314,19.789330424241754],[3.1302313023130353,19.850090545124218],[2.9934299342993427,19.916058676368024],[2.8674286742867423,19.95598675580507],[2.8062280622806384,19.969874783435344],[2.669426694266946,19.992442828334546],[2.4750247502475133,20.035842914679165],[2.4066240662406813,20.06361896993971],[2.280622806228081,20.20944326005761],[2.2194221942219485,20.247635336040872],[1.9278192781927999,20.27193938439386],[1.8342183421834193,20.29624343274685],[1.755017550175495,20.330963501822538],[1.686616866168663,20.377835595074714],[1.647016470164715,20.459427757402594],[1.6362163621636228,20.523659885192615],[1.6110161101611027,20.554907947360732],[1.2906129061290699,20.712884261655134],[1.2078120781207815,20.766700368722454],[1.1646116461164695,20.8170444688822],[1.1646116461164695,20.891692617394938],[1.1718117181171976,20.981964796991733],[1.1574115741157414,21.061820955865826],[1.1466114661146776,21.101749035302873],[0.9990099900999212,21.19722922526101],[0.6714067140671602,21.412493653530305],[0.3438034380343993,21.626022078345798],[0.01620016200163832,21.83955050316129],[-0.31140311403112264,22.054814931430585],[-0.6390063900638836,22.268343356246078],[-0.9666096660966446,22.48187178106157],[-1.2942129421294055,22.697136209330864],[-1.6218162181621665,22.910664634146357],[-1.9494194941949274,23.12419305896185],[-2.2770227702276884,23.339457487231144],[-2.6046260462604494,23.552985912046637],[-2.9286292862928462,23.76651433686213],[-3.256232562325607,23.981778765131423],[-3.583835838358368,24.195307189946917],[-3.911439114391129,24.40883561476241],[-4.23904239042389,24.624100043031703],[-4.516245162451611,24.804644402225293],[-4.822248222482216,24.995604782141584],[-5.0490504905048965,25.13622106189814],[-5.275852758527577,25.275101338200898],[-5.517055170551686,25.42439763522637],[-5.675456754567534,25.51640581827695],[-5.862658626586267,25.627510039319162],[-6.049860498604971,25.736878256907588],[-6.237062370623704,25.8479824779498],[-6.427864278642772,25.95908669899201],[-6.615066150661505,26.07019092003422],[-6.8022680226802095,26.179559137622647],[-6.989469894698942,26.290663358664858],[-7.180271802718011,26.40176757970707],[-7.367473674736743,26.511135797295495],[-7.554675546755448,26.622240018337706],[-7.74187741877418,26.733344239379903],[-7.932679326793249,26.84271245696833],[-8.119881198811981,26.95381667801054],[-8.307083070830714,27.06492089905275],[-8.494284942849418,27.176025120094963],[-8.685086850868515,27.285393337683388],[-8.685086850868515,27.490241745229966],[-8.685086850868515,27.656898076793283],[-8.685086850868515,27.899938560323122],[-8.685086850868515,28.11173098168483],[-8.685086850868515,28.32352340304655],[-8.685086850868515,28.46934769316445],[-8.685086850868515,28.62037999364371],[-8.677886778867787,28.689820131795088],[-8.659886598865995,28.71933219050942],[-8.559085590855915,28.76794028721538],[-8.400684006840066,28.88078051171138],[-8.339483394833934,28.929388608417355],[-8.263882638826374,28.979732708577103],[-7.997479974799745,29.132501012510147],[-7.943479434794341,29.174165095400966],[-7.684276842768412,29.349501444233212],[-7.623076230762308,29.375541496039972],[-7.4862748627486155,29.392901530577817],[-7.428674286742847,29.424149592745948],[-7.349473494734951,29.495325734351113],[-7.234272342723415,29.575181893225192],[-7.158671586715855,29.613373969208453],[-7.140671406714063,29.620317983023597],[-7.093870938709387,29.625525993384954],[-6.856268562685614,29.601221945031966],[-6.755467554675533,29.58386191049412],[-6.636666366663661,29.568237879410063],[-6.597065970659713,29.578653900132764],[-6.564665646656465,29.604693951939538],[-6.521465214652153,29.660246062460644],[-6.510665106651061,29.72621419370445],[-6.507065070650697,29.783502307679342],[-6.499864998649969,29.809542359486116],[-6.478264782647813,29.819958380208817],[-6.427864278642772,29.816486373301245],[-6.355863558635576,29.80780635603233],[-6.215462154621548,29.811278362939902],[-6.165061650616508,29.81822237675503],[-6.003060030600295,29.832110404385304],[-5.776257762577615,29.86856647691478],[-5.592655926559246,29.917174573620755],[-5.448654486544854,29.957102653057802],[-5.293852938529369,30.0577908533773],[-5.178651786517861,30.165423067511938],[-5.063450634506353,30.326871388713897],[-4.969849698496972,30.46575166501667],[-4.779047790477904,30.55255183770589],[-4.620646206462055,30.604631941319425],[-4.530645306453067,30.625463982764842],[-4.3218432184321784,30.698376127823792],[-4.149041490414902,30.809480348866003],[-3.9870398703986893,30.91364055609307],[-3.861038610386089,30.92752858372336],[-3.702637026370269,30.944888618261203],[-3.6666366663666565,30.963984656252833],[-3.6270362703627086,31.00044072878231],[-3.6234362343623445,31.066408860026115],[-3.6738367383673847,31.11154494982452],[-3.7314373143731245,31.135848998177494],[-3.771037710377101,31.161889049984268],[-3.810638106381049,31.167097060345625],[-3.832238322383205,31.198345122513743],[-3.821438214382141,31.255633236488634],[-3.814238142381413,31.309449343555954],[-3.789037890378893,31.361529447169488],[-3.796237962379621,31.43791359913601],[-3.835838358383569,31.512561747648746],[-3.850238502385025,31.566377854716066],[-3.846638466384661,31.620193961783386],[-3.825038250382505,31.66185804467422],[-3.767437674376737,31.689634099934764],[-3.6990369903699047,31.70005012065748],[-3.605436054360524,31.686162093027193],[-3.439834398343976,31.705258131018823],[-3.0186301863018628,31.83372238659888],[-2.9898298982989786,31.873650466035926],[-2.9610296102960945,31.96392264563272],[-2.9322293222932103,32.04204280105303],[-2.8854288542885342,32.06808285285979],[-2.8638286382863782,32.07502686667493],[-2.72342723427235,32.09585890812035],[-2.5218252182521894,32.12537096683468],[-2.449824498244965,32.13057897719604],[-2.2302223022230123,32.12189895992712],[-2.0718207182071637,32.11495494611198],[-1.8162181621816273,32.104538925389264],[-1.6362163621636228,32.09933091502792],[-1.4778147781477742,32.09412290466656],[-1.2762127621276136,32.088914894305205],[-1.2258122581225734,32.108010932296835],[-1.2258122581225734,32.16529904627173],[-1.2618126181261857,32.27119525695258],[-1.2402124021240013,32.3371633881964],[-1.1610116101161054,32.39965951253264],[-1.0638106381063608,32.46909965068403],[-1.1106111061110653,32.55242781646568],[-1.1898118981189612,32.607979926986786],[-1.2978129781297696,32.67568406168438],[-1.3518135181351738,32.70346011694494],[-1.44901449014489,32.785052279272804],[-1.5102151021510224,32.877060462323385],[-1.5498154981549703,33.07322885260105],[-1.6254162541625305,33.18259707018947],[-1.6794167941679348,33.31800533958466],[-1.6326163261632587,33.566253833475855],[-1.7046170461704548,33.7172861339551],[-1.715417154171547,33.781518261745134],[-1.715417154171547,33.857902413711656],[-1.6938169381693626,33.989838676199284],[-1.708217082170819,34.17559104575422],[-1.7910179101791073,34.36828742912431],[-1.751417514175131,34.43251955691433],[-1.733417334173339,34.46723962599003],[-1.7406174061740671,34.496751684704364],[-1.8162181621816273,34.55751180558683],[-1.8486184861848471,34.607855905746575],[-1.8342183421834193,34.65472799899875],[-1.7910179101791073,34.72243213369636],[-1.794617946179443,34.75194419241069],[-1.9206192061920433,34.835272358192356],[-2.133021330213296,34.97068062758754],[-2.1906219062190644,35.02970474501622],[-2.2194221942219485,35.104352893528954],[-2.017820178201788,35.085256855537324],[-1.9134191341913436,35.09393687280624],[-1.6722167221672066,35.18247304894926],[-1.4850148501485023,35.30225728726039],[-1.337413374133746,35.36475341159664],[-1.2042120421204174,35.49495367063048],[-1.0890108901088809,35.57828183641213],[-0.9162091620916044,35.668554016008926],[-0.4266042660426592,35.86125039937902],[-0.351003510035099,35.86298640283279],[-0.18900189001888634,35.819586316488184],[-0.04860048600485811,35.83347434411846],[0.04860048600485811,35.90117847881605],[0.15300153001530248,36.06262680001802],[0.31140311403115106,36.16157899688373],[0.5166051660516757,36.26226719720324],[0.7902079020790325,36.35601138370761],[0.970209702097037,36.44454755985062],[1.2582125821258217,36.519195708363355],[1.974619746197476,36.56780380506932],[2.341823418234185,36.60946788796015],[2.5938259382593856,36.60078787069122],[2.8458284582845863,36.73966814699399],[2.9718297182971867,36.78480423679238],[3.5190351903519,36.7952202575151],[3.778237782377829,36.895908457834594],[4.757447574475748,36.895908457834594],[4.87624876248762,36.86292439221269],[4.995049950499521,36.807372281691585],[5.196651966519681,36.67717202265774],[5.2938529385293975,36.64765996394341],[5.423454234542362,36.67543601920396],[5.725857258572603,36.80042826787644],[6.064260642606428,36.864660395666476],[6.247862478624796,36.93757254072543],[6.327063270632721,37.045204754860066],[6.485464854648541,37.08513283429711],[6.575465754657557,37.00354067196923],[6.928269282692838,36.92021250618758],[7.144271442714427,36.942780551086784],[7.237872378723807,36.968820602893544],[7.205472054720559,37.09207684811224],[7.43227432274324,37.05909278249034],[7.60867608676088,37.00006866506166],[7.7922779227792205,36.880284426750535],[7.911079110791121,36.85598037839755],[8.12708127081271,36.90979648546487],[8.577085770857707,36.93757254072543]]]}}]}