{"type":"FeatureCollection","features":[{"type":"Feature","properties":{"name":"Lake Albert","name_ar":"بحيرة ألبرت","name_fr":"Albert","scalerank":0},"geometry":{"bbox":[30.385888217106928,1.0139038319135238,31.474741123366982,2.4083067021362297],"type":"Polygon","coordinates":[[[31.366120760455406,2.2714273830200113],[31.360527842039886,2.2623020950789225],[31.358172929022828,2.2534711712649766],[31.35964474965849,2.208139095686704],[31.36170529854843,2.199308171872758],[31.374657320142205,2.1842956013890387],[31.38937552649881,2.1610408353456307],[31.394674080787155,2.1374917051751083],[31.37848405379492,2.1207129499285884],[31.403799368728247,2.0583077549766813],[31.405271189363905,2.02475024448367],[31.385548792846095,1.997374380660432],[31.403799368728247,1.953219761590674],[31.4061542817453,1.9387959193612405],[31.4061542817453,1.914658060936432],[31.4043880969825,1.9090651425209162],[31.402033183965475,1.9049440447410861],[31.399972635075528,1.8999398545798556],[31.394674080787155,1.8631443386883861],[31.38113333093912,1.837829023755063],[31.35964474965849,1.8242882739070014],[31.33079706519959,1.8328248335938324],[31.321966141385648,1.812219344694597],[31.315784494715874,1.759822530065179],[31.309602848046126,1.7371564922760285],[31.295767734070925,1.7118411773427056],[31.281932620095745,1.6956511503504714],[31.24131037055156,1.6682752865272334],[31.18390936576088,1.6144066512621293],[31.12356471969889,1.5820265972776326],[31.111201426359376,1.5787885918792028],[31.097955040638453,1.580554776641975],[31.086474839680307,1.5846758744218334],[31.07558336697645,1.5861476950574913],[31.063220073636902,1.5787885918792028],[31.056449698712864,1.5834984179132903],[31.049679323788837,1.5864420591846058],[31.03672730219506,1.5561225540900523],[31.00817398186328,1.5419930759877332],[30.974322107243157,1.5328677880466444],[30.946651879292773,1.5175608534358105],[30.92869566753774,1.492539902629602],[30.89837616244319,1.4333727130761533],[30.730882974105242,1.2396811174235154],[30.720580229655642,1.2240798186855386],[30.718814044892863,1.2087728840746763],[30.718814044892863,1.192877221209585],[30.714398582985893,1.1749210094545504],[30.604012035311513,1.0580584509832818],[30.607250040709943,1.0521711684406512],[30.60666131245568,1.0483444347879356],[30.601362758167312,1.0459895217708777],[30.59047128546345,1.04451770113522],[30.599890937531654,1.038924782719704],[30.604012035311513,1.0377473262111891],[30.604012035311513,1.0315656795414156],[30.591060013717712,1.0274445817615856],[30.577519263869647,1.028033310015843],[30.565450334657243,1.0336262284313307],[30.55603068258904,1.04451770113522],[30.546611030520836,1.0380416903383038],[30.542195568613863,1.0297994947786435],[30.539546291469666,1.021557299218955],[30.533659008927035,1.0139038319135238],[30.530421003528573,1.0242065763631274],[30.531304095909977,1.034509320812731],[30.533953373054178,1.0456951576437348],[30.535719557816947,1.0580584509832818],[30.517468981934794,1.0415740598639047],[30.506283145103794,1.034509320812731],[30.497746585416962,1.034509320812731],[30.49185930287433,1.0448120652623345],[30.49568603652705,1.0545260814576807],[30.503045139705332,1.0639457335259124],[30.507754965739455,1.0724822932127154],[30.50981551462937,1.0945596027476086],[30.505400052722397,1.1083947167227848],[30.4971578571627,1.1210523741894463],[30.488032569221616,1.1407747707072815],[30.49421421589139,1.159908438970831],[30.487443840967362,1.1811026561242954],[30.486266384458848,1.1990588678793301],[30.507754965739455,1.2090672482018192],[30.507754965739455,1.21583762312585],[30.493331123509993,1.2234910904312812],[30.46683835206815,1.2505725901273763],[30.465660895559612,1.255576780288635],[30.460656705398378,1.266173888865353],[30.45506378698289,1.2714724431537263],[30.45241450983869,1.2605809704498654],[30.45241450983869,1.2296727371010263],[30.44799904793172,1.2302614653552837],[30.44741031967746,1.231144557736684],[30.447704683804577,1.2329107424994845],[30.446232863168916,1.2364431120250572],[30.43622448284646,1.2255516393211963],[30.432692113320883,1.222607998049881],[30.43033720030383,1.2396811174235154],[30.421211912362736,1.254104959652949],[30.407671162514678,1.2611696987041228],[30.392364227903844,1.2567542367971498],[30.39148113552244,1.2679400736281536],[30.3920698637767,1.2785371822049],[30.39442477679376,1.2885455625273607],[30.398545874573585,1.2976708504684495],[30.385888217106928,1.310328507935111],[30.392952956158098,1.323869257783173],[30.408848619023217,1.3347607304870337],[30.42209500474414,1.3394705565211495],[30.45241450983869,1.4012870232187993],[30.465660895559612,1.4207150556094916],[30.47684673239061,1.4416149086358416],[30.484794563823186,1.4639865822978493],[30.488032569221616,1.486358255959857],[30.490976210492928,1.4966610004094605],[30.498629677798363,1.509024293748979],[30.50863805812085,1.519327038198611],[30.518352074316198,1.523742500105584],[30.5260055416216,1.5290410543939288],[30.54190120448672,1.555239461708652],[30.549260307665012,1.5652478420311413],[30.59635856800608,1.587325151566006],[30.62137951881226,1.6029264503039826],[30.631976627389008,1.6238263033303326],[30.6384526381859,1.645609248738083],[30.65405393692387,1.6629767322388602],[30.72499569156261,1.7068369871814753],[30.734415343630843,1.7156679109954212],[30.74501245220756,1.74569305196286],[30.751488463004478,1.750108513869833],[30.765912305233915,1.7568788887938638],[30.816248570973446,1.798678594846564],[30.912505640545508,1.9067102295038867],[30.954010982471065,1.9290819031658941],[30.98374175931136,1.9323199085643241],[30.99492759614236,1.9352635498356394],[31.00493597646485,1.9408564682511553],[31.012000715515995,1.948804299683701],[31.017887998058626,1.9579295876247897],[31.025247101236918,1.9664661473115925],[31.067046807289618,2.002672934948805],[31.111201426359376,2.0315206194077007],[31.120915442554722,2.0350529889332734],[31.14269838796247,2.0403515432216466],[31.152118040030672,2.0450613692557624],[31.160654599717503,2.0547753854511086],[31.17537280607408,2.0795019721301746],[31.183026273379514,2.089510352452635],[31.201571213388803,2.1065834718262693],[31.211285229584153,2.111587661987528],[31.22423725117793,2.1133538467503],[31.236894908644587,2.116886216275873],[31.239544185788787,2.1260115042169616],[31.23866109340739,2.1371973410479654],[31.24131037055156,2.147500085497569],[31.294295913435267,2.1907716121859266],[31.303421201376352,2.205784182669646],[31.30636484264767,2.226389671568853],[31.314312674080213,2.245228975705288],[31.325204146784102,2.2623020950789225],[31.36759258109106,2.309989083674253],[31.3864318852275,2.3226467411409146],[31.439123063984056,2.3411916811502067],[31.450897629069317,2.3482564202013805],[31.461200373518924,2.359736621159527],[31.465615835425893,2.3715111862447884],[31.469442569078613,2.3977095935595116],[31.474741123366982,2.4083067021362297],[31.47444675923984,2.358853528778127],[31.46797074844295,2.335893126861862],[31.450603264942174,2.3261791106665157],[31.432352689060025,2.3211749205052574],[31.412041564287932,2.3094003554199958],[31.37848405379492,2.28467376874093],[31.37259677125229,2.279375214452557],[31.366120760455406,2.2714273830200113]]]}},{"type":"Feature","properties":{"name":"Lake Malawi","name_ar":"بحيرة ملاوي","name_fr":"Malawi","scalerank":0},"geometry":{"bbox":[33.899712802677705,-14.401356777717751,35.28793402623063,-9.477456562999862],"type":"Polygon","coordinates":[[[35.22464573889732,-14.384578022471205],[35.22258519000741,-14.380751288818487],[35.17460383728496,-14.339834675147246],[35.1557645331485,-14.310692626561206],[35.14369560393624,-14.297151876713144],[35.12691684868969,-14.291558958297628],[35.12279575090986,-14.285377311627826],[35.09806916423071,-14.256823991296017],[35.09218188168814,-14.247109975100784],[35.08423405025553,-14.218556654768975],[35.06510038199207,-14.186176600784506],[35.04066815944009,-14.164982383631013],[35.01770775752385,-14.168514753156614],[35.012997931489565,-14.162921834741098],[35.00122336640436,-14.153207818545754],[34.996513540370245,-14.147320536003065],[34.96413348638589,-14.155268367435667],[34.941761812723826,-14.127598139485258],[34.93322525303694,-14.086092797559672],[34.94205617685088,-14.051652194685175],[34.92851542700288,-14.0437043632528],[34.90643811746804,-14.021332689590679],[34.89348609587433,-14.011029945141104],[34.863166590779656,-14.00249338545433],[34.84403292251619,-14.015445407048048],[34.84020618886342,-14.041055086108544],[34.85610185172851,-14.069608406440352],[34.86257786252543,-14.093451900738046],[34.84491601489748,-14.117001030908568],[34.821955612981185,-14.141433253460434],[34.81224159678584,-14.168514753156614],[34.8166570586929,-14.177640041097618],[34.82460489012533,-14.187942785547307],[34.830786536795074,-14.197951165869767],[34.82902035203239,-14.206193361429428],[34.817834515201355,-14.21325810048063],[34.813713417421525,-14.217967926514689],[34.81224159678584,-14.22650448620152],[34.80576558598909,-14.237984687159667],[34.790164287251,-14.247698703355013],[34.771913711368825,-14.254469078278987],[34.75748986913942,-14.257118355423245],[34.74159420627433,-14.262122545584418],[34.72510981515484,-14.270953469398421],[34.709214152289746,-14.274780203051137],[34.69479031006034,-14.264771822728676],[34.69272976117043,-14.250053616372043],[34.698028315458714,-14.23710159477821],[34.69861704371317,-14.224149573184492],[34.68183828846662,-14.2094313668278],[34.66417644083867,-14.20324972015817],[34.64886950622781,-14.201777899522483],[34.63415129987118,-14.19765680174254],[34.6167838163704,-14.18529350840305],[34.609130349065026,-14.17469639982636],[34.60118251763254,-14.159683829342555],[34.59500087096279,-14.14349380235035],[34.592645957945706,-14.130247416629402],[34.58675867540297,-14.119650308052712],[34.55114061602018,-14.079028058508584],[34.54613642585889,-14.064898580406181],[34.52906330648517,-13.978649891156692],[34.53406749664646,-13.953040212096198],[34.54996315951155,-13.93155163081559],[34.57586720269916,-13.90447013111941],[34.58263757762313,-13.892989930161264],[34.60000506112391,-13.846480398074561],[34.59882760461545,-13.838532566642016],[34.59176286556425,-13.822048175522525],[34.592645957945706,-13.812334159327293],[34.598238876361165,-13.804975056148976],[34.61531199573477,-13.792023034555143],[34.620316185896,-13.784369567249655],[34.62237673478592,-13.76582462724042],[34.618844365260315,-13.75169514913813],[34.618844365260315,-13.737860035162953],[34.63003020209135,-13.719609459280832],[34.63474002812541,-13.703419432288571],[34.623259827167374,-13.689878682440508],[34.60765852842934,-13.678398481482361],[34.60000506112391,-13.668095737032786],[34.594117778581335,-13.654260623057553],[34.564681365868125,-13.628356579870001],[34.55114061602018,-13.613638373513368],[34.53818859442629,-13.5856737814359],[34.53053512712086,-13.573899216350583],[34.51728874139991,-13.565068292536694],[34.501687442662046,-13.563596471901008],[34.4704848451861,-13.575076672859154],[34.45193990517669,-13.578314678257527],[34.43810479120151,-13.574193580477697],[34.428390775006164,-13.564185200155237],[34.420148579446504,-13.551821906815746],[34.40072054705587,-13.52915586902651],[34.37952632990227,-13.483823793448266],[34.325068966382844,-13.395808919435922],[34.31241130891635,-13.363134501324282],[34.30887893939075,-13.32987135495847],[34.32153659685747,-13.301612398753775],[34.34302517813802,-13.271881621913453],[34.34802936829931,-13.243917029835984],[34.33860971623102,-13.174741459960046],[34.336843531468105,-13.012252461783362],[34.325068966382844,-12.961916196043887],[34.32654078701854,-12.944843076670224],[34.33419425432413,-12.915112299829957],[34.33125061305282,-12.900982821727666],[34.328306971781444,-12.910991202050127],[34.323008417493156,-12.92247140300816],[34.315649314314726,-12.92835868555079],[34.307995847009295,-12.921588310626817],[34.305640933992215,-12.90951938141444],[34.311822580662124,-12.886264615370976],[34.311233852407895,-12.873312593777259],[34.30004801557686,-12.855650746149195],[34.2697285104822,-12.829157974707528],[34.26354686381245,-12.80825812168115],[34.27708761366057,-12.759688040704361],[34.27591015715194,-12.738199459423754],[34.23823154887907,-12.722009432431548],[34.22292461426821,-12.704641948930714],[34.20202476124183,-12.667552068912073],[34.18642346250397,-12.621631265079714],[34.18200800059691,-12.596315950146392],[34.18171363646991,-12.57158936346724],[34.18465727774128,-12.546862776788148],[34.18907273964811,-12.537737488847142],[34.19849239171623,-12.527140380270398],[34.2049684025132,-12.517720728202221],[34.2055571307676,-12.508595440261047],[34.20202476124183,-12.486223766599096],[34.171116527893105,-12.397031436078237],[34.14786176184964,-12.382313229721547],[34.12813936533195,-12.382313229721547],[34.108416968814026,-12.385551235120033],[34.08545656689779,-12.380252680831747],[34.087517115787705,-12.372599213526314],[34.08604529515202,-12.363179561458082],[34.08074674086373,-12.355526094152651],[34.062790529108725,-12.348461355101449],[34.059552523710124,-12.339336067160389],[34.058963795455895,-12.328150230329356],[34.05749197482021,-12.31843621413401],[34.03953576306526,-12.270454861411622],[34.03041047512414,-12.205694753442629],[34.030116110997085,-12.18803290581468],[34.041890676082346,-12.139462824838006],[34.045717409735005,-12.107377134980595],[34.05749197482021,-12.05762959749535],[34.062496164981496,-12.01936226096825],[34.06897217577847,-12.001994777467475],[34.08162983324513,-11.985804750475268],[34.195254386317856,-11.899850425352724],[34.182891092978366,-11.879539300580689],[34.182891092978366,-11.85039725199465],[34.190838924410855,-11.820372111027211],[34.20202476124183,-11.79800043736526],[34.21173877743735,-11.788875149424143],[34.23528790760787,-11.775334399576025],[34.2464737444389,-11.766797839889307],[34.25000611396433,-11.761499285600962],[34.253538483489876,-11.749135992261358],[34.257365217142706,-11.742954345591613],[34.26384122793968,-11.736772698921868],[34.27473270064348,-11.730591052252123],[34.315649314314726,-11.692323715725026],[34.324185874001614,-11.67230695507999],[34.325068966382844,-11.639926901095578],[34.319770412094556,-11.613139765526512],[34.314766221933276,-11.599010287424221],[34.307995847009295,-11.589001907101762],[34.303286020975236,-11.578699162652129],[34.303580385102464,-11.54955711406609],[34.28415235271177,-11.478615359427351],[34.27738197778763,-11.353510605396423],[34.257365217142706,-11.296698328859975],[34.24853429332882,-11.286984312664629],[34.2394090053877,-11.280802665994884],[34.2323442663365,-11.27226610630811],[34.22940062506518,-11.256370443442961],[34.232049902209326,-11.231349492636753],[34.23175553808227,-11.221046748187177],[34.22616261966675,-11.211627096118946],[34.21497678283578,-11.185723052931337],[34.22204152188693,-11.160407737998014],[34.249711749837275,-11.112132021148454],[34.23558227173493,-11.093292717011991],[34.229106260938124,-11.060323934773294],[34.232932994590726,-10.934336088360908],[34.21585987521718,-10.741821949216842],[34.20202476124183,-10.687658949824538],[34.20261348949629,-10.672057651086561],[34.20879513616603,-10.637617048212235],[34.2090895002932,-10.625548118999859],[34.20084730473337,-10.608769363753254],[34.18907273964811,-10.593462429142505],[34.183185457105594,-10.577861130404472],[34.191427652665254,-10.560493646903694],[34.19849239171623,-10.554017636106835],[34.22263025014115,-10.53988815800443],[34.22940062506518,-10.532823418953342],[34.228811896810896,-10.525464315775025],[34.224985163158294,-10.51751648434248],[34.22263025014115,-10.508979924655705],[34.220864065378464,-10.47748296305258],[34.22645698379381,-10.468357675111463],[34.2432357390403,-10.454228197009172],[34.25177229872719,-10.450990191610742],[34.258542673651164,-10.452462012246315],[34.26472432032108,-10.451284555737857],[34.270905966990824,-10.440687447161167],[34.26884541810091,-10.437743805889795],[34.257365217142706,-10.412722855083587],[34.24706247269313,-10.377987888082089],[34.23911464126047,-10.364152774106913],[34.203496581877516,-10.323824888689785],[34.19260510917371,-10.308223589951922],[34.18789528313965,-10.293211019468174],[34.18112490821568,-10.279081541365713],[34.16493488122336,-10.264952063263422],[34.133437919620235,-10.241991661347242],[34.07780309959236,-10.186651205446537],[33.99538114399559,-10.068905554593755],[33.96623909540955,-10.001790533607846],[33.955053258578516,-9.933498056113308],[33.955053258578516,-9.899351817365869],[33.95269834556143,-9.889637801170636],[33.946516698891685,-9.88669415989932],[33.938568867459026,-9.88581106751792],[33.930915400153594,-9.881984333865262],[33.90736626998313,-9.827232606218729],[33.899712802677705,-9.758057036342791],[33.90442262871193,-9.725382618231095],[33.9118624260002,-9.717958678999935],[33.92829553200011,-9.700285338999947],[33.92829553200011,-9.693464050999864],[33.943074992000106,-9.683852233999858],[33.95134322100006,-9.673620299999868],[33.954857218000086,-9.660597838999934],[33.95558068899999,-9.64230438199985],[33.9626086840002,-9.612125345999857],[33.964469035000036,-9.594658711999898],[33.945865519000165,-9.550010273999874],[33.960748332000094,-9.524895527999888],[33.98431278500004,-9.505568542999924],[33.996508423000144,-9.491822610999805],[34.0127348220002,-9.477456562999862],[34.04746138500013,-9.489962259999801],[34.0784906880001,-9.510185830999944],[34.08931929600004,-9.522208353999872],[34.10316857900011,-9.529856465999899],[34.13706831800005,-9.570577493999906],[34.14461307800008,-9.574918313999888],[34.16187300600012,-9.593625182999858],[34.19025019615657,-9.606459510869911],[34.288066853000146,-9.70845021599996],[34.31793583100006,-9.719198912999957],[34.324240356000075,-9.732428079999863],[34.326720826000155,-9.750308125999936],[34.33168176300018,-9.769221699999946],[34.33746952300015,-9.77717986999994],[34.359690389000036,-9.799917500999811],[34.36423791500005,-9.802397968999855],[34.38232466700015,-9.819657897999889],[34.38346154800013,-9.823792012999888],[34.4833004150002,-9.94616180399993],[34.49466923000017,-9.966729023999903],[34.524744914000166,-10.008793639999853],[34.53642378700005,-10.043003437999857],[34.53776737500016,-10.053855488999886],[34.535700318000124,-10.065327656999898],[34.5268119710002,-10.084861347999833],[34.524744914000166,-10.094783222999922],[34.53239302600019,-10.128889668999875],[34.565569296000035,-10.202683613999852],[34.57507775900012,-10.255806985999868],[34.58344934000007,-10.277614440999912],[34.585619751000195,-10.290016783999876],[34.58530969200018,-10.300662128999875],[34.56505253100016,-10.40980275499993],[34.56949670400013,-10.431403503999888],[34.58872033700004,-10.463132832999918],[34.59295780400009,-10.481736347999856],[34.59078739500018,-10.491244811999934],[34.58148563700007,-10.513672383999904],[34.579418579000105,-10.526488137999934],[34.58107222500013,-10.539717304999897],[34.585723104000124,-10.553566588999956],[34.592337687,-10.566692402999934],[34.600399211000195,-10.578061217999903],[34.608874146000176,-10.581988626999873],[34.61755578600014,-10.581471862999877],[34.624377075000105,-10.583435566999867],[34.62716760300009,-10.595114439999863],[34.626340780000135,-10.614338072999885],[34.629027954000094,-10.620229186999893],[34.65052535000012,-10.645343932999822],[34.66003381400009,-10.6654977419999],[34.66086063700005,-10.687305195999897],[34.647631470000135,-10.708389179999926],[34.653935995000154,-10.717587584999933],[34.655692993000066,-10.722031758999947],[34.65993046100016,-10.72771616599988],[34.66644169100016,-10.732367044999878],[34.67243615700016,-10.739498392999907],[34.67501997800019,-10.752417500999911],[34.662824341000146,-10.761409199999946],[34.65672652200004,-10.76988413499987],[34.66055057700015,-10.796032409999953],[34.647631470000135,-10.858560892999947],[34.647631470000135,-10.9028992719999],[34.645461060000116,-10.913234557999886],[34.62706425000016,-10.954058938999879],[34.597918741000115,-10.99095591199989],[34.59295780400009,-11.016174011999851],[34.59729862500018,-11.0366378789999],[34.61063114400008,-11.077668965999862],[34.61352502400007,-11.102163594999922],[34.6210697840001,-11.11973358099988],[34.66871545400005,-11.160144551999906],[34.67398645100019,-11.169963073999952],[34.67708703600016,-11.178748066999844],[34.6818412680002,-11.185052591999863],[34.699928019000026,-11.189496764999944],[34.707886190000124,-11.194974466999952],[34.71408736200016,-11.202725930999861],[34.716567831000134,-11.211717630999885],[34.719771769000204,-11.234558613999923],[34.72834782055338,-11.253721166298817],[34.7412998421471,-11.268439372655394],[34.75749556500011,-11.277553404999878],[34.75749556500011,-11.283754576999854],[34.75160445200015,-11.287061868999956],[34.74302616400007,-11.293676452999875],[34.73703169800001,-11.296777037999902],[34.7591492100002,-11.337498066999956],[34.76555708800015,-11.345146178999869],[34.772171672000184,-11.344422708999957],[34.784884073000114,-11.333467305999875],[34.792325480000045,-11.330883483999855],[34.80049035600007,-11.33191701199985],[34.84369185400004,-11.34628305999985],[34.867876424000144,-11.358788756999957],[34.88658329300017,-11.37542856799979],[34.8941280520001,-11.395995788999869],[34.89790155778121,-11.403258142881668],[34.91707238800012,-11.41883677099986],[34.925650675000156,-11.44591522199994],[34.93505578600019,-11.456457214999887],[34.94446089700011,-11.464415384999882],[34.94869836400011,-11.47175343799995],[34.95097212700006,-11.477747903999898],[34.95572635900015,-11.486739603999922],[34.960687296000174,-11.498521830999834],[34.96296105900012,-11.513094583999873],[34.96296105900012,-11.56487436999987],[34.96461470600008,-11.57355600999989],[34.966782763530034,-11.670540770317189],[34.95765747558892,-11.71528411764126],[34.955596926699,-11.739421976066012],[34.958540567970374,-11.788875149424143],[34.95589129082623,-11.813601736103237],[34.90790993810373,-11.913685539327957],[34.887598813331635,-12.005821511120189],[34.8693482374494,-12.042617027011715],[34.826076710761185,-12.05762959749535],[34.81930633583704,-12.062633787656637],[34.81047541202315,-12.088243466717074],[34.804882493607636,-12.098546211166706],[34.79693466217503,-12.10296167307365],[34.775446080894426,-12.110320776251967],[34.767792613588995,-12.115913694667483],[34.75013076596122,-12.135341727058176],[34.71127470117983,-12.168899237551102],[34.69479031006034,-12.18803290581468],[34.710391608798375,-12.208049666459601],[34.71598452721389,-12.236602986791468],[34.713629614196805,-12.26662812775885],[34.70008886434863,-12.318141850006896],[34.708331059908296,-12.379075224323175],[34.709214152289746,-12.407039816400697],[34.705681782764145,-12.412338370688929],[34.69184666878897,-12.421758022757217],[34.688608663390596,-12.427350941172733],[34.69066921228051,-12.435004408478164],[34.70008886434863,-12.447367701817655],[34.705681782764145,-12.469739375479605],[34.71981126086655,-12.49299414152307],[34.72304926626509,-12.502119429464189],[34.726875999917695,-12.509184168515391],[34.75366313548659,-12.544213499644002],[34.76543770057185,-12.566585173306066],[34.76926443422468,-12.5780653742641],[34.77367989613168,-12.607796151104424],[34.78162772756417,-12.618393259681227],[34.79045865137823,-12.627812911749345],[34.79870084693789,-12.639881840961834],[34.81224159678584,-12.694927932735482],[34.81871760758281,-12.701109579405227],[34.82313306948964,-12.706702497820743],[34.825487982506786,-12.714944693380403],[34.8240161618711,-12.720243247668748],[34.81812887932858,-12.737610731169525],[34.79634593392075,-12.77823298071371],[34.78810373836109,-12.787652632781885],[34.78398264058126,-12.797955377231574],[34.77750662978434,-12.845936729954019],[34.76043351041079,-12.881849153464032],[34.75690114088519,-12.89362371854935],[34.754840591995276,-12.921882674753931],[34.75660677675796,-12.943076891907426],[34.76337715168194,-12.96338801667946],[34.80635431424332,-13.048459249420546],[34.81577396631144,-13.084666037057787],[34.80870922726024,-13.109686987863938],[34.797229026302205,-13.136474123433006],[34.80105575995486,-13.172680911070131],[34.80929795551452,-13.209182062834488],[34.81224159678584,-13.236263562530553],[34.79457974915806,-13.28071254572751],[34.79163610788669,-13.298080029228174],[34.79457974915806,-13.315741876856066],[34.801938852336264,-13.328693898449899],[34.826076710761185,-13.353126121001823],[34.85933985712688,-13.3740259740282],[34.862872226652485,-13.382856897842203],[34.862283498398256,-13.389038544511948],[34.86022294950834,-13.394337098800236],[34.85933985712688,-13.40051874546998],[34.86611023205103,-13.470283043600261],[34.86463841141534,-13.488827983609553],[34.854924395219996,-13.521502401721193],[34.85256948220291,-13.53739806458617],[34.85933985712688,-13.602746900809393],[34.85227511807586,-13.666918280524214],[34.85727930823714,-13.69311668783888],[34.879945346026204,-13.716077089755231],[34.89878465016267,-13.724908013569065],[34.913502856519244,-13.72667419833192],[35.017119029269395,-13.723436192933491],[35.05479763754249,-13.730500931984636],[35.06892711564467,-13.749340236121101],[35.074225669933185,-13.777599192325738],[35.08600023501839,-13.812334159327293],[35.09718607184942,-13.828229822192384],[35.10984372931597,-13.84294802854896],[35.11337609884157,-13.849424039345763],[35.1145535553502,-13.86620279459237],[35.12161829440123,-13.888868832381435],[35.124856299799774,-13.908002500645068],[35.12691684868969,-13.942443103519508],[35.13457031599512,-13.970996423851261],[35.170188375378075,-14.024865059116282],[35.18137421220911,-14.051652194685175],[35.18078548395471,-14.067253493423324],[35.17754747855628,-14.083737884542643],[35.17666438617488,-14.100516639789078],[35.18490658173454,-14.117001030908568],[35.21640354333766,-14.164688019503842],[35.22052464111749,-14.200600443013911],[35.23053302144001,-14.23062558398135],[35.27174399923848,-14.312458811323893],[35.28793402623063,-14.336302305621643],[35.28793402623063,-14.346310685944106],[35.282341107815114,-14.363678169444825],[35.27468764050968,-14.380162560564258],[35.26762290145848,-14.387521663742461],[35.25996943415305,-14.39017094088672],[35.24525122779664,-14.400473685336292],[35.236125939855526,-14.401356777717751],[35.23112174969424,-14.397530044065036],[35.22729501604147,-14.391054033268064],[35.22464573889732,-14.384578022471205]],[[34.71068597292543,-12.066166157182238],[34.70244377736577,-12.077940722267499],[34.708331059908296,-12.083828004810018],[34.717750711976635,-12.09059837973416],[34.72893654880761,-12.093542021005419],[34.73982802151147,-12.08883219497136],[34.74424348341847,-12.076174537504698],[34.7404167497657,-12.06351688003798],[34.7410054780201,-12.052331043206948],[34.75690114088519,-12.043794483520173],[34.72893654880761,-12.030253733672112],[34.718339440230864,-12.03879029335883],[34.71068597292543,-12.066166157182238]]]}},{"type":"Feature","properties":{"name":"Lake Tanganyika","name_ar":"بحيرة تنجانيقا","name_fr":"Tanganyika","scalerank":0},"geometry":{"bbox":[29.04182161262372,-8.80107925903772,31.199805028626002,-3.3329712334398494],"type":"Polygon","coordinates":[[[30.80977256017653,-8.58472162559596],[30.802707821125384,-8.5729470605107],[30.79505435381995,-8.559700674789752],[30.77650941381066,-8.557640125899837],[30.753843376021536,-8.559111946535495],[30.734415343630843,-8.556462669391323],[30.72587878394401,-8.549692294467292],[30.722052050291293,-8.542333191289003],[30.719402773147124,-8.534974088110715],[30.714398582985893,-8.528203713186684],[30.703212746154893,-8.525554436042484],[30.692026909323886,-8.527026256678141],[30.68319598550991,-8.524965707788226],[30.67966361598434,-8.511130593813052],[30.684667806145573,-8.491996925549474],[30.684373442018455,-8.48434345824407],[30.676131246458766,-8.481105452845611],[30.654348301051012,-8.481399816972754],[30.645223013109927,-8.483166001735526],[30.63815827405878,-8.486698371261099],[30.63786390993164,-8.4884645560239],[30.631976627389008,-8.50112221349056],[30.644339920728555,-8.504948947143276],[30.6496384750169,-8.504360218889019],[30.65788067057659,-8.50112221349056],[30.64345682834716,-8.524082615406826],[30.624323160083573,-8.543216283670404],[30.603423307057227,-8.558228854154095],[30.583406546412277,-8.569414690985099],[30.561329236877416,-8.578245614799073],[30.548082851156494,-8.581777984324646],[30.53189282416423,-8.58295544083316],[30.529537911147198,-8.57795125067193],[30.541018112105323,-8.566765413840926],[30.5575025032247,-8.554990848755665],[30.569865796564216,-8.548809202085891],[30.565155970530125,-8.539095185890545],[30.562212329258813,-8.53526845223783],[30.573986894344074,-8.515840419847137],[30.566922155292904,-8.502299669999104],[30.549849035919266,-8.497589843964988],[30.512170427646424,-8.514074235084367],[30.487443840967362,-8.516723512228538],[30.470370721593724,-8.508481316668849],[30.47360872699218,-8.486698371261099],[30.446232863168916,-8.466681610616149],[30.44211176538909,-8.43341846425028],[30.451825781584436,-8.396034220104553],[30.46683835206815,-8.364537258501457],[30.4868551127131,-8.341282492458078],[30.514525340663482,-8.323326280703043],[30.543961753376635,-8.310374259109238],[30.569865796564216,-8.30301515593095],[30.560740508623155,-8.290651862591433],[30.561329236877416,-8.280054754014685],[30.566039062911532,-8.26857455305654],[30.569865796564216,-8.254739439081362],[30.569865796564216,-8.202931352706173],[30.57457562259833,-8.17761603777285],[30.582523454030905,-8.1584823695093],[30.584289638793678,-8.140231793627123],[30.569865796564216,-8.117565755838003],[30.548965943537894,-8.098137723447309],[30.542489932740978,-8.089601163760477],[30.514819704790593,-8.038970533893831],[30.497452221289844,-8.026901604681456],[30.474491819373586,-8.018365044994624],[30.45241450983869,-8.015127039596166],[30.456829971745663,-8.004824295146562],[30.460067977144124,-8.000703197366732],[30.418562635218567,-7.959786583695433],[30.414441537438705,-7.952427480517144],[30.412969716803048,-7.945951469720229],[30.41032043965888,-7.9412416436861415],[30.401489515844904,-7.939181094796197],[30.39354168441235,-7.938886730669083],[30.38618258123407,-7.937414910033425],[30.380884026945694,-7.93447126876211],[30.37146437487749,-7.906801040811729],[30.353213798995313,-7.890022285565209],[30.32878157644339,-7.88178009000552],[30.302877533255813,-7.884723731276836],[30.276384761813947,-7.849400036021053],[30.268731294508544,-7.836153650300134],[30.266082017364337,-7.823790356960586],[30.265787653237226,-7.796414493137349],[30.261372191330256,-7.781696286780771],[30.26696510974574,-7.765211895661396],[30.26372710434728,-7.745195135016445],[30.255484908787594,-7.727533287388525],[30.232230142744214,-7.711048896269176],[30.199555724632607,-7.600956712721911],[30.198672632251203,-7.577996310805645],[30.218395028769013,-7.542966979676976],[30.216628844006237,-7.52236149077777],[30.206914827810888,-7.4793843282165255],[30.205737371302348,-7.460250659952977],[30.203971186539576,-7.450831007884773],[30.187781159547313,-7.404910204052214],[30.183071333513222,-7.3689977805421725],[30.175123502080652,-7.348981019897195],[30.152163100164387,-7.3092418627344395],[30.12802524173961,-7.248602852545304],[30.11389576363726,-7.230057912536012],[29.974661531503983,-7.110840441047685],[29.956410955621838,-7.103186973742254],[29.946696939426488,-7.101126424852339],[29.926680178781538,-7.0917067727841365],[29.91490561369628,-7.089646223894221],[29.90254232035673,-7.088763131512821],[29.881348103203266,-7.08523076198722],[29.825124554921103,-7.068157642613586],[29.789506495538177,-7.047257789587235],[29.76213063171494,-7.02017628989114],[29.722097110425008,-6.958065459066347],[29.67764812722814,-6.910672834598159],[29.648211714514986,-6.85386055806174],[29.638203334192497,-6.8391423517051635],[29.62554567672584,-6.827367786619902],[29.54901100367161,-6.77114423833774],[29.498674737932078,-6.7028517608432026],[29.493670547770844,-6.689016646867998],[29.491609998880932,-6.666056244951733],[29.473653787125897,-6.609832696669599],[29.49043254237239,-6.568916082998271],[29.4857227163383,-6.545661316954892],[29.484250895702647,-6.527410741072714],[29.48719453697396,-6.513575627097538],[29.442451189649947,-6.517991089004511],[29.418018967097996,-6.482373029621584],[29.391820559783298,-6.389942693702238],[29.365916516595693,-6.3325416889115616],[29.36679960897709,-6.321355852080558],[29.351198310239113,-6.310464379376668],[29.340012473408105,-6.286326520951889],[29.332947734356967,-6.258656293001508],[29.326177359432933,-6.208614391389119],[29.322350625780214,-6.198900375193773],[29.313814066093382,-6.18948072312557],[29.304100049898043,-6.185065261218597],[29.29409166957558,-6.181532891692996],[29.284966381634494,-6.175056880896108],[29.278490370837602,-6.167992141844962],[29.275546729566287,-6.1612217669209315],[29.274663637184883,-6.153273935488357],[29.274663637184883,-6.140910642148839],[29.27260308829497,-6.1258980716651195],[29.26671580575234,-6.1194220608682315],[29.25817924606551,-6.115889691342659],[29.211375349851583,-6.090280012282193],[29.197834600003517,-6.07821108306979],[29.192536045715144,-6.05819432242484],[29.185765670791113,-5.9795991004806694],[29.18782621968103,-5.944864133479143],[29.186354399045367,-5.930145927122567],[29.178995295867086,-5.91778263378302],[29.23551320827636,-5.890112405832667],[29.31175351720347,-5.82682411849936],[29.32058444101742,-5.8159326457954705],[29.32912100070425,-5.800920075311751],[29.34619412007788,-5.759414733386194],[29.356791228654632,-5.74646271179239],[29.350020853730598,-5.747934532428047],[29.34501666356934,-5.747640168300933],[29.340601201662366,-5.746757075919533],[29.335302647374025,-5.74646271179239],[29.34943212547634,-5.72732904352884],[29.344427935315085,-5.707901011138148],[29.336185739755397,-5.690239163510256],[29.342073022298027,-5.665218212704048],[29.331181549594163,-5.64284653904204],[29.332064641975563,-5.6337212511009795],[29.344133571187967,-5.6257734196684055],[29.351492674366256,-5.6301888815753784],[29.358851777544547,-5.636959256499409],[29.370037614375548,-5.637253620626553],[29.37268689151972,-5.609583392676171],[29.257884881938367,-5.41059324273516],[29.248759593997306,-5.404117231938272],[29.177229111104307,-5.291964499501091],[29.14484905711981,-5.211308728667035],[29.127187209491918,-5.130064229578693],[29.11776755742369,-5.121822034019004],[29.10746481297409,-5.1026883657554265],[29.099516981541544,-5.082082876856219],[29.096278976143083,-5.0679533987539],[29.10157753043146,-5.0523521000159235],[29.111291546626806,-5.032335339370974],[29.11776755742369,-5.012024214598881],[29.113646459643864,-4.9961285517337615],[29.105698628211318,-4.97934979648727],[29.098928253287283,-4.770351266223798],[29.11276336726246,-4.614632642971145],[29.118945013932233,-4.597853887724625],[29.138078682195783,-4.568417475011472],[29.143671600611302,-4.550461263256437],[29.14867579077253,-4.513371383237825],[29.158389806967875,-4.500124997516907],[29.173991105705852,-4.500713725771163],[29.18959240444383,-4.511605198475053],[29.20136696952909,-4.516020660382026],[29.206076795563206,-4.49629826386419],[29.199895148893432,-4.437425438437856],[29.199895148893432,-4.416819949538649],[29.20401624667329,-4.3985693736565],[29.217556996521356,-4.3700160533247185],[29.259356702574024,-4.1192178170085185],[29.240517398437618,-4.047098605861265],[29.2340413876407,-4.047098605861265],[29.213435898741494,-4.125693827805436],[29.192830409842287,-4.169259718620907],[29.181350208884144,-4.227838179920127],[29.168398187290364,-4.249326761200734],[29.158095442840732,-4.271109706608485],[29.151619432043848,-4.3305712602890765],[29.138078682195783,-4.348527472044111],[29.126598481237664,-4.347644379662711],[29.113057731389603,-4.340579640611537],[29.100694438050052,-4.331159988543334],[29.09333533487177,-4.324389613619303],[29.083915682803568,-4.319385423458073],[29.04182161262372,-4.307022130118526],[29.048591987547752,-4.307022130118526],[29.05359617770901,-4.284061728202261],[29.068314384065587,-4.259629505650338],[29.08597623169348,-4.239907109132503],[29.1001057097958,-4.231959277699957],[29.104815535829914,-4.224011446267411],[29.10628735646557,-4.206643962766634],[29.10363807932137,-4.176618821799195],[29.099516981541544,-4.16955408274805],[29.086270595820626,-4.158073881789903],[29.08273822629505,-4.149831686230215],[29.083915682803568,-4.141883854797669],[29.093924063126025,-4.12687128431395],[29.096278976143083,-4.118629088754261],[29.08862550883768,-4.04091695919152],[29.09009732947334,-4.019722742038027],[29.102166258685713,-3.987048323926416],[29.104815535829914,-3.938772607076828],[29.10275498694,-3.925526221355881],[29.096278976143083,-3.917284025796192],[29.104815535829914,-3.898444721659786],[29.105109899957032,-3.867536488310947],[29.124243568220606,-3.830446608292363],[29.11776755742369,-3.8127847606644703],[29.104815535829914,-3.795122913036551],[29.096278976143083,-3.773339967628829],[29.10040007392294,-3.755383755873794],[29.124832296474864,-3.7215318812536395],[29.13042521489038,-3.7003376641001746],[29.133663220288813,-3.6950391098118023],[29.151619432043848,-3.6800265393280824],[29.13454631267021,-3.426873389994853],[29.142494144102756,-3.3838962274336097],[29.165160181891903,-3.350633081067741],[29.206076795563206,-3.334443054075507],[29.253175055904283,-3.3329712334398494],[29.296740946719755,-3.340624700745252],[29.32912100070425,-3.362113282025888],[29.343250478806567,-3.403324259824302],[29.336774468009676,-3.762742859052082],[29.370037614375548,-3.855173194971428],[29.37327561977401,-3.8872588848287823],[29.377396717553836,-3.897267265151242],[29.38681636962204,-3.9066869172194747],[29.398002206453047,-3.913457292143505],[29.407421858521275,-3.921405123576051],[29.41595841820808,-3.945837346127974],[29.434797722344513,-3.964971014391523],[29.438918820124343,-3.9752737588411553],[29.43715263536157,-3.9858708674178733],[29.433325901708855,-3.9938186988504474],[29.430676624564686,-4.0020608944101355],[29.43214844520034,-4.012952367113996],[29.43715263536157,-4.022077655055085],[29.45952430902358,-4.053280252531039],[29.469532689346043,-4.0732970131759885],[29.474831243634412,-4.08183357286282],[29.48366216744836,-4.091253224931023],[29.493964911897987,-4.106560159541857],[29.496908553169305,-4.123338914788377],[29.497202917296416,-4.142178218924812],[29.501029650949135,-4.163078071951162],[29.51044930301734,-4.176324457672081],[29.524284416992547,-4.187215930375942],[29.53635334620495,-4.2007566802240035],[29.541946264620435,-4.2216565332503535],[29.545184270018893,-4.243733842785218],[29.553720829705696,-4.266399880574369],[29.591399437978563,-4.329393803780533],[29.606117644335143,-4.346172559027054],[29.64144133959095,-4.379435705392922],[29.65439336118473,-4.399158101910757],[29.656748274201785,-4.4203523190642215],[29.649683535150647,-4.509544649585138],[29.60258527480957,-4.760637250028452],[29.601996546555316,-4.832167732921448],[29.603468367190967,-4.842176113243909],[29.6084725573522,-4.850418308803597],[29.61583166053049,-4.858660504363286],[29.621424578945977,-4.866313971668717],[29.620835850691716,-4.872789982465605],[29.593165622741342,-4.8975165691446705],[29.593165622741342,-4.904286944068701],[29.611121834496377,-4.910468590738446],[29.64173570371807,-4.913412232009762],[29.651744084040562,-4.916650237408221],[29.66440174150722,-4.923714976459394],[29.670583388176993,-4.931074079637682],[29.674998850083966,-4.939021911070228],[29.682652317389373,-4.948441563138431],[29.689717056440543,-4.952268296791146],[29.716209827882377,-4.96345413362215],[29.735932224400216,-4.969047052037666],[29.745646240595562,-4.977583611724469],[29.761836267587796,-4.999072193005105],[29.76566300124051,-5.000838377767877],[29.771255919656,-5.000544013640763],[29.77684883807152,-5.00113274189502],[29.78155866410563,-5.006431296183393],[29.781853028232746,-5.012318578726024],[29.779498115215688,-5.018500225395769],[29.775377017435858,-5.026448056828343],[29.78155866410563,-5.044698632710493],[29.80569652253041,-5.075901230186446],[29.816293631107154,-5.097095447339939],[29.822475277776928,-5.120350213383347],[29.82306400603119,-5.143604979426755],[29.820709093014134,-5.155085180384873],[29.816882359361415,-5.160972462927504],[29.8130556257087,-5.164799196580219],[29.809523256183127,-5.170392114995735],[29.80716834316607,-5.171863935631393],[29.803341609513353,-5.171863935631393],[29.799220511733523,-5.172747028012765],[29.79568814220795,-5.177162489919739],[29.79568814220795,-5.183638500716654],[29.800692332369184,-5.184521593098054],[29.806579614911815,-5.1842272289709115],[29.809523256183127,-5.187759598496484],[29.81128944094593,-5.198945435327488],[29.813938718090096,-5.206304538505776],[29.813644353962953,-5.212780549302693],[29.805990886657554,-5.221905837243753],[29.79980923998778,-5.2333860382019],[29.806579614911815,-5.253697162973992],[29.80245851713198,-5.266649184567769],[29.795099413953665,-5.262528086787938],[29.791861408555235,-5.261939358533681],[29.788917767283923,-5.263999907423596],[29.78155866410563,-5.266649184567769],[29.7842079412498,-5.279012477907315],[29.78567976188546,-5.303150336332095],[29.7842079412498,-5.328760015392561],[29.77832065870717,-5.345833134766195],[29.76536863711337,-5.363200618266973],[29.753299707900965,-5.38557229192898],[29.744763148214165,-5.409121422099503],[29.741230778688593,-5.431198731634396],[29.750061702502535,-5.463578785618864],[29.770372827274628,-5.491543377696388],[29.816293631107154,-5.53422617613046],[29.836016027624968,-5.559835855190926],[29.943164569900915,-5.796210249277665],[29.95287858609626,-5.841836688983051],[29.952289857841976,-5.861853449628029],[29.94581384704509,-5.89864896551947],[29.946108211172234,-5.91778263378302],[29.92226471687457,-5.922786823944279],[29.89959867908541,-5.93544448141094],[29.83424984286219,-5.996377855727189],[29.826596375556765,-6.000204589379905],[29.8157049028529,-5.997555312235704],[29.798631783479262,-5.986663839531843],[29.788917767283923,-5.986075111277586],[29.771255919656,-5.997555312235704],[29.75123915901105,-6.019926985897712],[29.734460403764558,-6.04494793670392],[29.727690028840527,-6.06496469734887],[29.72533511582347,-6.12854734880932],[29.7321054907475,-6.195662369795315],[29.728278757094785,-6.218622771711608],[29.71679855613664,-6.236578983466643],[29.711794365975408,-6.246587363789104],[29.716504192009523,-6.256890108238707],[29.72680693645913,-6.264543575544138],[29.750356066629653,-6.271313950468169],[29.757420805680823,-6.280144874282115],[29.76801791425757,-6.301339091435608],[29.856621516524203,-6.411136910855703],[29.904897233373788,-6.4520535245270025],[29.940220928629603,-6.470009736282037],[29.952289857841976,-6.483844850257242],[29.95287858609626,-6.507393980427764],[30.029707623277602,-6.46529991024795],[30.07209605758459,-6.453230981035547],[30.117428133162864,-6.4520535245270025],[30.13862235031633,-6.457646442942519],[30.15863911096128,-6.4688322797735225],[30.173651681444994,-6.484433578511499],[30.179538963987625,-6.503567246775049],[30.19013607256437,-6.523584007419998],[30.292280424679067,-6.62072416937346],[30.30964790817984,-6.632793098585864],[30.32701539168059,-6.637797288747095],[30.335846315494564,-6.646333848433927],[30.358217989156568,-6.699025027190487],[30.395602233302274,-6.747006379912932],[30.394130412666613,-6.757897852616821],[30.401489515844904,-6.7829188034230015],[30.418562635218567,-6.822069232331529],[30.4842058355689,-6.89566026411444],[30.507754965739455,-6.910967198725274],[30.514525340663482,-6.924507948573336],[30.56456724227587,-6.956299274303576],[30.57663617148825,-6.976610399075639],[30.57663617148825,-7.017527012746939],[30.57369253021693,-7.022825567035312],[30.560446144496012,-7.034305767993459],[30.55603068258904,-7.04107614291749],[30.557208139097558,-7.059326718799639],[30.561034872750273,-7.082287120715904],[30.559857416241755,-7.101715153106596],[30.54602230226655,-7.109957348666285],[30.518352074316198,-7.109957348666285],[30.511581699392163,-7.105836250886456],[30.506283145103794,-7.099360240089567],[30.50098459081542,-7.098182783581024],[30.49421421589139,-7.109957348666285],[30.508049329866566,-7.118199544225973],[30.521590079714628,-7.132623386455435],[30.53189282416423,-7.150285234083328],[30.535719557816947,-7.168241445838362],[30.53336464479989,-7.173834364253878],[30.530421003528573,-7.184431472830596],[30.532481552418517,-7.194734217280228],[30.54602230226655,-7.199444043314315],[30.551320856554927,-7.204742597602688],[30.562212329258813,-7.240360656985614],[30.604306399438627,-7.331907900523562],[30.610782410235544,-7.3707639653049455],[30.60754440483709,-7.3893089053142385],[30.594298019116167,-7.436407165655311],[30.59370929086188,-7.445826817723542],[30.60489512769289,-7.454363377410346],[30.599596573404543,-7.473497045673895],[30.583406546412277,-7.507937648548308],[30.623145703575066,-7.577113218424245],[30.628149893736293,-7.58918214763665],[30.64492864898281,-7.59595252256068],[30.653465208669616,-7.611259457171514],[30.658763762957992,-7.62951003305369],[30.666122866136273,-7.643933875283154],[30.67701433884017,-7.651292978461442],[30.704095838536258,-7.663950635928103],[30.714398582985893,-7.671898467360649],[30.720285865528524,-7.6839673965730535],[30.726173148071155,-7.700157423565288],[30.733532251249443,-7.713992537540491],[30.74471808808045,-7.7201741842102365],[30.799469815726923,-7.874420986827232],[30.82360767415173,-7.896498296362125],[30.833616054474195,-7.910039046210159],[30.840975157652508,-7.945068377338828],[30.849806081466454,-7.955665485915574],[30.871589026874204,-7.973327333543466],[30.882186135450922,-7.986868083391528],[30.902791624350158,-8.018953773248882],[30.906323993875734,-8.031611430715543],[30.90956199927419,-8.073705500895386],[30.915743645943937,-8.093722261540336],[30.926046390393537,-8.110501016786827],[30.930461852300542,-8.10667428313414],[30.946651879292773,-8.096960266938794],[30.95489407485246,-8.111384109168227],[30.961958813903607,-8.12904595679612],[30.964608091047808,-8.148179625059697],[30.95960390088655,-8.165252744433332],[30.95518843897958,-8.155538728237985],[30.954010982471065,-8.151417630458127],[30.946651879292773,-8.151417630458127],[30.942825145640057,-8.165841472687589],[30.945768786911376,-8.176438581264335],[30.951361705326864,-8.185858233332539],[30.955777167233858,-8.205286265723231],[30.96019262914084,-8.212056640647262],[30.964608091047808,-8.217060830808492],[30.967257368191984,-8.220593200334093],[30.96902355295478,-8.227952303512382],[30.968729188827638,-8.231484673037954],[30.967846096446237,-8.23531140669067],[30.967257368191984,-8.244436694631759],[30.971084101844696,-8.26209854225965],[30.980798118040042,-8.270340737819339],[30.99404450376096,-8.275050563853455],[31.00817398186328,-8.281820938777457],[31.019359818694287,-8.294772960371262],[31.03113438377955,-8.324209373084443],[31.04261458473769,-8.337161394678219],[31.044380769500492,-8.332451568644103],[31.044969497754746,-8.331568476262731],[31.046146954263264,-8.331568476262731],[31.049679323788837,-8.32980229149993],[31.06734117141676,-8.356883791196054],[31.12709708922449,-8.393973671214638],[31.14534766510664,-8.426059361071992],[31.13445619240278,-8.488170191896756],[31.135339284784184,-8.525260071915369],[31.155356045429134,-8.54203882716186],[31.165953154005845,-8.546454289068834],[31.168602431150045,-8.55793449002698],[31.165658789878734,-8.586782174485876],[31.17095734416711,-8.598556739571139],[31.194506474337633,-8.612097489419199],[31.199805028626002,-8.627993152284319],[31.197744479736087,-8.636529711971122],[31.188913555922145,-8.651836646581984],[31.186853007032198,-8.658607021506015],[31.188913555922145,-8.665377396430046],[31.197744479736087,-8.681861787549423],[31.199805028626002,-8.68922089072771],[31.198627572117484,-8.705410917719945],[31.19421211021049,-8.723661493602094],[31.185969914650826,-8.739557156467214],[31.17331225718417,-8.748093716154045],[31.169779887658564,-8.738085335831556],[31.155356045429134,-8.72660513487341],[31.14917439875936,-8.70806019486412],[31.142992752089583,-8.71012074375406],[31.13151255113147,-8.720717852330779],[31.128274545733007,-8.725133314237752],[31.125330904461695,-8.73160932503467],[31.121209806681833,-8.738085335831556],[31.107374692706657,-8.74338389011993],[31.10325359492683,-8.75015426504396],[31.102076138418283,-8.75927955298505],[31.10354795905394,-8.768699205053252],[31.08735793206171,-8.775763944104398],[31.065574986653957,-8.789893422206745],[31.043497677119095,-8.80107925903772],[31.025247101236918,-8.799018710147806],[30.85804827702614,-8.617690407834715],[30.80977256017653,-8.58472162559596]]]}},{"type":"Feature","properties":{"name":"Lake Victoria","name_ar":"بحيرة فيكتوريا","name_fr":"Victoria","scalerank":0},"geometry":{"bbox":[31.611031714228947,-3.012114334866311,34.854630031092825,0.4970004246703184],"type":"Polygon","coordinates":[[[33.913547916652874,-1.5320515036482902],[33.9047169928389,-1.5294022265040894],[33.88882132997381,-1.5211600309444293],[33.87940167790558,-1.518216389673114],[33.870276389964516,-1.5173332972917137],[33.841723069632735,-1.518216389673114],[33.8246499502591,-1.512329107130455],[33.816702118826555,-1.4981996290281359],[33.81022610802964,-1.4823039661630446],[33.79756845056298,-1.4705294010777834],[33.793152988656004,-1.4817152379087872],[33.78432206484206,-1.4820096020359017],[33.7716644073754,-1.4781828683831861],[33.75576874451028,-1.4767110477475285],[33.74782091307773,-1.4793603248917293],[33.73457452735681,-1.4890743410870755],[33.72574360354287,-1.4911348899769905],[33.71661831560178,-1.4890743410870755],[33.710436668932005,-1.4846588791801025],[33.70572684289792,-1.4799490531459867],[33.7019001092452,-1.4767110477475285],[33.68100025621885,-1.466408303297925],[33.66745950637079,-1.46434775440801],[33.65391875652273,-1.4705294010777834],[33.64744274572584,-1.4823039661630446],[33.65274130001421,-1.4920179823583908],[33.661866587955274,-1.5008489061723367],[33.66775387049793,-1.5114460147490831],[33.68247207685451,-1.5087967376048823],[33.68600444638008,-1.5190994820544859],[33.681294620345966,-1.5349951449196055],[33.671286240023505,-1.5491246230219249],[33.657156761921186,-1.5550119055645553],[33.641849827310324,-1.5544231773102979],[33.62654289269949,-1.5556006338188126],[33.61241341459717,-1.566197742395559],[33.6191837895212,-1.5712019325567896],[33.62742598508089,-1.572673753192447],[33.636845637149094,-1.5709075684296752],[33.64655965334444,-1.566197742395559],[33.64832583810725,-1.5779723074808203],[33.65391875652273,-1.5841539541505938],[33.662749680336674,-1.5847426824048512],[33.674524245421935,-1.5803272204978782],[33.68688753876148,-1.5976947039986555],[33.68835935939714,-1.6041707147955435],[33.68777063114288,-1.6153565516265476],[33.685415718125824,-1.6177114646436053],[33.67923407145605,-1.6194776494064058],[33.66775387049793,-1.6280142090932088],[33.676290430184736,-1.6321353068730673],[33.68423826161728,-1.6339014916358394],[33.69277482130411,-1.6330183992544391],[33.7019001092452,-1.6280142090932088],[33.70925921242349,-1.636845132907155],[33.711319761313405,-1.6483253338653014],[33.70867048416923,-1.6600998989505626],[33.7019001092452,-1.6698139151459088],[33.695424098448285,-1.6736406487986244],[33.68777063114288,-1.675406833561425],[33.58533191490105,-1.6759955618156823],[33.54912512726386,-1.6721688281629667],[33.54323784472123,-1.675406833561425],[33.55059694789953,-1.6901250399180014],[33.556778594569266,-1.6963066865877465],[33.5782671758499,-1.7101418005629512],[33.58415445839253,-1.7160290831055818],[33.58974737680802,-1.7230938221567556],[33.59887266474911,-1.7381063926404465],[33.60564303967314,-1.7304529253350438],[33.61476832761423,-1.7386951208947323],[33.64126109905607,-1.7569456967768815],[33.64655965334444,-1.7619498869381118],[33.64126109905607,-1.775196272659059],[33.629486533970805,-1.7784342780574889],[33.617711968885544,-1.7754906367861736],[33.61241341459717,-1.768720261862143],[33.58062208886693,-1.76106679455674],[33.5782671758499,-1.7584175174125392],[33.56737570314601,-1.765482256463713],[33.5670813390189,-1.771663903133458],[33.56884752378167,-1.7799060986931465],[33.56472642600184,-1.792563756159808],[33.55707295869641,-1.8034552288636976],[33.550008219645264,-1.8096368755334424],[33.540882931704175,-1.8125805168047577],[33.52704781772897,-1.8131692450590435],[33.522632355822,-1.8172903428388734],[33.51527325264371,-1.8264156307799626],[33.50526487232125,-1.8355409187210514],[33.49260721485459,-1.8396620165008812],[33.470824269446844,-1.8402507447551384],[33.45080750880189,-1.8373071034838233],[33.44050476435228,-1.825532538398562],[33.44786386753057,-1.7996284952109818],[33.38840231384995,-1.7987454028295813],[33.36514754780657,-1.8043383212450694],[33.33806604811045,-1.8261212666528197],[33.33129567318642,-1.8373071034838233],[33.32128729286396,-1.8658604238156045],[33.31127891254147,-1.883522271443496],[33.31039582016007,-1.8908813746217847],[33.31069018428721,-1.9055995809783892],[33.30715781476164,-1.9073657657411616],[33.28301995633683,-1.922378336224881],[33.31422255381278,-1.944455645759746],[33.352784254467025,-1.924733249241939],[33.39252341162981,-1.8970630212915582],[33.42755274275848,-1.895002472401643],[33.43020201990265,-1.8849940920791537],[33.43785548720808,-1.8802842660450665],[33.44904132403909,-1.8796955377907807],[33.46169898150575,-1.8814617225535812],[33.45522297070886,-1.8935306517659853],[33.46081588912435,-1.9014784831985312],[33.482304470404955,-1.9156079613008503],[33.49025230183753,-1.9267937981318537],[33.48848611707473,-1.93238671654737],[33.46169898150575,-1.9497542000481187],[33.50438177993985,-1.9535809337008345],[33.544120937102605,-1.963294949896181],[33.54235475233983,-1.9674160476760392],[33.541766024085575,-1.968299140057411],[33.54058856757703,-1.968299140057411],[33.53676183392432,-1.9700653248202116],[33.54441530122975,-1.9733033302186695],[33.54706457837395,-1.9753638791085848],[33.550008219645264,-1.9744807867271843],[33.55795605107781,-1.9700653248202116],[33.57326298568864,-1.987138444193846],[33.56914188790881,-2.001562286423308],[33.55707295869641,-2.014808672144227],[33.55059694789953,-2.028938150246546],[33.54264911646695,-2.025700144848088],[33.496433948507274,-2.0254057807209733],[33.431379476411195,-1.9812511616512154],[33.3998825148081,-1.9721258737101266],[33.37221228685772,-1.9980299168977351],[33.40017687893524,-2.038946530569035],[33.38604740083292,-2.0427732642217222],[33.38251503130732,-2.0460112696201804],[33.379571390036006,-2.0533703727984687],[33.340420961127506,-2.018929769924057],[33.32423093413527,-2.0165748569070274],[33.32452529826239,-2.045716905493066],[33.317754923338356,-2.045716905493066],[33.31039582016007,-2.030998699136461],[33.296855070312006,-2.011276302618654],[33.28154813570117,-2.000384829914765],[33.26977357061591,-2.0115706667457687],[33.28478614109963,-2.018929769924057],[33.29243960840503,-2.0315874273907184],[33.292733972532176,-2.045422541365923],[33.285963597608145,-2.056314014069784],[33.280959407446915,-2.0524872804170684],[33.25623282076785,-2.045716905493066],[33.25623282076785,-2.0471887261287236],[33.228268228690325,-2.045716905493066],[33.223264038529095,-2.044539448984523],[33.22090912551204,-2.0415958077132075],[33.21884857662212,-2.0427732642217222],[33.21472747884229,-2.0533703727984687],[33.21708239185932,-2.0533703727984687],[33.219142940749265,-2.0619069324853],[33.22120348963918,-2.0725040410620466],[33.221497853766294,-2.079863144240335],[33.21767112011361,-2.090460252817053],[33.20884019629963,-2.1042953667922575],[33.20766273979112,-2.114892475369004],[33.210017652808176,-2.1231346709286925],[33.21355002233375,-2.1301994099798383],[33.221497853766294,-2.141973975065099],[33.23945406552133,-2.121662850293035],[33.25947082616631,-2.1110657417162884],[33.28243122808257,-2.1110657417162884],[33.31069018428721,-2.121662850293035],[33.33659422747479,-2.135792328395354],[33.34748570017865,-2.1460950728449575],[33.351901162085625,-2.1590470944387334],[33.3580828087554,-2.167583654125565],[33.37250665098486,-2.166111833489907],[33.40017687893524,-2.1558090890403037],[33.44933568816623,-2.151099263006188],[33.50938597010108,-2.153159811896103],[33.5661982466375,-2.163168192218592],[33.60564303967314,-2.1828905887363987],[33.62889780571655,-2.1581640020573616],[33.64214419143747,-2.146683801099215],[33.657156761921186,-2.141973975065099],[33.66657641398939,-2.137558513158126],[33.712202853694805,-2.104589730919372],[33.74929273371339,-2.085750426782966],[33.78638261373197,-2.094875714724054],[33.815819026445155,-2.1231346709286925],[33.83142032518313,-2.1625794639643345],[33.83112596105599,-2.171999116032538],[33.8255330426405,-2.1878947788976575],[33.8246499502591,-2.1973144309658608],[33.82700486327616,-2.200552436364319],[33.831714689310246,-2.204673534144149],[33.83642451534436,-2.2105608166867796],[33.83848506423428,-2.2205691970092687],[33.78049533118934,-2.2588365335363676],[33.77019258673974,-2.260602718299168],[33.759889842290136,-2.269728006240257],[33.71544085909326,-2.2791476583084602],[33.7019001092452,-2.2868011256138914],[33.66775387049793,-2.313293897055729],[33.648620202234355,-2.3082897068944987],[33.63390199587778,-2.318886815471245],[33.61241341459717,-2.3474401358030264],[33.59740084411345,-2.3565654237440867],[33.55736732282355,-2.372166722482064],[33.54058856757703,-2.3748159996262643],[33.532346372017344,-2.37864273327898],[33.52233799169488,-2.387179292965783],[33.51380143200805,-2.3974820374153865],[33.509974698355336,-2.4054298688479605],[33.511446518990994,-2.4142607926619064],[33.514978888516595,-2.4183818904417365],[33.52057180693208,-2.4210311675859373],[33.52704781772897,-2.4260353577471676],[33.529991459000286,-2.4401648358494867],[33.51527325264371,-2.448701395536318],[33.49349030723596,-2.4484070314091753],[33.47582845960807,-2.435749373942514],[33.46552571515846,-2.444285933629345],[33.4425653132422,-2.452233765061891],[33.41695563418173,-2.4672463355456102],[33.40753598211353,-2.4672463355456102],[33.40753598211353,-2.4678350637998676],[33.42078236783445,-2.477254715868071],[33.456400427217375,-2.493739106987448],[33.46169898150575,-2.501686938420022],[33.45875534023443,-2.5161107806494556],[33.45080750880189,-2.527002253353345],[33.439916036098,-2.531123351133175],[33.42755274275848,-2.524941704463402],[33.42195982434296,-2.5323008076416897],[33.42078236783445,-2.5390711825657206],[33.42284291672436,-2.545547193362637],[33.42755274275848,-2.5529062965409253],[33.410479623384845,-2.554378117176583],[33.3998825148081,-2.552023204159525],[33.39428959639261,-2.5440753727269794],[33.39281777575695,-2.528768438116117],[33.386930493214294,-2.530828987006032],[33.373095379239125,-2.5325951717688326],[33.357199716374,-2.531417715260318],[33.34483642303448,-2.524941704463402],[33.34748570017865,-2.522292427319229],[33.35101806970425,-2.5137558676323977],[33.35337298272128,-2.5043362155641944],[33.351901162085625,-2.498448933021564],[33.34454205890734,-2.4955052917502485],[33.33836041223759,-2.4975658406401635],[33.33423931445773,-2.50227566667428],[33.32982385255076,-2.516699508903713],[33.32305347762673,-2.5143445958866835],[33.31569437444844,-2.5084573133440244],[33.31069018428721,-2.5052193079455947],[33.28625796173529,-2.5111065904882253],[33.23386114710584,-2.517876965412256],[33.221497853766294,-2.5181713295393706],[33.20766273979112,-2.5128727752509974],[33.18558543025625,-2.4952109276231056],[33.177343234696565,-2.49138419397039],[33.173222136916706,-2.4881461885719602],[33.17410522929811,-2.473722346342498],[33.170572859772534,-2.47048434094404],[33.16998413151828,-2.4690125203083824],[33.15114482738184,-2.4634196018928947],[33.14702372960198,-2.4628308736386373],[33.13848716991518,-2.4525281291890053],[33.12700696895703,-2.428978999018483],[33.11905913752449,-2.4163213415518214],[33.11935350165163,-2.4001313145595873],[33.080497436870246,-2.3889454777285835],[32.999252937781904,-2.380408918041752],[32.96275178601758,-2.388356749474326],[32.926544998380365,-2.409256602500676],[32.90299586820984,-2.438398651086686],[32.90682260186256,-2.47048434094404],[32.892398759633096,-2.465185786655667],[32.881507286929235,-2.4672463355456102],[32.874736912005204,-2.477254715868071],[32.87267636311529,-2.494916563495991],[32.87797491740366,-2.5075742209626526],[32.901524047574185,-2.5325951717688326],[32.90682260186256,-2.549668291142467],[32.900640955192785,-2.55408375304944],[32.87709182502226,-2.5867581711610512],[32.87620873264086,-2.5944116384664824],[32.865611624064115,-2.601476377517656],[32.86502289580986,-2.6173720403827474],[32.869732721843974,-2.6344451597563823],[32.87620873264086,-2.6456309965873857],[32.8950480367773,-2.658877382308333],[32.89916913455713,-2.66270411596102],[32.90770569424396,-2.6753617734276816],[32.90947187900673,-2.6791885070803976],[32.9062338736083,-2.681543420097455],[32.89916913455713,-2.6900799797842865],[32.895636765031554,-2.688313795021486],[32.888277661853266,-2.687136338512971],[32.88091855867498,-2.6909630721656583],[32.87944673803932,-2.70450382201372],[32.88327347169201,-2.7086249197935786],[32.90034659106567,-2.7242262185315553],[32.90682260186256,-2.730996593455586],[32.91094369964239,-2.738650060760989],[32.916536618057904,-2.753368267117594],[32.92036335171062,-2.7589611855330816],[32.92595627012611,-2.7624935550586542],[32.942440661245485,-2.769558294109828],[32.94773921553386,-2.7725019353811433],[32.954803954585,-2.7863370493563195],[32.948033579661,-2.793696152534636],[32.935670286321454,-2.802232712221439],[32.92713372663465,-2.820483288103617],[32.960102508873376,-2.8187171033408163],[32.96863906856021,-2.820483288103617],[32.96952216094161,-2.8240156576291895],[32.96805034030595,-2.8372620433501083],[32.96863906856021,-2.841088777002824],[32.982474182535384,-2.848447880181112],[32.991893834603616,-2.8496253366896553],[33.000430394290426,-2.8460929671640542],[33.010144410485765,-2.845504238909797],[33.023390796206684,-2.8546295268508857],[33.02780625811366,-2.8611055376477736],[33.029278078749314,-2.868759004953205],[33.0281006222408,-2.876118108131493],[33.023390796206684,-2.882594118928381],[33.01132186699431,-2.883771575436924],[32.99159947047647,-2.878178657021408],[32.93390410155865,-2.8516858855795704],[32.91771407456642,-2.8405000487485665],[32.90800005837107,-2.824604385883447],[32.90682260186256,-2.7998777992043813],[32.89916913455713,-2.7998777992043813],[32.890926938997445,-2.8219551087392745],[32.87768055327652,-2.8319634890617356],[32.860607433902885,-2.839028228112909],[32.84117940151219,-2.8513915214524275],[32.83234847769825,-2.866404091936147],[32.82528373864707,-2.8884814014710116],[32.82204573324864,-2.9099699827516474],[32.82498937451996,-2.9229220043454234],[32.80938807578198,-2.960894976745408],[32.803795157366466,-2.970608992940754],[32.77082637512771,-2.9994566773996496],[32.762878543695166,-3.012114334866311],[32.75551944051688,-3.012114334866311],[32.74786597321145,-3.0000454056539354],[32.74551106019439,-2.9850328351702164],[32.74874906559285,-2.9691371723050963],[32.75905181004245,-2.9538302376942625],[32.76258417956802,-2.941761308481859],[32.76228981544091,-2.9282205586337966],[32.7696489186192,-2.9182121783113075],[32.79673041831532,-2.91674035767565],[32.79673041831532,-2.9099699827516474],[32.76493909258508,-2.886126488453982],[32.74551106019439,-2.877295564640008],[32.728437940820754,-2.882594118928381],[32.72049010938821,-2.869642097334605],[32.72549429954944,-2.8625773582834313],[32.74904342971999,-2.8546295268508857],[32.7817178478316,-2.836673315095851],[32.793198048789726,-2.83402403795165],[32.80585570625638,-2.8331409455702783],[32.847361048181966,-2.824310021756304],[32.847949776436224,-2.8166565544509012],[32.84441740691065,-2.805765081747012],[32.844711771037765,-2.7931074242803504],[32.86590598819126,-2.7545457236261086],[32.872970727242404,-2.7289360445656428],[32.86207925453854,-2.7174558436075245],[32.83411466246102,-2.7142178382090663],[32.822928825630015,-2.7053869143951204],[32.827049923409874,-2.692434892801316],[32.844711771037765,-2.6765392299362247],[32.82557810277422,-2.6656477572323354],[32.81763027134167,-2.6644703007238206],[32.8105655322905,-2.6688857626307936],[32.80585570625638,-2.660937931198248],[32.802028972603665,-2.6526957356385594],[32.79673041831532,-2.635033888010668],[32.81174298879901,-2.6391549857904977],[32.81733590721453,-2.642392991188956],[32.82145700499436,-2.623259322925378],[32.81586408657887,-2.6038312905346856],[32.81615845070601,-2.589701812432367],[32.83764703198662,-2.587052535288194],[32.83411466246102,-2.5755723343300474],[32.82911047229979,-2.567330138770359],[32.82145700499436,-2.563797769244786],[32.8105655322905,-2.566447046388987],[32.8123317170533,-2.54996265526961],[32.820573912612986,-2.5393655466928635],[32.83087665706259,-2.5302402587517747],[32.83764703198662,-2.5181713295393706],[32.83764703198662,-2.5119896828696255],[32.82852174404553,-2.5093404057254247],[32.82440064626567,-2.5043362155641944],[32.8208682767401,-2.4972714765130206],[32.81409790181607,-2.4881461885719602],[32.80526697800212,-2.485202547300645],[32.787899494501346,-2.4952109276231056],[32.77641929354323,-2.49138419397039],[32.76228981544091,-2.4996263895300785],[32.74668851670293,-2.5228811555734865],[32.73461958749053,-2.5325951717688326],[32.73491395161767,-2.519348786047914],[32.73226467447347,-2.4987432971486783],[32.73461958749053,-2.49138419397039],[32.728437940820754,-2.484613819046359],[32.68722696302234,-2.5111065904882253],[32.673391849047135,-2.5181713295393706],[32.67986785984402,-2.5043362155641944],[32.690170604293655,-2.489618009207618],[32.69488043032774,-2.4734279822153553],[32.68398895762388,-2.4537055856975485],[32.66956511539442,-2.4339831891797132],[32.66632710999599,-2.418087526314622],[32.665738381741704,-2.401603135195245],[32.65955673507196,-2.380408918041752],[32.65072581125801,-2.3889454777285835],[32.64189488744404,-2.4054298688479605],[32.635124512520036,-2.422208624094452],[32.632475235375836,-2.4325113685440556],[32.63041468648593,-2.4534112215704056],[32.624821768070404,-2.4672463355456102],[32.54946455152469,-2.5384824543114632],[32.524737964845656,-2.5529062965409253],[32.502071927056505,-2.5461359216168944],[32.516201405158824,-2.5181713295393706],[32.522971780082855,-2.5096347698525676],[32.54033926358363,-2.494916563495991],[32.54858145914332,-2.48225890602933],[32.552996921050294,-2.466657607291353],[32.55358564930455,-2.4504675802990903],[32.550642008033236,-2.435749373942514],[32.54357726898206,-2.435749373942514],[32.537984350566575,-2.4466408466463747],[32.51767322579448,-2.459887232367322],[32.50943103023479,-2.47048434094404],[32.50060010642085,-2.461947781257237],[32.492063546734045,-2.4557661345874635],[32.48323262292007,-2.455471770460349],[32.475284791487525,-2.4628308736386373],[32.46586513941932,-2.4587097758587793],[32.45556239496972,-2.456354862841721],[32.44496528639297,-2.4560604987146064],[32.43377944956197,-2.456649226968864],[32.436134362579025,-2.451939400934748],[32.439372367977455,-2.4404591999766296],[32.441138552740256,-2.435749373942514],[32.395217748907726,-2.436632466323914],[32.37137425461006,-2.432217004416941],[32.35812786888911,-2.4163213415518214],[32.361071510160436,-2.40366368408516],[32.33811110824416,-2.3789370974060944],[32.32015489648913,-2.3539161465999143],[32.323981630141844,-2.3338993859549646],[32.33016327681162,-2.3330162935735643],[32.338994200625564,-2.334782478336365],[32.34517584729534,-2.33772611960768],[32.34429275491394,-2.341258489133253],[32.356656048253456,-2.3336050218278217],[32.361071510160436,-2.328895195793706],[32.35488986349068,-2.3265402827766763],[32.33811110824416,-2.323302277378218],[32.32869145617596,-2.315648810072787],[32.309852152039525,-2.271788555130172],[32.305731054259695,-2.2711998268759146],[32.293073396793034,-2.271788555130172],[32.28071010345349,-2.2747321964014873],[32.27040735900388,-2.280619478944118],[32.25863279391862,-2.283857484342576],[32.2418540386721,-2.2791476583084602],[32.237144212638015,-2.2735547398929725],[32.23096256596824,-2.256481620519338],[32.22772456056978,-2.252066158612365],[32.21889363675584,-2.250888702103822],[32.21418381072172,-2.256187256392195],[32.21388944659461,-2.2623689030619687],[32.21771618024732,-2.2656069084603985],[32.22389782691707,-2.2726716475115722],[32.22507528342561,-2.2891560386309493],[32.22154291390004,-2.3209473643611602],[32.202997973890746,-2.3215360926154176],[32.17738829483028,-2.3704005377192914],[32.159432083075245,-2.388356749474326],[32.146185697354326,-2.3910060266184985],[32.13293931163341,-2.3886511136014406],[32.12293093131092,-2.3818807386774097],[32.1191041976582,-2.370989265973549],[32.08201431763962,-2.369517445337891],[32.077598855732646,-2.367456896447976],[32.07053411668147,-2.375110363753379],[32.06641301890164,-2.3857074723301253],[32.06435247001173,-2.3986594939239296],[32.06376374175744,-2.4127889720262488],[32.0678848395373,-2.42456353711151],[32.0773044916055,-2.4295677272727403],[32.08878469256366,-2.431922640289798],[32.09790998050474,-2.435749373942514],[32.10232544241171,-2.4419310206122873],[32.104385991301626,-2.454294313951806],[32.1079183608272,-2.459887232367322],[32.11498309987837,-2.464008330147152],[32.129995670362064,-2.4698956126897826],[32.146185697354326,-2.48225890602933],[32.15737153418533,-2.4884405526990747],[32.16679118625353,-2.4963883841316488],[32.173561561177564,-2.5119896828696255],[32.16237572434656,-2.5208206066835714],[32.1609039037109,-2.535833177167291],[32.15678280593108,-2.5508457476510102],[32.13823786592175,-2.5602653997192135],[32.138532230048895,-2.552023204159525],[32.13205621925201,-2.5325951717688326],[32.119398561785346,-2.536421905421548],[32.10821272495434,-2.530828987006032],[32.101736714157425,-2.521114970810686],[32.104385991301626,-2.5119896828696255],[32.09555506748768,-2.5063967644541094],[32.086724143673734,-2.5031587590556796],[32.07789321985976,-2.5028643949285367],[32.069945388427215,-2.5052193079455947],[32.07436085033419,-2.5131671393781403],[32.074949578588445,-2.515522052395198],[32.07288902969853,-2.5175826012851132],[32.069945388427215,-2.524941704463402],[32.058465187469096,-2.5090460415983102],[32.0355047855528,-2.4831419984107015],[32.02961750301017,-2.47048434094404],[32.0260851334846,-2.4787265365037285],[32.02373022046754,-2.4866743679363026],[32.02255276395903,-2.494916563495991],[32.02284712808614,-2.5052193079455947],[32.01607675316211,-2.5052193079455947],[32.007245829348165,-2.486968732063417],[31.993999443627246,-2.4907954657161326],[31.985757248067557,-2.507868585089767],[31.99193889473733,-2.528768438116117],[31.992233258864445,-2.5370106336758056],[31.988406525211758,-2.5614428562277283],[31.99193889473733,-2.566447046388987],[31.99517690013576,-2.5688019594060165],[31.995471264262907,-2.5738061495672753],[31.99429380775439,-2.579399067982763],[31.99193889473733,-2.583814529889736],[31.98281360679624,-2.5908792689409097],[31.977809416635015,-2.5908792689409097],[31.973982682982296,-2.5876412635424515],[31.968389764566776,-2.587052535288194],[31.95690956360866,-2.5885243559238518],[31.94837300392183,-2.588229991796709],[31.94101390074354,-2.589113084178109],[31.93424352581951,-2.5944116384664824],[31.932182976929596,-2.6011820133905132],[31.93571534645517,-2.607952388314544],[31.9424857213792,-2.612956578475775],[31.950727916938888,-2.6150171273656895],[31.957792655990065,-2.6185494968912906],[31.965446123295465,-2.6270860565780936],[31.971922134092384,-2.637388801027697],[31.977220688380754,-2.6594661105625903],[31.983696699177646,-2.667119577867993],[31.990467074101673,-2.6715350397749944],[31.994882536008642,-2.6765392299362247],[31.99576562839005,-2.68360396898737],[31.99429380775439,-2.702737637250948],[31.994882536008642,-2.7106854686834936],[32.00076981855128,-2.7171614794803816],[32.019020394433426,-2.732174049964101],[32.02284712808614,-2.7415937020323327],[32.01548802490785,-2.7601386420416247],[31.99900363378848,-2.7683808376013133],[31.980753057906327,-2.765731560457113],[31.968389764566776,-2.7521908106090507],[31.965151759168347,-2.729819136947043],[31.965446123295465,-2.7098023763020933],[31.95985320487998,-2.695672898199774],[31.93718716709083,-2.6900799797842865],[31.93718716709083,-2.680660327716055],[31.93865898772648,-2.6618210235796482],[31.931888612802453,-2.648574637858701],[31.906278933742016,-2.6559337410369896],[31.90657329786913,-2.6412155346804127],[31.904512748979215,-2.634739523883525],[31.89950855881798,-2.635033888010668],[31.893326912148215,-2.6409211705532982],[31.894504368656754,-2.644453540078871],[31.89803673818233,-2.648574637858701],[31.89950855881798,-2.6559337410369896],[31.899214194690845,-2.667708306122279],[31.9024522000893,-2.699793995979633],[31.906278933742016,-2.7106854686834936],[31.888028357859838,-2.712451653446294],[31.87213269499475,-2.7174558436075245],[31.874487608011776,-2.702443273123805],[31.868305961342035,-2.6874307026400857],[31.858003216892424,-2.678011050571883],[31.847994836569942,-2.6797772353346545],[31.83945827688311,-2.6868419743858283],[31.83209917370482,-2.6912574362928012],[31.82650625528933,-2.697144718835432],[31.824151342272277,-2.7074474632850354],[31.8291555324335,-2.720988213133097],[31.83062735306916,-2.728052952184271],[31.82738934767073,-2.730996593455586],[31.82886116830639,-2.7380613325067316],[31.84210755402731,-2.7733850277625436],[31.84475683117148,-2.7863370493563195],[31.838280820374592,-2.7998777992043813],[31.82532879878079,-2.8143016414338433],[31.810021864169958,-2.826664934773362],[31.796481114321892,-2.83402403795165],[31.78294036447383,-2.8148903696881007],[31.782351636219577,-2.790752511263321],[31.79029946765212,-2.7415937020323327],[31.789416375270747,-2.725698039167213],[31.786472733999435,-2.718633300116039],[31.780879815583916,-2.7171614794803816],[31.762334875574627,-2.7174558436075245],[31.75968559843045,-2.715984022971867],[31.760863054938966,-2.711274196937751],[31.763512332083135,-2.692729256928459],[31.77587562542268,-2.6688857626307936],[31.77558126129554,-2.6647646648509635],[31.773520712405627,-2.6600548388168477],[31.773520712405627,-2.654167556274217],[31.779407994948258,-2.6456309965873857],[31.785000913363774,-2.6429817194432133],[31.797952934957554,-2.6438648118246135],[31.809138771788554,-2.640038078171898],[31.813259869568412,-2.6412155346804127],[31.81590914671259,-2.640038078171898],[31.816792239093985,-2.6317958826122094],[31.816792239093985,-2.6241424153067783],[31.817086603221096,-2.6200213175269482],[31.819147152111043,-2.6179607686370048],[31.824151342272277,-2.6150171273656895],[31.835337179103277,-2.6150171273656895],[31.846817380061424,-2.619138225145548],[31.855648303875366,-2.6173720403827474],[31.858297581019542,-2.6008876492633703],[31.846228651807138,-2.605597475297486],[31.829744260687765,-2.607952388314544],[31.79971911972035,-2.6082467524416586],[31.769105250498654,-2.6179607686370048],[31.754681408269192,-2.6200213175269482],[31.748499761599444,-2.611484757840117],[31.748499761599444,-2.556733030193641],[31.743201207311074,-2.547019013998295],[31.73142664222578,-2.544369736854094],[31.71965207714052,-2.5390711825657206],[31.714353522852154,-2.5217036990649717],[31.71788589237775,-2.5075742209626526],[31.7267168161917,-2.5049249438184518],[31.739963201912612,-2.5063967644541094],[31.755270136523446,-2.5052193079455947],[31.77116579938857,-2.4978602047673064],[31.78294036447383,-2.4878518244448173],[31.79118256003352,-2.4757828952324132],[31.796481114321892,-2.4628308736386373],[31.795303657813378,-2.455471770460349],[31.791476924160662,-2.4481126672820324],[31.789416375270747,-2.440753564103744],[31.796186750194774,-2.424857901238653],[31.789710739397865,-2.42044243933168],[31.77587562542268,-2.4163213415518214],[31.75939123430331,-2.3930665755084135],[31.756153228904854,-2.3809976462960094],[31.755270136523446,-2.3612752497782026],[31.77116579938857,-2.3636301627952605],[31.77234325589711,-2.357448516125487],[31.763512332083135,-2.3480288640572837],[31.748499761599444,-2.341258489133253],[31.75114903874362,-2.3371373913533944],[31.755270136523446,-2.3265402827766763],[31.72524499555604,-2.320358636106903],[31.70405077840255,-2.331838837065021],[31.684917110139,-2.349206320565799],[31.65930743107853,-2.3612752497782026],[31.64164558345064,-2.36186397803246],[31.633697752018094,-2.3562710596169723],[31.63163720312815,-2.343319038023168],[31.631931567255293,-2.323596641505361],[31.63399211614521,-2.3162375383270444],[31.638996306306463,-2.3085840710216416],[31.649299050756074,-2.2962207776820946],[31.652831420281647,-2.288272946249549],[31.652242692027386,-2.2588365335363676],[31.672259452672332,-2.199374979855776],[31.66931581140102,-2.1899553277875725],[31.674908729816508,-2.1825962246092843],[31.693748033952943,-2.141973975065099],[31.691687485063028,-2.1349092360139537],[31.68167910474054,-2.12372339918295],[31.68050164823202,-2.114892475369004],[31.68432838188474,-2.1054728233007722],[31.697869131732777,-2.0878109756728804],[31.70081277300412,-2.0766251388418766],[31.698457859987055,-2.0716209486806463],[31.688449479664573,-2.0636731172480727],[31.68638893077466,-2.059552019468242],[31.687860751410312,-2.054547829307012],[31.692864941571543,-2.0471887261287236],[31.695514218715743,-2.033647976280662],[31.706994419673862,-2.004800291821738],[31.68933257204597,-2.005977748330281],[31.68050164823202,-2.0118650308729116],[31.674320001562254,-2.0195184981783427],[31.66607780600256,-2.0254057807209733],[31.656658153934362,-2.0277606937380313],[31.651065235518843,-2.0274663296108884],[31.645177952976212,-2.0262888731023736],[31.635169572653755,-2.0254057807209733],[31.629282290111124,-2.028643786119403],[31.626044284712663,-2.035708525170577],[31.621334458678547,-2.040712715331807],[31.611031714228947,-2.038946530569035],[31.612503534864597,-2.003622835313223],[31.618390817407228,-1.97418642260007],[31.630754110746775,-1.9479880152853468],[31.673731273307993,-1.895002472401643],[31.68432838188474,-1.8673322444512621],[31.693748033952943,-1.7996284952109818],[31.698457859987055,-1.783732832345862],[31.711704245707978,-1.7554738761412239],[31.720535169521927,-1.6759955618156823],[31.736136468259904,-1.6436155078311856],[31.75409268001494,-1.6197720135335203],[31.760863054938966,-1.5965172474901124],[31.741729386675416,-1.566197742395559],[31.752620859379277,-1.537644422063778],[31.748794125726562,-1.493784167121163],[31.755270136523446,-1.4658195750436676],[31.796481114321892,-1.484070150925817],[31.80119094035601,-1.4708237652048979],[31.80295712511878,-1.4561055588483214],[31.80295712511878,-1.4254916896266252],[31.805312038135835,-1.4119509397785635],[31.81473169020407,-1.3898736302436987],[31.820913336873815,-1.3474851959367413],[31.84210755402731,-1.306862946392556],[31.850938477841254,-1.2780152619336604],[31.858591945146685,-1.1823469206158563],[31.868600325469146,-1.158797790445334],[31.870072146104803,-1.149966866631388],[31.864184863562173,-1.1384866656732413],[31.85623703212963,-1.1258290082065798],[31.850938477841254,-1.1134657148670613],[31.850349749587,-1.0993362367647421],[31.851527206095515,-1.087267307552338],[31.851232841968397,-1.075198378339934],[31.84475683117148,-1.0590083513476998],[31.853882119112573,-1.051943612296526],[31.867128504833484,-1.0381084983213498],[31.87389887975752,-1.024567748473288],[31.861829950545115,-1.0186804659306574],[31.85358775498543,-1.0210353789477153],[31.845934287680027,-1.024567748473288],[31.840047005137396,-1.0242733843461451],[31.83798645624745,-1.0148537322779418],[31.838280820374592,-1.003962259574081],[31.83739772799319,-0.995131335760135],[31.83357099434048,-0.9883609608361041],[31.824151342272277,-0.9839454989291313],[31.82474007052653,-1.001607346557023],[31.821207701000958,-1.0213297430748298],[31.813848597822666,-1.0398746830841503],[31.80295712511878,-1.045467601499638],[31.78146854383817,-1.0551816176949842],[31.7685165222444,-1.047528150389553],[31.76704470160874,-1.0295719386345183],[31.785000913363774,-0.9986637052857076],[31.78794455463509,-0.9886553249632186],[31.786472733999435,-0.9804131294035302],[31.77234325589711,-0.9733483903523847],[31.76998834288005,-0.9645174665384388],[31.766161609227343,-0.920068483341538],[31.769105250498654,-0.8638449350594045],[31.760568690811823,-0.8464774515586271],[31.74084629429402,-0.8426507179059115],[31.71818025650487,-0.8435338102873118],[31.70081277300412,-0.8394127125074817],[31.696986039351405,-0.8244001420237623],[31.699046588241316,-0.7993791912175539],[31.706111327292465,-0.7752413327927741],[31.71759152825061,-0.7646442242160276],[31.71788589237775,-0.7569907569105965],[31.755270136523446,-0.7163685073664396],[31.778819266694,-0.6692702470253664],[31.786472733999435,-0.6616167797199353],[31.795009293686235,-0.6592618667028773],[31.798247299084696,-0.6524914917788465],[31.79706984257615,-0.6448380244734438],[31.78558964161803,-0.6257043562098659],[31.78470654923663,-0.6162847041416626],[31.79294874479632,-0.5759568187246202],[31.796481114321892,-0.5656540742750167],[31.82768371179785,-0.5226769117138019],[31.83474845084902,-0.5085474336114828],[31.83798645624745,-0.49382922725487793],[31.846817380061424,-0.4714575535928703],[31.868305961342035,-0.45673934723629367],[31.913049308666046,-0.4358394942099437],[31.926295694386965,-0.42229874436188203],[31.961325025515638,-0.37784976116500957],[31.968389764566776,-0.36342591893554754],[31.97751505250787,-0.3381106040022246],[31.99782617727996,-0.3145614738317022],[32.019020394433426,-0.3060249141448992],[32.02961750301017,-0.325747310662706],[32.0372709703156,-0.325747310662706],[32.035799149679946,-0.311323468433244],[32.02961750301017,-0.29454471318675246],[32.02078657919623,-0.2786490503216328],[32.01283874776368,-0.26746321349062896],[32.009895106492365,-0.260987202693741],[32.00871764998382,-0.25303937126119536],[32.00606837283965,-0.24656336046427893],[31.99870926966136,-0.24420844744722103],[31.99017270997453,-0.24450281157436393],[31.9842854274319,-0.24420844744722103],[31.979575601397784,-0.24038171379453388],[31.974571411236553,-0.23037333347204478],[31.98016432965207,-0.20476365441157895],[31.980458693779184,-0.18945671980074508],[31.971333405838095,-0.18268634487671423],[31.961325025515638,-0.18356943725811448],[31.92659005851411,-0.19563836647051858],[31.93542098232805,-0.15531048105347622],[31.94013080836214,-0.14029791056975682],[31.934537889946654,-0.1391204540612421],[31.91981968359008,-0.13411626389998332],[31.93983644423503,-0.12469661183178005],[31.994882536008642,-0.08584054705039534],[32.01195565538228,-0.09261092197442622],[32.051694812545065,-0.09496583499148414],[32.069945388427215,-0.0993812968984571],[32.061703192867526,-0.07583216672790627],[32.02579076935746,-0.06729560704110327],[32.01607675316211,-0.044629569251952717],[32.03108932364583,-0.04875066703181119],[32.0372709703156,-0.052283036557383866],[32.076715763351245,-0.03638737369226419],[32.104385991301626,-0.04551266163335299],[32.13205621925201,-0.0631745092612448],[32.17002919165199,-0.07259416132947649],[32.18827976753414,-0.06847306354961802],[32.200348696746545,-0.0575815908457571],[32.206235979289175,-0.041980292107780315],[32.208002164051976,-0.024318444479888512],[32.205352886907775,-0.015781884793057088],[32.19593323483957,0.00246869108909209],[32.193578321822514,0.013654527920095916],[32.19563887071243,0.018069989827068866],[32.208002164051976,0.03720365809064674],[32.20682470754343,0.03102201142087324],[32.20682470754343,0.026017821259642915],[32.205352886907775,0.021602359352669964],[32.200348696746545,0.016598169191411216],[32.215361267230264,-0.003418591453538511],[32.241265310417845,-0.021374803208573212],[32.26922990249537,-0.02902827051397594],[32.289835391394575,-0.017548069555857637],[32.291601576157376,0.0018799628348347142],[32.27953264694497,0.01895308220846914],[32.24833004946902,0.043974033014677616],[32.25568915264731,0.05133313619296587],[32.28600865774186,0.03749802221776122],[32.32427599426899,0.02690091364104319],[32.35224058634648,0.009533430140265864],[32.35194622221937,-0.024318444479888512],[32.37284607524572,-0.025201536861260365],[32.37902772191546,-0.024318444479888512],[32.36872497746586,-0.003712955580652988],[32.37490662413563,0.05398241333713827],[32.3654869720674,0.08547937494023472],[32.38609246096664,0.09166102161000822],[32.401105031450356,0.07782590763480357],[32.421121792095306,0.08283009779606232],[32.43907800385034,0.09931448891541095],[32.447614563537144,0.11903688543324621],[32.45909476449529,0.10873414098364266],[32.45791730798675,0.0951933911355809],[32.4499694765542,0.08165264128751915],[32.441138552740256,0.0713498968379156],[32.41964997145965,0.05515986984568144],[32.422004884476706,0.048683859048765044],[32.43760618321468,0.033671288565074065],[32.45203002544412,0.03013891903947297],[32.462921498148006,0.04132475587047679],[32.47175242196195,0.056337326354196186],[32.48176080228441,0.06781752731234292],[32.48411571530147,0.07605972287203144],[32.48823681308133,0.0834188260503197],[32.49589028038673,0.08547937494023472],[32.50060010642085,0.08076954890611887],[32.50943103023479,0.05133313619296587],[32.517967589921625,0.0566316904813391],[32.523854872464256,0.073999173982088],[32.53003651913403,0.07812027176194647],[32.539750535329375,0.07488226636348827],[32.54710963850766,0.06575697842239947],[32.55741238295727,0.043974033014677616],[32.57007004042393,0.06045842413405467],[32.543871633109205,0.10225813018672625],[32.550642008033236,0.11903688543324621],[32.55947293184718,0.11314960289061558],[32.578017871856474,0.10520177145806997],[32.58802625217896,0.10785104860224237],[32.571541861059586,0.13346072766270822],[32.590675529323136,0.13934801020533882],[32.59832899662857,0.1402311025867391],[32.59832899662857,0.14700147751074155],[32.58949807281462,0.14994511878205685],[32.571541861059586,0.16142531974020358],[32.5753685947123,0.17467170546112243],[32.563005301372755,0.18968427594484183],[32.56800949153401,0.19851519975878773],[32.578900964237874,0.20145884103010303],[32.58802625217896,0.19733774325027298],[32.594796627103,0.1961602867417298],[32.59832899662857,0.2085235800812768],[32.61599084425646,0.2114672213525921],[32.626587952833205,0.24002054168437326],[32.63483014839289,0.27328368805024184],[32.64542725696964,0.29094553567813364],[32.66279474047039,0.2888849867882186],[32.66691583825025,0.2768160575758145],[32.663383468724675,0.26327530772775276],[32.6477821699867,0.247674008989776],[32.64807653411382,0.23089525374328448],[32.656613093800644,0.22206432992933856],[32.673391849047135,0.2364881721587722],[32.680750952225424,0.22206432992933856],[32.657496186182016,0.18320826514795385],[32.66132291983473,0.17172806418980713],[32.69046496842077,0.16731260228283418],[32.699295892234716,0.17408297720686505],[32.70724372366729,0.1879180911820697],[32.71489719097269,0.2085235800812768],[32.72490557129518,0.20587430293707598],[32.731087217964955,0.1961602867417298],[32.736091408126185,0.18379699340221123],[32.74168432654167,0.17378861307972215],[32.728437940820754,0.1664295099014339],[32.711070457320005,0.14464656449371205],[32.70400571826883,0.1402311025867391],[32.68575514238668,0.14111419496811095],[32.680750952225424,0.1402311025867391],[32.67044820777582,0.13522691242548035],[32.662500376343274,0.13287199940842243],[32.65308072427504,0.13346072766270822],[32.660734191580474,0.11991997781464647],[32.66132291983473,0.0984313965340391],[32.666621474123104,0.09166102161000822],[32.68222277286108,0.0890117444658074],[32.69488043032774,0.09460466288132352],[32.70459444652309,0.10225813018672625],[32.711070457320005,0.10608486383944182],[32.71960701700681,0.10726232034798501],[32.73226467447347,0.11050032574641477],[32.74403923955873,0.11579888003478798],[32.74904342971999,0.12286361908596177],[32.756108168771135,0.12610162448439155],[32.77170946750911,0.12021434194176095],[32.79673041831532,0.10608486383944182],[32.79731914656958,0.12492416797587681],[32.79908533133236,0.13875928195108145],[32.80320642911221,0.15023948290919975],[32.8105655322905,0.16142531974020358],[32.81733590721453,0.16142531974020358],[32.82234009737576,0.14965075465494238],[32.83234847769825,0.14965075465494238],[32.84530049929202,0.15171130354485743],[32.85913561326723,0.14700147751074155],[32.85530887961452,0.1549493089433156],[32.8532483307246,0.16319150450300413],[32.851482145961796,0.18114771625803883],[32.85913561326723,0.18114771625803883],[32.86413980342846,0.16878442291849183],[32.87768055327652,0.1905673683262421],[32.89298748788735,0.19557155848747246],[32.89004384661604,0.19145046070764238],[32.888277661853266,0.18850681943632708],[32.885628384709065,0.18114771625803883],[32.89593112915867,0.1814420803851533],[32.89916913455713,0.18114771625803883],[32.890926938997445,0.17143370006269265],[32.88592274883621,0.16113095561306068],[32.887394569471866,0.15259439592625768],[32.89916913455713,0.14700147751074155],[32.88886639010752,0.1431747438580544],[32.87768055327652,0.13640436893402352],[32.871498906606746,0.12698471686579182],[32.87620873264086,0.11579888003478798],[32.88798329772612,0.10726232034798501],[32.89269312376024,0.10726232034798501],[32.893281852014496,0.10490740733092707],[32.89298748788735,0.08871738033869292],[32.90122968344704,0.0769428152534033],[32.920657715837734,0.07782590763480357],[32.9863009161881,0.1010806736782115],[33.00808386159585,0.11285523876347268],[33.07755379559893,0.16613514577431943],[33.08491289877722,0.17378861307972215],[33.091977637828364,0.18615190641926915],[33.10522402354931,0.22206432992933856],[33.0716665130563,0.2235361505649962],[33.04311319272452,0.22883470485336943],[33.07048905654776,0.24649655248126126],[33.078731252107445,0.2500289220068339],[33.078731252107445,0.2567992969308648],[33.071077784802014,0.2567992969308648],[33.071077784802014,0.2629809436006383],[33.0810861651245,0.26033166645643746],[33.098748012752395,0.2517951067696345],[33.123768963558604,0.24708528073551864],[33.12347459943146,0.23972617755723036],[33.112877490854714,0.22559669945491126],[33.11699858863457,0.2144108626239074],[33.126418240702776,0.2170601397680798],[33.135543528643865,0.22471360707351098],[33.13937026229658,0.22883470485336943],[33.14084208293224,0.23413325914171423],[33.13937026229658,0.24119799819288804],[33.13878153404232,0.24737964486266154],[33.143196995949296,0.2500289220068339],[33.1508504632547,0.2512063785153771],[33.15614901754307,0.2541500197866924],[33.167334854374076,0.2629809436006383],[33.156443381670215,0.27652169344870003],[33.150556099127584,0.29742154647505004],[33.153794104526014,0.3162608506114566],[33.170572859772534,0.3245030461711451],[33.18882343565468,0.32891850807811807],[33.22002603313064,0.34746344808741014],[33.23857097313996,0.3518789099943831],[33.24210334266553,0.3545281871385839],[33.264180652200395,0.36777457285950277],[33.26977357061591,0.373073127147876],[33.27065666299731,0.38631951286879485],[33.266829929344595,0.3904406106486533],[33.259176462039164,0.3907349747757678],[33.23121186996165,0.3969166214455413],[33.210017652808176,0.39838844208119895],[33.19294453343454,0.4060419093866301],[33.187351615019026,0.42811921892149485],[33.210900745189576,0.4228206646331216],[33.235921695995756,0.42723612654009463],[33.25034553822522,0.44048251226104185],[33.24180897853839,0.46167672941450627],[33.27389466839574,0.4766892998982258],[33.28301995633683,0.4828709465679992],[33.29067342364226,0.4395994198796416],[33.318638015719756,0.4375388709896981],[33.34571951541588,0.4563781751261331],[33.351901162085625,0.47521747926256813],[33.366030640187944,0.4970004246703184],[33.38516430845152,0.49081877800054485],[33.38928540623135,0.4846371313307714],[33.37221228685772,0.46167672941450627],[33.34984061319571,0.42193757225172135],[33.35484480335697,0.4160502897090908],[33.36249827066237,0.4113404636750033],[33.366030640187944,0.40721936589514485],[33.34925188494145,0.39191243128431097],[33.32570275477094,0.38926315414011015],[33.31010145603295,0.3819040509618219],[33.317754923338356,0.3518789099943831],[33.328646396042245,0.35953237729981424],[33.366030640187944,0.373073127147876],[33.36985737384066,0.3639478392067872],[33.36897428145929,0.3551169153928413],[33.36514754780657,0.3465803557060383],[33.35926026526394,0.33892688840060714],[33.37692211289183,0.3430479861804372],[33.39487832464687,0.34128180141766506],[33.4119514440205,0.3345114264936342],[33.42755274275848,0.3245030461711451],[33.42608092212282,0.33303960585797654],[33.42431473736002,0.33892688840060714],[33.42078236783445,0.3427536220533227],[33.413717628783274,0.345697263324638],[33.44197658498794,0.3562943719013845],[33.45581169896312,0.3577661925370421],[33.469058084684036,0.3518789099943831],[33.45492860658172,0.345697263324638],[33.465820079285606,0.3306846928409186],[33.483187562786355,0.3245030461711451],[33.4946677637445,0.3189101277556574],[33.489074845328986,0.3047806496533383],[33.508208513592564,0.30036518774636534],[33.50791414946542,0.2832920683727309],[33.49496212787162,0.27034004677892653],[33.47582845960807,0.2774047858300719],[33.482304470404955,0.280937155355673],[33.489074845328986,0.2835864324998454],[33.47523973135381,0.2897680791696189],[33.459049704361576,0.2944779052037063],[33.444037133877856,0.29536099758510664],[33.43432311768251,0.29094553567813364],[33.426375286249964,0.29565536171224954],[33.41842745481739,0.2977159106021645],[33.40017687893524,0.2977159106021645],[33.405475433223614,0.2888849867882186],[33.41342326465616,0.2835864324998454],[33.43432311768251,0.2774047858300719],[33.42078236783445,0.27004568265178364],[33.43344002530111,0.26121475883783773],[33.439032943716626,0.25856548169366533],[33.44786386753057,0.2567992969308648],[33.426375286249964,0.24355291120994593],[33.43962167197088,0.22736288421771178],[33.46552571515846,0.20881794420839128],[33.482304470404955,0.1879180911820697],[33.489074845328986,0.1879180911820697],[33.48642556818481,0.21617704738670795],[33.48760302469333,0.2303065254890271],[33.49260721485459,0.2364881721587722],[33.50114377454139,0.2320727102517992],[33.50379305168559,0.22147560167505276],[33.50261559517705,0.19557155848747246],[33.51115215486388,0.20293066166576068],[33.52204362756774,0.21794323214948008],[33.53058018725457,0.22206432992933856],[33.529108366618914,0.2111728572254492],[33.52557599709331,0.20057574864873118],[33.51615634502511,0.18114771625803883],[33.5252816329662,0.18261953689369648],[33.53116891550883,0.18556317816501178],[33.5347012850344,0.19174482483475686],[33.53676183392432,0.20175320515724593],[33.544120937102605,0.20175320515724593],[33.545887121865405,0.18585754229212625],[33.55560113806075,0.17967589562238118],[33.56649261076461,0.18379699340221123],[33.57149680092587,0.19851519975878773],[33.580033360612674,0.20764048769987653],[33.59887266474911,0.21558831913242216],[33.6174176047584,0.22706852009056888],[33.62624852857235,0.24620218835411836],[33.61888942539406,0.2988933671107077],[33.61977251777546,0.31096229632308336],[33.629486533970805,0.32067631251842954],[33.64214419143747,0.3233255896626304],[33.65568494128553,0.3197932201370577],[33.66775387049793,0.31096229632308336],[33.68571008225294,0.32597486680680277],[33.69424664193977,0.33009596458666124],[33.70867048416923,0.33215651347657627],[33.720445049254494,0.3306846928409186],[33.73545761973821,0.32597486680680277],[33.748998369586246,0.3192044918827719],[33.75576874451028,0.31096229632308336],[33.73339707084827,0.3068411985432533],[33.71514649496612,0.2983046388564219],[33.7019001092452,0.28417516075410276],[33.69512973432117,0.2629809436006383],[33.706315571152174,0.2679851337618686],[33.71838450036458,0.2688682261432689],[33.7307477937041,0.26680767725335386],[33.7428167229165,0.2629809436006383],[33.7428167229165,0.2567992969308648],[33.73369143497541,0.24885146549831916],[33.720445049254494,0.23325016676034238],[33.70984794067775,0.21529395500530768],[33.70867048416923,0.20175320515724593],[33.72191686989015,0.1932166454704145],[33.76371657594286,0.190861732453385],[33.77696296166377,0.1879180911820697],[33.78756007024052,0.19792647150453035],[33.78785443436763,0.2085235800812768],[33.78608824960486,0.22059250929368093],[33.789914983257574,0.2364881721587722],[33.80463318961415,0.22029814516653803],[33.80787119501258,0.19998702039444538],[33.80934301564824,0.17732098260532325],[33.81787957533507,0.15377185243477243],[33.823472493750586,0.1667238740285768],[33.82700486327616,0.1935110095975574],[33.83142032518313,0.2085235800812768],[33.86203419440483,0.18850681943632708],[33.89382552013504,0.17378861307972215],[33.895297340770696,0.19233355308904265],[33.90501135696604,0.19910392801307353],[33.9159028296699,0.20440248230141833],[33.92090701983116,0.21912068865802325],[33.96594473128229,0.2562105686766074],[33.972126377952065,0.2629809436006383],[33.980368573511754,0.26445276423629593],[33.98184039414741,0.2656302207448107],[33.98272348652882,0.26445276423629593],[33.9891994973257,0.2567992969308648],[33.993026230978415,0.25150074264249156],[34.00185715479236,0.23295580263319948],[34.00362333955516,0.22559669945491126],[34.001268426538104,0.21293904198824976],[33.99155441034276,0.18114771625803883],[33.9891994973257,0.16436896101151888],[33.99037695383424,0.13493254829836587],[33.9883164049443,0.11903688543324621],[33.98242912240167,0.10608486383944182],[33.97418692684198,0.10284685844101205],[33.965356003028035,0.10579049971232735],[33.957996899849746,0.10579049971232735],[33.95505325857843,0.0951933911355809],[33.95623071508695,0.07547099461774566],[33.95829126397689,0.06634570667668527],[33.96182363350246,0.057514782862739366],[33.96888837255361,0.05045004381156559],[33.97771929636755,0.04485712539607789],[33.98596149192724,0.038086750472047015],[33.9891994973257,0.02690091364104319],[33.98978822557996,0.018069989827068866],[33.99596987224973,-0.010777694631826762],[33.99596987224973,-0.040508471472122665],[33.999796605902446,-0.044629569251952717],[34.018047181784596,-0.04580702576049589],[34.02452319258151,-0.048161938777553814],[34.03011611099701,-0.052283036557383866],[34.03011611099701,-0.058464683227157366],[34.020696458928796,-0.07053361243956147],[34.027172469725684,-0.07494907434653442],[34.038947034810946,-0.07465471021939152],[34.04365686084506,-0.07259416132947649],[34.05513706180321,-0.08790109594031037],[34.05131032815049,-0.08584054705039534],[34.05454833354892,-0.09113910133876857],[34.05513706180321,-0.09673201975425627],[34.05719761069312,-0.10173620991551502],[34.064851077998554,-0.10674040007674535],[34.064851077998554,-0.09673201975425627],[34.06602853450707,-0.08878418832171066],[34.06838344752413,-0.0811307210162795],[34.0719158170497,-0.07259416132947649],[34.064851077998554,-0.07259416132947649],[34.07692000721093,-0.06346887338838769],[34.09458185483885,-0.05934777560855764],[34.123429539297746,-0.058464683227157366],[34.13490974025589,-0.06494069402404534],[34.130788642476034,-0.07965890038062184],[34.112832430721,-0.10674040007674535],[34.12872809358612,-0.10644603594960246],[34.138442109781465,-0.1114502261108612],[34.13785338152721,-0.11733750865349181],[34.123429539297746,-0.12057551405192157],[34.1154817078652,-0.12293042706897951],[34.09104948531325,-0.13558808453564097],[34.08545656689776,-0.14029791056975682],[34.093993126584564,-0.16885123090153797],[34.1222520827892,-0.1853356220208866],[34.15816450629927,-0.19122290456354565],[34.18789528313957,-0.1888679915464877],[34.18495164186825,-0.20888475219143743],[34.19584311457215,-0.221248045530956],[34.22940062506515,-0.2371437083960757],[34.24912302158297,-0.2521562788797951],[34.25324411936282,-0.26451957221931366],[34.2364653641163,-0.2986658109665825],[34.251183570472875,-0.2989601750937254],[34.25677648888839,-0.3051418217634989],[34.253832847617076,-0.3148558379588451],[34.24323573904034,-0.325747310662706],[34.252066662854276,-0.3286909519340213],[34.26266377143102,-0.33428387034953744],[34.272083423499225,-0.3404655170192825],[34.277087613660484,-0.3463527995619131],[34.27885379842326,-0.35812736464720274],[34.276204521279084,-0.3684301090968063],[34.272083423499225,-0.3766723046564948],[34.27090596699071,-0.38108776656346777],[34.287979086364345,-0.39639470117430164],[34.302991656848064,-0.39050741863167104],[34.313883129551925,-0.3737286633851795],[34.3182985914589,-0.35694990813865957],[34.32536333051007,-0.3413486094006828],[34.37628832450386,-0.30190381636504077],[34.38688543308058,-0.2848306969914063],[34.388357253716244,-0.26540266460071393],[34.38305869942786,-0.24420844744722103],[34.37275595497826,-0.22330859442089945],[34.357449020367426,-0.22890151283638716],[34.34626318353642,-0.21977622489529836],[34.341553357502306,-0.2038805620302071],[34.34538009115502,-0.1888679915464877],[34.359803933384484,-0.179448339478256],[34.377465781012376,-0.17856524709688415],[34.40690219372553,-0.18268634487671423],[34.446641350888314,-0.16826250264725218],[34.46165392137203,-0.16826250264725218],[34.49138469821233,-0.1797427036053989],[34.50551417631465,-0.18092016011391365],[34.52082111092551,-0.17179487217285327],[34.53406749664643,-0.15943157883330628],[34.54849133887586,-0.14942319851084562],[34.56409263761384,-0.14265282358681475],[34.60029942525105,-0.13735426929844152],[34.623848555421574,-0.12351915532323687],[34.646514593210725,-0.11704314452634891],[34.65887788655024,-0.10880094896666037],[34.66976935925413,-0.09879256864419972],[34.67447918528822,-0.08966728070311092],[34.72275490213784,-0.09113910133876857],[34.73659001611301,-0.08584054705039534],[34.7354125596045,-0.10968404134806065],[34.7309970976975,-0.12381351945037977],[34.73129146182464,-0.1379429975526989],[34.74336039103705,-0.1620808559775071],[34.750130765961075,-0.15442738867207595],[34.756901140885105,-0.16561322550307978],[34.76808697771611,-0.17915397535114153],[34.78162772756414,-0.19063417630925983],[34.795168477412204,-0.19563836647051858],[34.798700846937805,-0.2062354750472366],[34.832847085685074,-0.27128994714334453],[34.83667381933779,-0.2724674036518877],[34.8469765637874,-0.27953214270303306],[34.854630031092825,-0.2874799741355787],[34.84933147680445,-0.29130670778829426],[34.846387835533136,-0.29454471318675246],[34.84314983013468,-0.30160945223789787],[34.837851275846305,-0.3089685554162145],[34.82902035203236,-0.31220656081464426],[34.80929795551452,-0.30631927827201366],[34.782805184072686,-0.2868912458813213],[34.77073625486028,-0.29130670778829426],[34.74954203770682,-0.2871856100084642],[34.748364581198274,-0.30072635985652596],[34.754251863740905,-0.3204487563743328],[34.75366313548665,-0.3357556909851951],[34.74041674976573,-0.34017115289216804],[34.678305918940936,-0.3463527995619131],[34.658289158295986,-0.34488097892625547],[34.61295708271771,-0.3319289573324795],[34.604714887158025,-0.3328120497138798],[34.59588396334408,-0.3354613268580522],[34.58675867540299,-0.3357556909851951],[34.57586720269913,-0.3289853160611642],[34.5690968277751,-0.32221494113713334],[34.56232645285107,-0.3183882074844178],[34.55437862141852,-0.31897693573867514],[34.54407587696889,-0.325747310662706],[34.527002757595255,-0.32456985415419126],[34.497860709009224,-0.32927968018827874],[34.46783556804181,-0.3375218757479672],[34.44870189977823,-0.3463527995619131],[34.45076244866817,-0.3672526525882631],[34.449290628032514,-0.396983429428559],[34.45694409533792,-0.4240649291246825],[34.49992125789916,-0.44143241262545985],[34.505219812187505,-0.4540900700921213],[34.50551417631465,-0.4679251840672975],[34.50315926329759,-0.47675610788124345],[34.47490030709295,-0.49382922725487793],[34.47225102994878,-0.497361596780479],[34.46077082899063,-0.501482694560309],[34.43633860643871,-0.5209107269510014],[34.42397531309919,-0.5250318247308599],[34.407490921979814,-0.5217938193324017],[34.40807965023407,-0.5135516237727131],[34.4157331175395,-0.5044263358316243],[34.42044294357359,-0.497361596780479],[34.41867675881082,-0.48911940122079045],[34.40955147086973,-0.46851391232155487],[34.40395855245421,-0.459977352634752],[34.39542199276741,-0.4508520646936631],[34.38600234069918,-0.4446704180238896],[34.37452213974106,-0.44143241262545985],[34.3592152051302,-0.4420211408797172],[34.365691215927114,-0.4590942602533517],[34.360687025765856,-0.4726350101014134],[34.34773500417208,-0.4794053850254442],[34.3312506130527,-0.47675610788124345],[34.32654078701859,-0.4708688253386129],[34.3182985914589,-0.45350134183786395],[34.31123385240776,-0.44938024405800553],[34.304757841610865,-0.4523238853293208],[34.30446347748372,-0.46056608088900935],[34.30770148288218,-0.46969136883009815],[34.31123385240776,-0.47675610788124345],[34.284741080965894,-0.4658646351773825],[34.24441319554887,-0.42936348341305575],[34.21585987521709,-0.42848039103165547],[34.21998097299692,-0.4187663748363093],[34.22263025014112,-0.4152340053107366],[34.18907273964811,-0.42229874436188203],[34.174354533291535,-0.4508520646936631],[34.16110814757059,-0.5176727215525432],[34.150216674866726,-0.5315078355277478],[34.13697028914581,-0.5350402050533206],[34.102529686271396,-0.5320965637820052],[34.10135222976288,-0.534745840926206],[34.08545656689776,-0.5518189602998405],[34.07780309959233,-0.5544682374440129],[34.06367362149001,-0.5556456939525276],[34.05749197482024,-0.5585893352238713],[34.06573417037993,-0.568597715546332],[34.07515382244816,-0.5768399111060205],[34.08280728975356,-0.5862595631742238],[34.08545656689776,-0.5995059488951711],[34.0813354691179,-0.6077481444548596],[34.07250454530396,-0.61687343239592],[34.06220180085435,-0.6245268997013511],[34.05454833354892,-0.6274705409726664],[34.04777795862489,-0.6413056549478426],[34.03747521417529,-0.7304979854687588],[34.05749197482024,-0.7281430724517008],[34.06750035514273,-0.748748561350908],[34.07132708879544,-0.7761244251741745],[34.0719158170497,-0.7952580934377238],[34.07839182784659,-0.7976130064547817],[34.11960280564503,-0.8261663267865345],[34.16552360947756,-0.8417676255245113],[34.17494326154579,-0.84677181568577],[34.18318545710548,-0.8712040382376927],[34.16964470725742,-0.8865109728485265],[34.150216674866726,-0.8982855379338162],[34.13991393041712,-0.9118262877818494],[34.127845001204726,-0.9536259938345494],[34.12460699580626,-0.9777638522593576],[34.13343791962021,-0.9974862487771644],[34.13343791962021,-1.003667895446938],[34.117542256755115,-0.999252433539965],[34.0719158170497,-0.9701103849539265],[34.06602853450707,-0.9960144281415069],[34.05837506720164,-1.0021960748112804],[34.03747521417529,-0.9974862487771644],[34.048072322752034,-1.0119100910066265],[34.0633792573629,-1.0157368246593421],[34.07956928435513,-1.0119100910066265],[34.0922269418218,-1.003667895446938],[34.09781986023728,-1.0189748300578003],[34.08722275166056,-1.0228015637104877],[34.07250454530396,-1.0251564767275454],[34.064851077998554,-1.035459221177149],[34.06750035514273,-1.0439957808639804],[34.07250454530396,-1.0460563297538954],[34.07544818657527,-1.0484112427709533],[34.0719158170497,-1.0590083513476998],[34.040713219573746,-1.0796138402469069],[34.03364848052257,-1.0822631173911077],[34.03041047512414,-1.088739128187996],[34.028055562107085,-1.095803867239141],[34.02334573607297,-1.1005136932732569],[34.01628099702182,-1.1016911497818],[33.99273186685127,-1.1005136932732569],[33.97565874747764,-1.1052235193073727],[33.98007420938461,-1.1158206278841192],[33.99037695383424,-1.1284782853507807],[33.99273186685127,-1.1381923015461268],[33.96329545413812,-1.1726329044205102],[33.9482828836544,-1.1832300129972566],[33.91560846554279,-1.1988313117352334],[33.90059589505907,-1.2088396920577225],[33.88617205282961,-1.223263534287156],[33.87322003123584,-1.2559379523987957],[33.88587768870249,-1.2777208978065175],[33.908838090618765,-1.2856687292390918],[33.92767739475519,-1.2780152619336604],[33.93385904142494,-1.2780152619336604],[33.93179849253502,-1.2827250879677763],[33.92973794364511,-1.2892010987646643],[33.92767739475519,-1.2924391041631225],[33.92767739475519,-1.2986207508328675],[33.9465166988916,-1.3036249409941263],[33.96682782366369,-1.3162825984607878],[33.98272348652882,-1.3330613537072793],[33.9891994973257,-1.3501344730809137],[33.98861076907145,-1.35984848927626],[33.98566712780013,-1.369856869598749],[33.979485481130354,-1.376038516268494],[33.96888837255361,-1.3742723315057221],[33.96741655191795,-1.369856869598749],[33.96918273668075,-1.3622034022933178],[33.97242074207921,-1.355433027369287],[33.97565874747764,-1.3536668426064864],[33.96182363350246,-1.340126092758453],[33.95417016619703,-1.3368880873599949],[33.93385904142494,-1.334533174342937],[33.91560846554279,-1.3239360657661905],[33.905305721093185,-1.3206980603677607],[33.88293404743118,-1.3195206038592175],[33.82141194486064,-1.3262909787832484],[33.80433882548701,-1.3195206038592175],[33.79256426040175,-1.334238810215794],[33.799040271198635,-1.348662652445256],[33.8246499502591,-1.3742723315057221],[33.82052885247924,-1.3775103369041517],[33.819940124224985,-1.3792765216669522],[33.81964576009787,-1.3819257988111247],[33.81787957533507,-1.3878130813537837],[33.83200905343739,-1.3831032553196678],[33.84378361852265,-1.3875187172266408],[33.85290890646374,-1.3975270975491298],[33.85879618900637,-1.4084185702529908],[33.79756845056298,-1.3878130813537837],[33.78137842357074,-1.3975270975491298],[33.78137842357074,-1.4095960267615055],[33.79109243976609,-1.4213705918467667],[33.80433882548701,-1.4290240591521979],[33.8125810210467,-1.4296127874064553],[33.83024286867459,-1.4275522385165402],[33.83848506423428,-1.4290240591521979],[33.84731598804825,-1.4334395210591708],[33.849965265192424,-1.4372662547118864],[33.851731449955224,-1.4419760807460023],[33.85879618900637,-1.4499239121785479],[33.86733274869321,-1.4708237652048979],[33.87115948234592,-1.4705294010777834],[33.875869308380004,-1.4693519445692402],[33.87940167790558,-1.4705294010777834],[33.89088187886372,-1.4802434172731012],[33.894414248389296,-1.4861306998157602],[33.89382552013504,-1.4976109007738785],[33.9091324547459,-1.4876025204514178],[33.918552106814104,-1.484070150925817],[33.92767739475519,-1.484070150925817],[33.93591959031488,-1.4899574334684473],[33.94004068809471,-1.4990827214095361],[33.94268996523891,-1.5076192810963676],[33.94475051412883,-1.5114460147490831],[33.952992709688516,-1.5138009277661126],[33.95593635095983,-1.5185107538002285],[33.952992709688516,-1.5235149439614588],[33.94475051412883,-1.5255754928514023],[33.94004068809471,-1.524398036342859],[33.932975949043566,-1.5188051179273714],[33.92767739475519,-1.518216389673114],[33.92708866650091,-1.520276938563029],[33.92326193284822,-1.5252811287242594],[33.91825774268696,-1.5299909547583752],[33.913547916652874,-1.5320515036482902]],[[34.14638994121401,-0.40522562498824755],[34.11960280564503,-0.4152340053107366],[34.11960280564503,-0.42789166277739815],[34.13284919136595,-0.43171839643011367],[34.14992231073958,-0.43260148881151395],[34.16110814757059,-0.4358394942099437],[34.20408531013183,-0.407286173878191],[34.21733169585275,-0.3890355979960134],[34.22263025014112,-0.36018791353711777],[34.21409369045429,-0.3684301090968063],[34.20732331553026,-0.3887412338688705],[34.20202476124189,-0.39492288053864405],[34.191133288538026,-0.3946285164115295],[34.18200800059694,-0.38726941323321284],[34.16728979424036,-0.36695828846114864],[34.158458870426415,-0.3940397881572437],[34.1537490443923,-0.4011045272084175],[34.14638994121401,-0.40522562498824755]],[[33.9465166988916,-0.464098450414582],[33.94563360651023,-0.4729293742285279],[33.95181525317997,-0.47675610788124345],[33.97183201382492,-0.4802884774068446],[33.9986191493939,-0.49795032503473635],[34.017164089403224,-0.5047206999587672],[34.02687810559857,-0.49765596090759345],[34.048955415133435,-0.49000249360219067],[34.05749197482024,-0.482937754551017],[34.06190743672721,-0.47440119486421395],[34.05925815958304,-0.47057446121149843],[34.05395960529467,-0.4673364558130402],[34.05131032815049,-0.459977352634752],[34.04512868148072,-0.4373113148456014],[34.03041047512414,-0.43230712468437105],[33.99596987224973,-0.4420211408797172],[33.96417854651952,-0.4449647821510325],[33.95505325857843,-0.44938024405800553],[33.95093216079857,-0.4549731624735216],[33.9465166988916,-0.464098450414582]],[[31.81590914671259,-1.8008059517194965],[31.81061059242421,-1.8193508917287886],[31.84063573339165,-1.7952130333040088],[31.849172293078457,-1.7799060986931465],[31.850938477841254,-1.7584175174125392],[31.845345559425766,-1.753118963124166],[31.842401918154454,-1.7516471424885083],[31.83798645624745,-1.7516471424885083],[31.836514635611792,-1.7746075444047733],[31.826800619416446,-1.788442658379978],[31.81590914671259,-1.8008059517194965]],[[31.774698168914142,-2.139913426175184],[31.786472733999435,-2.147566893480615],[31.797952934957554,-2.1513936271333307],[31.80295712511878,-2.1455063445907],[31.821207701000958,-2.1363810566496113],[31.82474007052653,-2.130493774106981],[31.806783858771496,-2.1275501328356654],[31.79324310892343,-2.124312127437207],[31.785000913363774,-2.114892475369004],[31.78146854383817,-2.1019404537751996],[31.78264600034672,-2.0875166115457375],[31.77587562542268,-2.079863144240335],[31.76881088637151,-2.093698258215511],[31.76439542446454,-2.107239008063573],[31.764101060337424,-2.121074122038749],[31.769105250498654,-2.135203600141068],[31.774698168914142,-2.139913426175184]],[[31.91981968359008,-2.4163213415518214],[31.920997140098592,-2.3980707656696723],[31.91393240104742,-2.3833525593130673],[31.904512748979215,-2.369517445337891],[31.89950855881798,-2.3547992389813146],[31.901569107707903,-2.33684302722628],[31.907162026123416,-2.3265402827766763],[31.907750754377677,-2.3218304567425605],[31.895976189292416,-2.3209473643611602],[31.86889468959629,-2.3100558916572993],[31.860063765782346,-2.283563120215433],[31.85623703212963,-2.252066158612365],[31.84475683117148,-2.2241015665348414],[31.840341369264507,-2.2155650068480384],[31.828272440052103,-2.2099720884325222],[31.817675331475385,-2.202907349381377],[31.816792239093985,-2.1828905887363987],[31.81061059242421,-2.1828905887363987],[31.790888195906405,-2.2341099468573304],[31.788238918762207,-2.259719625917768],[31.81061059242421,-2.252066158612365],[31.807961315280036,-2.267667457350342],[31.80119094035601,-2.2812082071983752],[31.79029946765212,-2.2888616745038064],[31.77587562542268,-2.285918033232491],[31.78264600034672,-2.3209473643611602],[31.80295712511878,-2.31594317419993],[31.822385157509473,-2.31682626658133],[31.83033298894205,-2.3227135491239608],[31.816792239093985,-2.3338993859549646],[31.82474007052653,-2.3474401358030264],[31.84475683117148,-2.3645132551766608],[31.850938477841254,-2.3748159996262643],[31.851232841968397,-2.3886511136014406],[31.84063573339165,-2.411022787263448],[31.83798645624745,-2.4260353577471676],[31.84063573339165,-2.441047928230887],[31.848289200697085,-2.4545886780789488],[31.860063765782346,-2.46047596062158],[31.87537070039318,-2.4537055856975485],[31.912754944538904,-2.4239748088572526],[31.91981968359008,-2.4163213415518214]],[[31.89950855881798,-1.6350789481443826],[31.94013080836214,-1.6621604478404777],[31.937481531217973,-1.6512689751366167],[31.933360433438114,-1.6439098719583285],[31.91981968359008,-1.6280142090932088],[31.896270553419527,-1.615062187499433],[31.89244381976681,-1.6109410897195744],[31.88832272198698,-1.610352361465317],[31.858297581019542,-1.621243834169178],[31.86801159721489,-1.6362564046528976],[31.871838330867607,-1.6530351598994173],[31.87213269499475,-1.6901250399180014],[31.867128504833484,-1.6907137681722588],[31.865951048324977,-1.6889475834094583],[31.865951048324977,-1.6862983062652859],[31.865362320070716,-1.6827659367397132],[31.865362320070716,-1.6995446919862047],[31.858297581019542,-1.7448767675644774],[31.888617086114095,-1.6913024964265162],[31.897742374055188,-1.6627491760947635],[31.89950855881798,-1.6350789481443826]],[[32.069945388427215,-2.292982772283665],[32.07141720906287,-2.2779702017999455],[32.06759047541016,-2.267078729096056],[32.059937008104754,-2.265312544333284],[32.05022299190941,-2.2791476583084602],[32.044041345239634,-2.2791476583084602],[32.04551316587529,-2.269728006240257],[32.04845680714661,-2.260897082426311],[32.05198917667218,-2.2526548868666225],[32.05699336683341,-2.2450014195611914],[32.05022299190941,-2.252066158612365],[32.04610189412955,-2.2470619684511064],[32.04463007349389,-2.2426465065441334],[32.044041345239634,-2.2314606697131296],[32.02579076935746,-2.2335212186030446],[32.00960074236522,-2.2429408706712763],[31.99311635124585,-2.2550097998836804],[31.974571411236553,-2.2656069084603985],[31.96014756900709,-2.271494191003029],[31.95102228106603,-2.277087109418545],[31.947195547413312,-2.285918033232491],[31.95102228106603,-2.292394044029379],[31.972216498219495,-2.2897447668852067],[31.981341786160588,-2.292982772283665],[31.985168519813303,-2.308878435148756],[31.974865775363696,-2.322419184996818],[31.960736297261377,-2.334782478336365],[31.954554650591604,-2.3474401358030264],[31.966034851549754,-2.34096412500611],[31.969861585202437,-2.3436134021503108],[31.971333405838095,-2.3500894129471988],[31.974571411236553,-2.3547992389813146],[31.975454503617957,-2.35774288025263],[31.974571411236553,-2.36186397803246],[31.974277047109407,-2.3656907116851755],[31.977809416635015,-2.367456896447976],[31.98163615028773,-2.366573804066576],[31.986640340448957,-2.3645132551766608],[31.98987834584742,-2.3624527062867173],[31.98870088933887,-2.3612752497782026],[32.00371345982259,-2.3612752497782026],[32.02078657919623,-2.35774288025263],[32.037565334442746,-2.350972505328599],[32.05022299190941,-2.341258489133253],[32.069945388427215,-2.292982772283665]],[[32.2827706523434,-0.353123174485944],[32.323981630141844,-0.35400626686734427],[32.318977439980614,-0.3375218757479672],[32.297194494572864,-0.3142671097045593],[32.289835391394575,-0.2986658109665825],[32.28071010345349,-0.30308127287355546],[32.277177733927914,-0.3089685554162145],[32.278060826309314,-0.3169163868487601],[32.283065016470545,-0.325747310662706],[32.2733510002752,-0.33016277256967896],[32.26422571233411,-0.33075150082393634],[32.25598351677442,-0.32692476717122076],[32.24833004946902,-0.3183882074844178],[32.25568915264731,-0.3054361858906134],[32.21271199008606,-0.32133184875573306],[32.18739667515274,-0.32751349542550656],[32.166202457999276,-0.325747310662706],[32.15295607227836,-0.3116178325603869],[32.15619407767679,-0.29160107191543716],[32.173561561177564,-0.2574548331681683],[32.17238410466905,-0.23979298554024808],[32.15737153418533,-0.23449443125190328],[32.111745094479915,-0.2371437083960757],[32.08613541541945,-0.23155078998055958],[32.07377212207993,-0.23037333347204478],[32.06435247001173,-0.23508315950616065],[32.06552992652024,-0.24479717570150683],[32.06464683413884,-0.254511191896853],[32.05022299190941,-0.2574548331681683],[32.05022299190941,-0.2639308439650563],[32.0773044916055,-0.2730561319061451],[32.091728333834965,-0.28041523508443333],[32.09790998050474,-0.2880687023898645],[32.099381801140396,-0.2957221696952672],[32.10232544241171,-0.29807708271232514],[32.106740904318684,-0.2998432674751257],[32.111745094479915,-0.3054361858906134],[32.111745094479915,-0.30926291954332896],[32.105857811937284,-0.31632765859450274],[32.104385991301626,-0.32221494113713334],[32.11645492051403,-0.3298684084425645],[32.14412514846441,-0.3381106040022246],[32.17238410466905,-0.3407598811464254],[32.18739667515274,-0.3319289573324795],[32.193578321822514,-0.3319289573324795],[32.20240924563646,-0.3413486094006828],[32.21801054437444,-0.3501795332146287],[32.22831328882407,-0.36048227766423224],[32.22154291390004,-0.3737286633851795],[32.231256930095384,-0.37814412529215247],[32.241265310417845,-0.3860919567246981],[32.248035685341875,-0.39668906530144454],[32.24833004946902,-0.40846363038670574],[32.242148402799245,-0.41346782054793607],[32.2333174789853,-0.4131734564208216],[32.22507528342561,-0.4090523586409631],[32.21653872373878,-0.39874961419135957],[32.20594161516206,-0.40787490213244837],[32.19711069134809,-0.4214156519805101],[32.19711069134809,-0.42848039103165547],[32.18563049038997,-0.42906911928591285],[32.17679956657602,-0.4311296681758563],[32.17061791990625,-0.43554513008282925],[32.166202457999276,-0.4420211408797172],[32.166202457999276,-0.44938024405800553],[32.17091228403339,-0.45821116787195143],[32.167674278634934,-0.4714575535928703],[32.152661708151214,-0.497361596780479],[32.13588295290472,-0.5153178085355137],[32.13235058337912,-0.5253261888579743],[32.13823786592175,-0.5382782104517787],[32.166202457999276,-0.5382782104517787],[32.16561372974502,-0.5312134714006049],[32.167085550380676,-0.5232656399680593],[32.173561561177564,-0.5047206999587672],[32.17827138721168,-0.5064868847215394],[32.18916285991554,-0.5091361618657402],[32.193578321822514,-0.5109023466285407],[32.190340316424084,-0.497361596780479],[32.1897515881698,-0.4782279285169011],[32.18739667515274,-0.46998573295721263],[32.225369647552725,-0.4626266297789243],[32.2418540386721,-0.4638040862874675],[32.2418540386721,-0.46998573295721263],[32.236261120256614,-0.47705047200838635],[32.23861603327367,-0.4835264828052743],[32.247152592960475,-0.4885306729665331],[32.258927158045736,-0.49029685772930515],[32.263048255825595,-0.4870588523308754],[32.26599189709691,-0.4796997491525587],[32.27187917963954,-0.4723406459742705],[32.283065016470545,-0.46998573295721263],[32.274822820910856,-0.4328958529386284],[32.270701723131026,-0.38668068497895547],[32.2827706523434,-0.353123174485944]],[[32.34282093427828,-0.26157593094799836],[32.34723639618525,-0.26569702872785683],[32.35194622221937,-0.27128994714334453],[32.369902433974374,-0.2698181265076869],[32.36519260794029,-0.25804356142242574],[32.35194622221937,-0.24155917030304866],[32.34429275491394,-0.2271353280735866],[32.33958292887982,-0.21594949124258278],[32.3281027279217,-0.20417492615732158],[32.312501429183726,-0.1979932794875765],[32.296605766318606,-0.20299746964880683],[32.305731054259695,-0.20594111092012213],[32.3151507063279,-0.21153402933560983],[32.323981630141844,-0.21977622489529836],[32.33134073332013,-0.23037333347204478],[32.321626717124786,-0.2353775236332751],[32.31927180410773,-0.24214789855730603],[32.32280417363333,-0.24980136586273716],[32.33134073332013,-0.2574548331681683],[32.33310691808293,-0.2521562788797951],[32.33428437459145,-0.2521562788797951],[32.337522379989906,-0.25009572998988006],[32.33928856475271,-0.2571604690410254],[32.34282093427828,-0.26157593094799836]],[[32.388447373983695,-0.36784138084254897],[32.40051630319607,-0.36607519607974837],[32.413468324789875,-0.36695828846114864],[32.413468324789875,-0.36018791353711777],[32.400221939068956,-0.35694990813865957],[32.39462902065344,-0.34841334845185656],[32.38991919461935,-0.3386993322565104],[32.37902772191546,-0.3319289573324795],[32.36931370572012,-0.33428387034953744],[32.36872497746586,-0.3442922506719981],[32.37314043937283,-0.35694990813865957],[32.37902772191546,-0.36695828846114864],[32.372551711118575,-0.3648977395712052],[32.358422233016256,-0.36254282655417575],[32.35194622221937,-0.36018791353711777],[32.35400677110928,-0.3701962938595784],[32.356656048253456,-0.37490611989369427],[32.360777146033314,-0.37549484814795164],[32.388447373983695,-0.36784138084254897]],[[32.531213975642544,-2.3265402827766763],[32.53680689405803,-2.307112250385984],[32.53268579627821,-2.283857484342576],[32.523854872464256,-2.2823856637069184],[32.512963399760366,-2.287978582122406],[32.502071927056505,-2.285918033232491],[32.49589028038673,-2.285918033232491],[32.49883392165805,-2.3124108046743572],[32.502071927056505,-2.3209473643611602],[32.47469606323327,-2.324479733886733],[32.46498204703792,-2.3141769894371294],[32.467925688309236,-2.271788555130172],[32.46174404163946,-2.271788555130172],[32.45497366671543,-2.283268756088319],[32.44643710702863,-2.283857484342576],[32.43819491146894,-2.277087109418545],[32.43377944956197,-2.2656069084603985],[32.407581042247244,-2.342141581514653],[32.4099359552643,-2.3547992389813146],[32.42642034638368,-2.362158342159603],[32.43201326479917,-2.3792314615332373],[32.434368177816225,-2.39954258630533],[32.441138552740256,-2.4163213415518214],[32.45203002544412,-2.42044243933168],[32.46262713402086,-2.4183818904417365],[32.47234115021621,-2.4119058796448485],[32.48176080228441,-2.4021918634495023],[32.492063546734045,-2.4042524123394173],[32.50678175309062,-2.3965989450340146],[32.51943941055728,-2.383058195185953],[32.52326614421,-2.367456896447976],[32.51943941055728,-2.369517445337891],[32.518850682303025,-2.3706949018464063],[32.51826195404874,-2.371872358354949],[32.516201405158824,-2.3748159996262643],[32.512080307378994,-2.3589203367611447],[32.52002813881154,-2.343319038023168],[32.531213975642544,-2.3265402827766763]],[[32.53827871469369,-0.39021305450455657],[32.54357726898206,-0.3737286633851795],[32.52944779087974,-0.37814412529215247],[32.523854872464256,-0.38138213069058224],[32.516201405158824,-0.38726941323321284],[32.508842301980536,-0.3834426795805257],[32.50413247594642,-0.38403140783478307],[32.502071927056505,-0.3910961468859284],[32.50266065531076,-0.40551998911539044],[32.502071927056505,-0.40846363038670574],[32.48970863371699,-0.4184720107091948],[32.46998623719915,-0.42053255959910985],[32.45409057433403,-0.42848039103165547],[32.477050976250325,-0.4417267767525743],[32.47292987847047,-0.46086044501615225],[32.45585675909683,-0.4791110208983013],[32.441138552740256,-0.49029685772930515],[32.44408219401157,-0.49795032503473635],[32.448497655918544,-0.5020714228145664],[32.45409057433403,-0.503837607577367],[32.46174404163946,-0.5047206999587672],[32.47086932958055,-0.4997165097975369],[32.481172074030155,-0.4920630424921058],[32.48647062831853,-0.48176029804250226],[32.48176080228441,-0.46998573295721263],[32.49294663911542,-0.4658646351773825],[32.50060010642085,-0.45850553199909433],[32.521205595320055,-0.42053255959910985],[32.52356050833711,-0.4096410868952205],[32.52326614421,-0.39492288053864405],[32.53003651913403,-0.39492288053864405],[32.53680689405803,-0.40846363038670574],[32.537101258185174,-0.39845525006421667],[32.53827871469369,-0.39021305450455657]],[[32.75375325575408,-0.01843116193725791],[32.74963215797425,-0.027262085751203813],[32.75345889162696,-0.03991974321786529],[32.762878543695166,-0.052283036557383866],[32.78230657608586,-0.03668173781940709],[32.80320642911221,-0.009011509869026213],[32.81085989641764,0.01924744633561204],[32.789371315137004,0.03720365809064674],[32.789371315137004,0.016598169191411216],[32.78318966846726,0.016598169191411216],[32.77347565227191,0.02071926697126969],[32.766999641475024,0.01159397903018089],[32.765233456712224,-0.003712955580652988],[32.7696489186192,-0.017548069555857637],[32.75375325575408,-0.01843116193725791]],[[32.803795157366466,-0.10644603594960246],[32.81733590721453,-0.08584054705039534],[32.80438388562072,-0.07995326450776474],[32.793198048789726,-0.08024762863490764],[32.785250217357174,-0.08672363943179562],[32.78318966846726,-0.0993812968984571],[32.77347565227191,-0.09702638388139918],[32.762878543695166,-0.0931996502286836],[32.76582218496648,-0.07700962323644944],[32.758757445915336,-0.05993650386281501],[32.74668851670293,-0.04580702576049589],[32.73461958749053,-0.03785919432792184],[32.7372688646347,-0.049339395286068566],[32.74256741892307,-0.06023086798992949],[32.75551944051688,-0.07965890038062184],[32.75551944051688,-0.08584054705039534],[32.74551106019439,-0.08319126990622294],[32.7390350493975,-0.07759835149070682],[32.73579704399904,-0.06935615593101829],[32.73461958749053,-0.058464683227157366],[32.730204125583555,-0.06758997116824617],[32.72402247891378,-0.0722997972023336],[32.71636901160835,-0.07141670482093332],[32.707538087794404,-0.06523505815118824],[32.70959863668435,-0.07700962323644944],[32.71371973446418,-0.08819546006745327],[32.714308462718435,-0.09790947626279944],[32.707538087794404,-0.10674040007674535],[32.69870716398046,-0.10585730769534507],[32.69164242492931,-0.09761511213565655],[32.68398895762388,-0.09408274261008387],[32.673391849047135,-0.10674040007674535],[32.65955673507196,-0.0993812968984571],[32.66544401761459,-0.1111558619837183],[32.67398057730139,-0.11792623690774917],[32.68575514238668,-0.12086987817906447],[32.70076771287037,-0.12057551405192157],[32.71872392462541,-0.12557970421318032],[32.7408012341603,-0.11498259563643388],[32.75551944051688,-0.12057551405192157],[32.74168432654167,-0.12734588897595245],[32.74168432654167,-0.13411626389998332],[32.76582218496648,-0.13087825850155355],[32.78642767386569,-0.12145860643332185],[32.803795157366466,-0.10644603594960246]],[[33.00572894857879,-1.8052214136264695],[33.009261318104365,-1.8193508917287886],[32.99542620412919,-1.8193508917287886],[32.99866420952765,-1.8264156307799626],[33.002490943180334,-1.8381901958652236],[33.00366839968888,-1.8490816685690847],[32.999252937781904,-1.8540858587303435],[32.996898024764846,-1.8587956847644307],[33.00484585619739,-1.8696871574683203],[33.023390796206684,-1.888232097477612],[33.0272175298594,-1.889409553986127],[33.03045553525786,-1.8899982822404129],[33.03398790478343,-1.8911757387489276],[33.03722591018189,-1.895002472401643],[33.07048905654776,-1.8696871574683203],[33.083735442268676,-1.8561464076202583],[33.08815090417565,-1.8537914946032006],[33.09080018131985,-1.8490816685690847],[33.09168327370125,-1.836718375229566],[33.08991708893845,-1.832597277449736],[33.081380529251646,-1.8211170764915892],[33.078731252107445,-1.8131692450590435],[33.08491289877722,-1.8131692450590435],[33.09344945846402,-1.8167016145846162],[33.09757055624388,-1.8143467015675583],[33.09698182798962,-1.8078706907706705],[33.09168327370125,-1.7996284952109818],[33.08344107814156,-1.795507397431123],[33.07225524131056,-1.795801761558266],[33.05076666002995,-1.7996284952109818],[33.01573732890128,-1.8005115875923818],[33.00572894857879,-1.8052214136264695]],[[33.18676288676477,-2.1319655947426384],[33.187351615019026,-2.12460649156435],[33.18617415851051,-2.116658660131776],[33.18293615311205,-2.1160699318775187],[33.17852069120508,-2.1172473883860334],[33.17351650104385,-2.114892475369004],[33.14378572420355,-2.0878109756728804],[33.134660436262465,-2.073975861697704],[33.14702372960198,-2.0669111226465304],[33.14702372960198,-2.059552019468242],[33.10934512132914,-2.0513098239085537],[33.100514197515196,-2.043361992476008],[33.120236594033,-2.011276302618654],[33.11758731688883,-1.9959693680077917],[33.109933849583406,-1.9812511616512154],[33.10522402354931,-1.9668273194217534],[33.09727619211674,-1.9653554987860957],[33.046939926377235,-1.9774244279985],[33.043701920978776,-1.9756582432357277],[33.03575408954623,-1.9733033302186695],[33.0272175298594,-1.9733033302186695],[33.023390796206684,-1.9806624333969582],[33.01897533429971,-1.981839889905473],[32.99248256285787,-1.9912595419737045],[32.94096884060983,-1.963294949896181],[32.931549188541624,-1.9479880152853468],[32.9359646504486,-1.936802178454343],[32.94479557426254,-1.9256163416233392],[32.94773921553386,-1.9094263146310764],[32.94302938949974,-1.9044221244698463],[32.92477881361759,-1.8964742930373006],[32.92036335171062,-1.895002472401643],[32.911532427896674,-1.8964742930373006],[32.90711696598967,-1.8997122984357306],[32.89916913455713,-1.9094263146310764],[32.879741102166435,-1.9270881622589966],[32.86796653708117,-1.9350359936915424],[32.851482145961796,-1.9432781892512312],[32.846477955800566,-1.9347416295643995],[32.841473765639336,-1.9309148959117124],[32.834703390715305,-1.929737439403169],[32.82498937451996,-1.9291487111489118],[32.831171021189704,-1.9432781892512312],[32.846477955800566,-1.9594682162434651],[32.851482145961796,-1.9700653248202116],[32.85913561326723,-1.9700653248202116],[32.86384543930134,-1.971831509583012],[32.89181003137884,-1.9744807867271843],[32.89916913455713,-1.9774244279985],[32.89710858566721,-1.9894933572109041],[32.887394569471866,-2.0030341070589657],[32.85030468945328,-2.0415958077132075],[32.84500613516491,-2.0507210956542963],[32.844711771037765,-2.059552019468242],[32.8532483307246,-2.0719153128077608],[32.86207925453854,-2.070443492172103],[32.871498906606746,-2.066322394392273],[32.88268474343775,-2.0698547639178457],[32.9044676888455,-2.0854560626558225],[32.92860554727031,-2.0922264375798534],[32.97864744888267,-2.093698258215511],[32.996014932383446,-2.0989968125038843],[33.04311319272452,-2.135203600141068],[33.05577085019118,-2.1405021544294414],[33.06666232289504,-2.1393246979209266],[33.074610154327615,-2.1328486871240386],[33.078731252107445,-2.121662850293035],[33.10228038227797,-2.1343205077596963],[33.120530958160145,-2.1522767195147026],[33.14172517531364,-2.1667005617441646],[33.17351650104385,-2.1693498388883654],[33.16350812072136,-2.154042904277503],[33.16762921850122,-2.147566893480615],[33.176460142315165,-2.1469781652263578],[33.18087560422214,-2.14874434998913],[33.18558543025625,-2.137558513158126],[33.18676288676477,-2.1319655947426384]],[[33.184113609620596,0.14994511878205685],[33.194710718197314,0.16142531974020358],[33.17675450644231,0.16142531974020358],[33.16586303373842,0.14700147751074155],[33.164096848975646,0.12551289623013417],[33.17351650104385,0.10608486383944182],[33.18087560422214,0.11727070067044565],[33.184113609620596,0.14994511878205685]],[[33.295971977930634,0.030727647293758764],[33.30391980936318,0.043974033014677616],[33.28301995633683,0.043974033014677616],[33.28478614109963,0.048683859048765044],[33.28802414649806,0.0595753317526544],[33.29037905951512,0.06369642953248444],[33.264180652200395,0.057514782862739366],[33.25034553822522,0.04956695143016532],[33.24769626108102,0.03543747332784619],[33.25623282076785,0.01041652252166614],[33.28449177697249,0.02189672347978444],[33.295971977930634,0.030727647293758764]],[[33.386930493214294,0.2512063785153771],[33.40017687893524,0.2567992969308648],[33.38840231384995,0.27240059566884156],[33.38104321067166,0.28741316615256096],[33.3710348303492,0.2977159106021645],[33.351901162085625,0.2977159106021645],[33.351901162085625,0.29094553567813364],[33.359554629391056,0.2888849867882186],[33.36573627606083,0.28505825313550304],[33.3701517379678,0.27858224233861506],[33.37221228685772,0.27004568265178364],[33.366030640187944,0.27004568265178364],[33.35690535224688,0.2744611445587566],[33.34984061319571,0.26710204138046834],[33.34719133605154,0.25444438391380686],[33.351901162085625,0.24266981882854566],[33.34336460239882,0.24590782422700383],[33.34159841763602,0.24708528073551864],[33.33806604811045,0.2500289220068339],[33.3292351242965,0.23913744930297298],[33.319815472228306,0.2403149058114877],[33.314516917939926,0.24796837311691888],[33.317754923338356,0.2567992969308648],[33.317754923338356,0.2629809436006383],[33.295971977930634,0.26327530772775276],[33.29391142904069,0.2741667804316421],[33.30391980936318,0.28829625853396124],[33.317754923338356,0.2977159106021645],[33.29832689094766,0.30507501378045276],[33.2780157661756,0.3044862855261954],[33.23857097313996,0.2977159106021645],[33.233272418851584,0.29418354107659184],[33.21119510931669,0.26651331312621096],[33.205013462646946,0.2559162045494645],[33.20884019629963,0.24973455787971943],[33.221497853766294,0.24266981882854566],[33.255055364259306,0.20793485182701943],[33.259176462039164,0.20175320515724593],[33.263297559818994,0.19851519975878773],[33.26212010331048,0.19145046070764238],[33.25623282076785,0.1843857216564686],[33.2456357121911,0.18114771625803883],[33.23562733186864,0.1817364445122962],[33.20766273979112,0.1879180911820697],[33.228268228690325,0.15377185243477243],[33.235038603614356,0.15377185243477243],[33.246813168699646,0.16495768926577625],[33.26447501632754,0.15318312418051505],[33.279193222684114,0.12992835813710713],[33.28301995633683,0.10608486383944182],[33.29391142904069,0.1099115974921574],[33.30127053221898,0.11756506479758855],[33.30450853761744,0.1278678092471921],[33.30391980936318,0.1402311025867391],[33.31069018428721,0.1402311025867391],[33.31010145603295,0.10019758129681124],[33.3162831027027,0.08489064668597734],[33.33247312969496,0.07812027176194647],[33.33924350461896,0.07988645652474702],[33.34218714589028,0.08165264128751915],[33.34483642303448,0.08547937494023472],[33.32452529826239,0.09695957589838144],[33.31922674397401,0.11903688543324621],[33.325114026516644,0.14170292322239675],[33.33806604811045,0.15377185243477243],[33.325114026516644,0.16024786323168883],[33.317754923338356,0.17143370006269265],[33.316871830956956,0.18409135752935413],[33.32452529826239,0.19557155848747246],[33.31834365159264,0.21087849309833473],[33.32481966238953,0.21912068865802325],[33.33629986334765,0.2173545038952227],[33.34483642303448,0.20175320515724593],[33.35219552621277,0.21087849309833473],[33.35926026526394,0.2173545038952227],[33.36632500431509,0.21912068865802325],[33.37221228685772,0.21588268325956506],[33.378688297654634,0.22765724834482626],[33.38163193892595,0.2403149058114877],[33.386930493214294,0.2512063785153771]],[[33.72603796766998,-0.12970080199301037],[33.72868724481418,-0.10880094896666037],[33.718973228618836,-0.0993812968984571],[33.70484375051652,-0.10409112293257296],[33.671286240023505,-0.12675716072169507],[33.65391875652273,-0.13411626389998332],[33.65391875652273,-0.14029791056975682],[33.67069751176925,-0.1382373616798418],[33.68158898447311,-0.13970918231549945],[33.68924245177854,-0.14706828549378773],[33.69512973432117,-0.1620808559775071],[33.7019001092452,-0.15442738867207595],[33.71544085909326,-0.16826250264725218],[33.72603796766998,-0.12970080199301037]],[[33.76960385848549,0.07812027176194647],[33.7810840594436,0.07282171747357324],[33.819940124224985,0.06487388604102763],[33.83142032518313,0.06369642953248444],[33.84290052614125,0.06781752731234292],[33.85232017820948,0.07311608160071616],[33.863506015040485,0.07370480985497352],[33.87940167790558,0.06369642953248444],[33.882639683304035,0.07870900001620385],[33.866744020438915,0.09048356510146505],[33.84378361852265,0.09578211938983827],[33.8246499502591,0.09166102161000822],[33.81228665691958,0.11521015178053062],[33.78608824960486,0.11579888003478798],[33.76548276070562,0.1007863095510686],[33.76960385848549,0.07812027176194647]]]}},{"type":"Feature","properties":{"name":"Lake Chad","name_ar":"بحيرة تشاد","name_fr":"Tchad","scalerank":1},"geometry":{"bbox":[14.247374947113146,12.870302144522896,14.768105088009095,13.253564238048341],"type":"Polygon","coordinates":[[[14.73366448513468,13.080772495422053],[14.745144686092802,13.075768305260823],[14.768105088009095,13.069881022718164],[14.720712463540877,13.052219175090272],[14.7051111648029,13.044565707784841],[14.698635154006013,13.038972789369353],[14.690687322573439,13.009536376656174],[14.688921137810668,13.007181463639142],[14.687154953047866,13.004237822367827],[14.681267670505235,13.001882909350769],[14.678618393361063,12.995406898553853],[14.680973306378093,12.989519616011222],[14.683916947649436,12.983337969341477],[14.681267670505235,12.97774505092596],[14.667138192402916,12.974507045527503],[14.652714350173454,12.973918317273245],[14.644766518740907,12.972446496637588],[14.637113051435477,12.973035224891845],[14.619451203807586,12.99010834426548],[14.609442823485095,12.993935077918195],[14.598845714908379,12.996289990935255],[14.588248606331634,12.991285800774023],[14.580889503153344,12.98186614870582],[14.578534590136286,12.974212681400388],[14.571469851085112,12.971563404256187],[14.564993840288222,12.977156322671703],[14.560578378381251,12.984515425849992],[14.550864362185905,12.98598724648565],[14.540855981863446,12.983632333468591],[14.509064656133205,12.978039415053104],[14.495523906285143,12.97009158362053],[14.485515525962683,12.957433926153868],[14.479039515165793,12.952429735992638],[14.476684602148737,12.94418754043295],[14.473446596750277,12.937122801381804],[14.469031134843306,12.939183350271719],[14.46520440119059,12.951546643611238],[14.461966395792132,12.957433926153868],[14.456373477376644,12.951252279484123],[14.452546743723927,12.943598812178692],[14.452252379596787,12.933001703601946],[14.450486194834014,12.92976369820349],[14.448720010071215,12.926525692805058],[14.441360906892925,12.933296067729088],[14.432529983078979,12.936239709000404],[14.42340469513789,12.93094115471203],[14.415456863705344,12.9232876874066],[14.406037211637113,12.915928584228311],[14.398383744331712,12.907097660414365],[14.410158309416973,12.894440002947704],[14.406625939891399,12.882076709608157],[14.400444293221625,12.882076709608157],[14.394557010678994,12.8832541661167],[14.387492271627819,12.8823710737353],[14.372479701144128,12.872951421667096],[14.362765684948785,12.874128878175611],[14.353640397007695,12.878838704209727],[14.343043288430946,12.879133068336841],[14.318611065879026,12.870302144522896],[14.313312511590652,12.875011970557011],[14.310368870319337,12.8850203508795],[14.300360489996848,12.887669628023673],[14.26886352839378,12.888258356277932],[14.275928267444925,12.898561100727536],[14.28799719665733,12.90415401914305],[14.273278990300753,12.938300257890319],[14.284170463004614,12.941243899161634],[14.293590115072817,12.94683681757715],[14.285936647767414,12.961849388060841],[14.271807169665095,12.973918317273245],[14.270335349029438,12.980099963943019],[14.270924077283697,12.984809789977135],[14.260621332834093,12.993935077918195],[14.247374947113146,12.99923363220657],[14.25120168076586,13.004532186494941],[14.257677691562776,13.009830740783315],[14.263270609978264,13.011596925546115],[14.282993006496099,13.013068746181773],[14.29388447919996,13.01954475697866],[14.294178843327103,13.027198224284094],[14.291529566182902,13.034851691589495],[14.290352109674387,13.042210794767811],[14.285347919513129,13.0486868055647],[14.278577544589126,13.05280790334453],[14.273867718555012,13.058106457632903],[14.285053555386014,13.061638827158475],[14.3247927125488,13.057223365251502],[14.321260343023198,13.069881022718164],[14.305953408412364,13.099023071304202],[14.302421038886791,13.109031451626691],[14.296533756344132,13.11815673956778],[14.284759191258871,13.125221478618926],[14.27887190871624,13.136112951322815],[14.306836500793764,13.126693299254583],[14.345986929702262,13.088720326854599],[14.35069675573638,13.081655587803453],[14.362765684948785,13.067820473828249],[14.380721896703792,13.063699376048419],[14.376306434796817,13.073413392243765],[14.373068429398387,13.083421772566226],[14.371302244635586,13.102555440829804],[14.359527679550325,13.11226945702515],[14.344809473193749,13.118745467822038],[14.303304131268163,13.165549364035968],[14.300360489996848,13.172614103087142],[14.30889704968368,13.171731010705741],[14.318022337624768,13.167609912925883],[14.327147625565829,13.16231135863751],[14.337156005888316,13.15907335323908],[14.346575657956521,13.15819026085768],[14.356289674151867,13.158778989111937],[14.363648777330154,13.162900086891796],[14.366886782728612,13.170259190070084],[14.364237505584441,13.180267570392544],[14.373951521779787,13.193808320240606],[14.437534173240211,13.223539097080902],[14.44695382530844,13.222067276445244],[14.457256569758044,13.216474358029757],[14.469031134843306,13.214413809139813],[14.462555124046418,13.222361640572387],[14.464321308809188,13.230603836132076],[14.513185753913064,13.251209325031283],[14.536734884083586,13.253564238048341],[14.544388351389015,13.248854412014225],[14.55056999805879,13.242084037090194],[14.570586758703742,13.22766019486076],[14.598551350781236,13.19910687452898],[14.607676638722324,13.192925227859206],[14.6120921006293,13.197340689766179],[14.614152649519212,13.202639244054552],[14.611209008247897,13.209409618978583],[14.60973718761224,13.217357450411129],[14.631814497147104,13.212353260249898],[14.651242529537797,13.215885629775471],[14.667432556530061,13.205582885325867],[14.673614203199806,13.188509765952233],[14.667726920657175,13.180561934519687],[14.666843828275773,13.177029564994115],[14.670964926055634,13.164371907527453],[14.675380387962605,13.15730716847628],[14.692747871463382,13.148770608789476],[14.702756251785843,13.134935494814272],[14.718651914650964,13.127870755763128],[14.719535007032363,13.121983473220467],[14.719829371159477,13.11639055480498],[14.717180094015305,13.109325815753806],[14.718651914650964,13.098728707177088],[14.724244833066452,13.089014690981742],[14.73366448513468,13.080772495422053]]]}},{"type":"Feature","properties":{"name":"Lake Tana","name_ar":"بحيرة تانا","name_fr":"Tana","scalerank":1},"geometry":{"bbox":[36.987298132161754,11.624258794374555,37.60134170135842,12.309244118209932],"type":"Polygon","coordinates":[[[37.30197338406552,11.740238260464423],[37.29638046565,11.786159064296953],[37.29225936787017,11.798816721763615],[37.28460590056474,11.808236373831846],[37.27224260722522,11.816478569391535],[37.258996221504276,11.821777123679908],[37.22455561862989,11.830313683366711],[37.20983741227329,11.830313683366711],[37.1948248417896,11.82442640082408],[37.18187282019579,11.816184205264392],[37.16744897796633,11.810002558594618],[37.148609673829924,11.810296922721761],[37.13212528271055,11.816478569391535],[37.12299999476946,11.825898221459738],[37.119761989371,11.8394389713078],[37.1206450817524,11.858278275444237],[37.101805777615965,11.85033044401166],[37.095035402691934,11.835317873527941],[37.09238612554776,11.81853911828145],[37.08649884300513,11.80352654779773],[37.07236936490281,11.826781313841138],[37.06972008775861,11.830313683366711],[37.06618771823304,11.832079868129512],[37.04440477282529,11.840027699562057],[37.03940058266406,11.8412051560706],[37.03557384901134,11.861516280842665],[37.02615419694314,11.879766856724842],[37.01084726233228,11.889775237047303],[36.99141922994161,11.88535977514033],[36.987298132161754,11.90537653578528],[36.993185414704385,11.922449655158943],[37.000838882009816,11.935401676752718],[37.00142761026408,11.943643872312407],[36.99936706137416,11.955124073270554],[37.01526272423928,12.170892978458056],[37.02438801218034,12.188260461958835],[37.068248267122954,12.24212909722391],[37.081200288716765,12.252137477546398],[37.096801587454735,12.255964211199114],[37.110047973175654,12.261851493741744],[37.12299999476946,12.273331694699891],[37.13742383699893,12.281279526132437],[37.155380048753926,12.276569700098321],[37.16744897796633,12.25890785247043],[37.170392619237646,12.238596727698338],[37.17598553765316,12.220051787689044],[37.196296662425254,12.207688494349526],[37.212192325290346,12.220640515943302],[37.22661616751981,12.219463059434787],[37.23986255324073,12.212103956256499],[37.25104839007173,12.207688494349526],[37.268121509445365,12.209160314985184],[37.275774976750796,12.215636325782071],[37.294908645014345,12.26479513501306],[37.301679019938376,12.274509151208406],[37.31286485676938,12.282751346768094],[37.32669997074459,12.289227357564982],[37.337591443448446,12.290993542327783],[37.34789418789805,12.285106259785152],[37.360846209491854,12.26891623279289],[37.3782136929926,12.285106259785152],[37.39469808411198,12.290110449946383],[37.42913868698639,12.289521721692125],[37.446211806360026,12.295409004234756],[37.461813105098,12.304239928048702],[37.47859186034452,12.309244118209932],[37.49860862098947,12.303945563921559],[37.50508463178636,12.295703368361899],[37.52510139243132,12.255964211199114],[37.5342266803724,12.24477837436811],[37.53834777815223,12.236830542935564],[37.5462956095848,12.207688494349526],[37.559836359432865,12.18031263052626],[37.59192204929022,12.138218560346445],[37.60104733723128,12.112020153031722],[37.60134170135842,12.093180848895287],[37.59810369595996,12.07581336539454],[37.58044184833207,12.01576308345966],[37.574848929916556,12.006343431391457],[37.568961647373925,11.999573056467426],[37.566606734356895,11.991919589161995],[37.57367147340804,11.981028116458134],[37.56071945181424,11.968370458991473],[37.54894488672898,11.934812948498461],[37.538936506406515,11.920094742141885],[37.52569012068557,11.913913095472111],[37.500374805752244,11.912735638963596],[37.491249517811184,11.905965264039565],[37.4933100667011,11.898017432606991],[37.508028273057676,11.86858101989384],[37.51156064258325,11.858278275444237],[37.50567336004062,11.838261514799257],[37.49007206130264,11.829724955112454],[37.471232757166234,11.82354330844268],[37.45680891493677,11.810296922721761],[37.45474836604686,11.80176036303493],[37.4532765454112,11.779977417627208],[37.450332904139884,11.769380309050462],[37.44415125747011,11.76172684174503],[37.428549958732134,11.746419907134197],[37.42913868698639,11.734645342048935],[37.42913868698639,11.721693320455131],[37.42413449682516,11.712273668386928],[37.411771203485614,11.695494913140408],[37.40912192634144,11.690490722979177],[37.408533198087184,11.668707777571427],[37.406178285070126,11.661937402647396],[37.40176282316315,11.652812114706308],[37.386750252679434,11.631912261679958],[37.369971497432914,11.624258794374555],[37.35054346504226,11.625730615010212],[37.32669997074459,11.6322066258071],[37.31551413391358,11.648396652799335],[37.30285647644692,11.656344484231909],[37.29373118850583,11.663997951537311],[37.29255373199729,11.680187978529574],[37.299029742794204,11.697555462030323],[37.30786066660815,11.697555462030323],[37.319046503439154,11.69225690774195],[37.33347034566859,11.693728728377607],[37.344067454245334,11.704620201081497],[37.336708351067045,11.712273668386928],[37.31286485676938,11.721693320455131],[37.30521138946395,11.731112972523336],[37.30197338406552,11.740238260464423]]]}},{"type":"Feature","properties":{"name":"","name_ar":"","name_fr":"","scalerank":3},"geometry":{"bbox":[35.19079386427717,-14.757537371547075,35.32620136275776,-14.504384222213844],"type":"Polygon","coordinates":[[[35.30382968909575,-14.559135949860321],[35.32443517799496,-14.592104732099072],[35.32620136275776,-14.628017155609143],[35.320902808469384,-14.638319900058747],[35.298236770680234,-14.668050676899043],[35.29617622179032,-14.6695224975347],[35.28763966210349,-14.672760502933158],[35.28440165670506,-14.675115415950186],[35.28351856432366,-14.679530877857161],[35.28528474908643,-14.69130544294245],[35.28440165670506,-14.696015268976536],[35.280869287179456,-14.701608187392052],[35.276748189399626,-14.70543492104477],[35.27321581987405,-14.7113222035874],[35.27115527098411,-14.722802404545519],[35.27115527098411,-14.73222205661375],[35.275865097018226,-14.746940262970327],[35.27792564590814,-14.757537371547075],[35.216403543337634,-14.714265844858716],[35.19079386427717,-14.68541816039982],[35.20197970110817,-14.654509927050979],[35.191382592531454,-14.609472215599824],[35.19344314142137,-14.557958493351805],[35.21375426619343,-14.517041879680505],[35.257320157008934,-14.504384222213844],[35.30382968909575,-14.559135949860321]]]}},{"type":"Feature","properties":{"name":"Lac Moeru","name_ar":"بحيرة مويرو","name_fr":"Moero","scalerank":3},"geometry":{"bbox":[28.315036582735644,-9.529336109561484,29.14926451902679,-8.481105452845611],"type":"Polygon","coordinates":[[[29.127187209491918,-8.621222777360288],[29.14337723648416,-8.641239538005237],[29.14926451902679,-8.657723929124614],[29.146909606009732,-8.67568014087965],[29.086270595820626,-8.826688938098187],[29.046237074530694,-8.894392687338467],[29.02357103674157,-8.96062461594309],[29.007675373876456,-8.98829484389347],[28.99648953704545,-8.99742013183456],[28.953512374484234,-9.023618539149282],[28.935261798602056,-9.02921145756477],[28.919660499864076,-9.036864924870201],[28.910535211923015,-9.055409864879493],[28.902587380490445,-9.077781538541501],[28.890812815405184,-9.097503935059336],[28.849013109352484,-9.13194453793372],[28.830173805216052,-9.152550026832955],[28.816044327113726,-9.19464409701277],[28.802209213138553,-9.208184846860831],[28.774244621061058,-9.227907243378667],[28.765413697247084,-9.240859264972443],[28.754522224543223,-9.265291487524365],[28.746868757237795,-9.275594231973997],[28.7274407248471,-9.292667351347632],[28.71831543690604,-9.303558824051493],[28.71272251849052,-9.316510845645297],[28.71242815436341,-9.332700872637531],[28.723908355321527,-9.347419078994108],[28.72714636071998,-9.364492198367742],[28.71419433912618,-9.397755344733639],[28.71419433912618,-9.41365100759873],[28.732739279135476,-9.419538290141361],[28.720375985795954,-9.44544233332897],[28.70241977404092,-9.437788866023539],[28.66503552989519,-9.399227165369297],[28.65473278544559,-9.405408812039042],[28.6473736822673,-9.405997540293328],[28.640897671470412,-9.402170806640612],[28.634421660673496,-9.395694795843696],[28.625002008605293,-9.390984969809608],[28.616171084791347,-9.39275115457238],[28.607634525104515,-9.396872252352239],[28.58025866128128,-9.40364262727627],[28.541402596499893,-9.422187567285562],[28.5210914717278,-9.426308665065392],[28.526684390143316,-9.4104130022003],[28.52432947712626,-9.391868062191008],[28.515498553312312,-9.378327312342947],[28.500485982828597,-9.378032948215804],[28.500485982828597,-9.364492198367742],[28.483118499327816,-9.386569507902635],[28.48252977107356,-9.44455924094757],[28.45898064090304,-9.467519642863834],[28.480763586310758,-9.473406925406465],[28.50696199362548,-9.473701289533608],[28.52609566188906,-9.48135475683901],[28.52786184665183,-9.509024984789392],[28.50372398822705,-9.503432066373904],[28.454565178996063,-9.523743191145996],[28.424834402155767,-9.529336109561484],[28.397164174205386,-9.527864288925826],[28.384212152611582,-9.524920647654511],[28.37332067990772,-9.51903336511188],[28.3574250170426,-9.514617903204908],[28.330049153219363,-9.528453017180084],[28.315036582735644,-9.521977006383196],[28.329166060837963,-9.509024984789392],[28.322395685913932,-9.495778599068473],[28.32592805543951,-9.487536403508784],[28.346239180211597,-9.470757648262293],[28.352126462754228,-9.457805626668488],[28.352420826881374,-9.443381784439026],[28.34888845735577,-9.423070659666962],[28.340057533541824,-9.398049708860754],[28.32386750654959,-9.379210404724347],[28.315036582735644,-9.361254192969312],[28.329166060837963,-9.337705062798761],[28.31886331638836,-9.316805209772411],[28.326222419566648,-9.2850138840422],[28.315036582735644,-9.275594231973997],[28.327988604329448,-9.258521112600363],[28.339468805287567,-9.232911433539897],[28.345061723703083,-9.207301754479431],[28.339468805287567,-9.18963990685154],[28.32563369131239,-9.170800602715104],[28.320923865278274,-9.14872329318024],[28.322984414168193,-9.125468527136832],[28.329166060837963,-9.103685581729081],[28.341823718304624,-9.082491364575617],[28.401285271985216,-9.039514202014375],[28.423068217392967,-9.012432702318279],[28.42836677168134,-9.008605968665563],[28.466339744081324,-8.98829484389347],[28.48694523298053,-8.964451349595805],[28.520797107600686,-8.906167252423728],[28.541402596499893,-8.878497024473376],[28.61381617177429,-8.813148188250125],[28.665918622276592,-8.747799352026902],[28.757171501687395,-8.655369016107556],[28.869029869997433,-8.494940566820787],[28.890812815405184,-8.481105452845611],[28.909063391287365,-8.483166001735526],[28.938499804000518,-8.508186952541735],[28.95616165162841,-8.514662963338623],[28.979710781798957,-8.519667153499853],[29.001199363079564,-8.531736082712257],[29.04182161262372,-8.562349951933953],[29.106581720592715,-8.602089109096738],[29.127187209491918,-8.621222777360288]]]}},{"type":"Feature","properties":{"name":"Lake Bangweulu","name_ar":"بحيرة بانغويلو","name_fr":"Bangwelo","scalerank":4},"geometry":{"bbox":[29.47983543379567,-11.43446074035765,30.042365280744296,-10.844849393712906],"type":"Polygon","coordinates":[[[30.036772362328776,-10.976135794413636],[30.04089346010861,-10.984966718227582],[30.042365280744296,-10.999390560457044],[30.038832911218687,-11.006749663635333],[30.0211710635908,-11.026766424280282],[30.014989416921022,-11.037069168729888],[30.000565574691592,-11.095353265901963],[29.988202281352045,-11.123023493852344],[29.966713700071438,-11.13950788497172],[29.979665721665242,-11.097708178919023],[29.982609362936557,-11.079163238909729],[29.976722080393927,-11.071215407477183],[29.95935459689315,-11.076513961765528],[29.934922374341227,-11.089465983359332],[29.911373244170672,-11.107127830987224],[29.89812685844976,-11.125967135123659],[29.89959867908541,-11.145983895768609],[29.91166760829782,-11.159819009743813],[29.925797086400134,-11.171299210701932],[29.932273097197026,-11.184251232295736],[29.935805466722627,-11.199852531033713],[29.95022930895206,-11.231055128509666],[29.95287858609626,-11.249305704391816],[29.947874395935006,-11.27638720408794],[29.936394194976888,-11.290811046317401],[29.901659227975333,-11.314065812360809],[29.89518321717844,-11.322308007920498],[29.889884662890072,-11.333493844751501],[29.886057929237356,-11.34497404570962],[29.884586108601695,-11.354982426032109],[29.879581918440465,-11.361458436828997],[29.85043986985443,-11.372349909532858],[29.823652734285446,-11.419448169873931],[29.81276126158159,-11.42680727305222],[29.78715158252112,-11.421508718763846],[29.770078463147485,-11.411205974314242],[29.753299707900965,-11.405318691771612],[29.727690028840527,-11.413266523204157],[29.723274566933558,-11.417093256856873],[29.713854914865323,-11.428867821942134],[29.707084539941317,-11.43446074035765],[29.69884234438163,-11.429162186069279],[29.692955061838973,-11.427396001306477],[29.687067779296342,-11.429162186069279],[29.6791199478638,-11.43446074035765],[29.65439336118473,-11.422097447018132],[29.604351459572342,-11.409145425424327],[29.583451606545992,-11.399725773356124],[29.565495394790986,-11.384124474618147],[29.55342646557858,-11.365579534608829],[29.54753918303595,-11.342030404438304],[29.548716639544466,-11.310827806962351],[29.598758541156855,-11.190727243092624],[29.620835850691716,-11.156581004345355],[29.66499046976148,-11.10595037447871],[29.68353540977077,-11.077691418274071],[29.699431072635893,-11.04325081539966],[29.687950871677742,-11.061501391281837],[29.64144133959095,-11.108894015750025],[29.626134404980093,-11.12773331988646],[29.58963325321577,-11.201618715796513],[29.566378487172358,-11.234881862162382],[29.563140481773928,-11.246067698993386],[29.558725019866955,-11.254898622807332],[29.54753918303595,-11.255192986934475],[29.502795835711936,-11.242829693594928],[29.492787455389447,-11.226050938348436],[29.47983543379567,-11.181013226897278],[29.489843814118135,-11.169238661812017],[29.50191274333054,-11.163351379269386],[29.513392944288658,-11.164528835777901],[29.521635139848346,-11.17365412371899],[29.522518232229743,-11.191315971346881],[29.51074366714448,-11.220752384060063],[29.513981672542943,-11.235764954543782],[29.529582971280913,-11.212804552627489],[29.53900262334912,-11.188077965948452],[29.55224900907004,-11.168061205303502],[29.57991923702042,-11.160113373870928],[29.59228253035997,-11.150399357675582],[29.63143295926847,-11.095058901774848],[29.635259692921185,-11.07504214112987],[29.64467934498938,-11.055614108739178],[29.666167926269992,-11.023528418881853],[29.678825583736657,-11.009693304906648],[29.694721246601777,-10.997035647439986],[29.709733817085493,-10.982023076956267],[29.72033092566224,-10.96141758805706],[29.705318355178523,-10.950231751226056],[29.721508382170754,-10.930803718835364],[29.74034768630719,-10.923444615657075],[29.7338716755103,-10.947876838208998],[29.741230778688593,-10.947876838208998],[29.75477152853665,-10.919912246131503],[29.761836267587796,-10.919912246131503],[29.75477152853665,-10.939045914395052],[29.732399854874643,-10.976724522667894],[29.727690028840527,-10.99556382680433],[29.7338716755103,-10.99556382680433],[29.76065881107928,-10.943167012174882],[29.777731930452916,-10.916674240733045],[29.79568814220795,-10.906077132156298],[29.79568814220795,-10.91373059946173],[29.773022104418803,-10.93963464264931],[29.720625289789357,-11.02500023951751],[29.713266186611065,-11.05090428270509],[29.723274566933558,-11.036774804602771],[29.761836267587796,-10.99556382680433],[29.783913577122657,-10.936691001377994],[29.79245013680949,-10.927271349309791],[29.80245851713198,-10.92050097438576],[29.817471087615672,-10.905194039774898],[29.831011837463734,-10.887826556274149],[29.836899120006365,-10.875463262934602],[29.842492038421884,-10.872225257536172],[29.88075937494898,-10.87193089340903],[29.89165084765287,-10.867515431502056],[29.91078451591642,-10.848381763238507],[29.925502722273,-10.844849393712906],[29.926974542908653,-10.85868450768811],[29.938749107993946,-10.873108349917544],[29.966713700071438,-10.893125110562522],[29.990851558496246,-10.927271349309791],[29.998210661674538,-10.929037534072565],[30.00704158548848,-10.933452995979536],[30.01528378104817,-10.939929006776453],[30.0211710635908,-10.947876838208998],[30.016755601683826,-10.95140920773457],[30.012340139776853,-10.957885218531487],[30.00763031374274,-10.96141758805706],[30.014989416921022,-10.981728712829153],[30.028235802641944,-10.974369609650864],[30.036772362328776,-10.976135794413636]]]}},{"type":"Feature","properties":{"name":"Lake Kivu","name_ar":"بحيرة كيفو","name_fr":"Kivu","scalerank":4},"geometry":{"bbox":[28.834883631250168,-2.477549079995214,29.36385596770577,-1.5865088671676517],"type":"Polygon","coordinates":[[[29.333242098484078,-2.0513098239085537],[29.32588299530579,-2.056608378196927],[29.315580250856186,-2.059552019468242],[29.31999571276316,-2.0692660356635884],[29.322350625780214,-2.0801575083674493],[29.321173169271674,-2.0910489810713386],[29.315580250856186,-2.1010573613937993],[29.30439441402518,-2.079274415986049],[29.297035310846898,-2.0725040410620466],[29.28820438703295,-2.073092769316304],[29.281434012108917,-2.08280678551165],[29.27731291432906,-2.098408084249627],[29.274663637184883,-2.1275501328356654],[29.268187626388,-2.1275501328356654],[29.26318343622674,-2.1184248448945766],[29.263477800353883,-2.107239008063573],[29.268187626388,-2.079863144240335],[29.25435251241279,-2.087222247418623],[29.24846522987016,-2.0995855407581416],[29.247876501615906,-2.1316712306154955],[29.25258632765002,-2.1369697849038687],[29.262594707972486,-2.1428570674464993],[29.272014360040682,-2.1525710836418455],[29.274663637184883,-2.1693498388883654],[29.25229196352288,-2.1481556217348725],[29.22432737144535,-2.14962744237053],[29.206076795563206,-2.1681723823798222],[29.21373026286864,-2.1973144309658608],[29.19371350222369,-2.1946651538216884],[29.183116393646937,-2.205850990652692],[29.180761480629883,-2.2246902947890987],[29.185765670791113,-2.2450014195611914],[29.193124773969405,-2.242352142417019],[29.199895148893432,-2.237642316382903],[29.19636277936786,-2.252066158612365],[29.18517694253686,-2.256481620519338],[29.171047464434533,-2.25324361512088],[29.158389806967875,-2.2450014195611914],[29.116884465042318,-2.3265402827766763],[29.118945013932233,-2.3147657176913867],[29.12336047583921,-2.298281326572038],[29.124243568220606,-2.285918033232491],[29.116884465042318,-2.285918033232491],[29.113646459643864,-2.297986962444895],[29.10893663360974,-2.306523522131698],[29.096278976143083,-2.3209473643611602],[29.097456432651622,-2.31594317419993],[29.093040970744653,-2.3129995329286146],[29.08685932407488,-2.3121164405472143],[29.08273822629505,-2.313293897055729],[29.08097204153225,-2.318298087216988],[29.08156076978651,-2.331838837065021],[29.079500220896588,-2.33772611960768],[29.07008056882836,-2.353327418345657],[29.065076378667126,-2.3701061735921485],[29.057717275488844,-2.385118744075868],[29.04182161262372,-2.3954214885254714],[29.053301813581864,-2.3756990920076646],[29.062132737395814,-2.3547992389813146],[29.05271308532761,-2.3403753967518526],[29.05153562881907,-2.3150600818185296],[29.04712016691209,-2.292394044029379],[29.02798649864855,-2.285918033232491],[29.01974430308886,-2.2909222233937214],[29.014151384673365,-2.300341875461953],[29.00061063482531,-2.3474401358030264],[28.99648953704545,-2.3536217824727714],[28.99354589577413,-2.3559766954898294],[28.990602254502818,-2.357154151998344],[28.98648115672299,-2.3612752497782026],[28.967641852586553,-2.375110363753379],[28.924075961771056,-2.3918891189998988],[28.904647929380385,-2.408962238373533],[28.8937564566765,-2.435455009815371],[28.88728044587961,-2.461947781257237],[28.874034060158692,-2.477549079995214],[28.842537098555592,-2.47048434094404],[28.842537098555592,-2.4628308736386373],[28.83664981601296,-2.447523939027775],[28.834883631250168,-2.428978999018483],[28.836355451885826,-2.3918891189998988],[28.841654006174196,-2.3733441789906067],[28.855489120149404,-2.3603921573968023],[28.94998000495866,-2.3118220764200714],[28.959694021154007,-2.3103502557844138],[28.962343298298183,-2.292982772283665],[28.972351678620672,-2.264135087824741],[28.972940406874926,-2.2450014195611914],[28.933495613839284,-2.290627859266607],[28.91141830430439,-2.311233348165814],[28.88404244048115,-2.3265402827766763],[28.919071771609822,-2.2788532941813457],[28.92584214653385,-2.2526548868666225],[28.912007032558677,-2.2241015665348414],[28.903470472871845,-2.227928300187557],[28.89728882620207,-2.2341099468573304],[28.8928733642951,-2.242057778289876],[28.890812815405184,-2.252066158612365],[28.887574810006722,-2.249711245595307],[28.879921342701323,-2.2473563325782493],[28.876683337302868,-2.2450014195611914],[28.873445331904406,-2.2505943379767075],[28.870501690633095,-2.253537979248023],[28.867558049361776,-2.255598528137938],[28.863436951581946,-2.2588365335363676],[28.863731315709057,-2.2402915935270755],[28.865791864599004,-2.232049397967387],[28.870501690633095,-2.2241015665348414],[28.85961021792923,-2.2176255557379534],[28.858138397293573,-2.207028447161207],[28.864614408090464,-2.1946651538216884],[28.876683337302868,-2.1828905887363987],[28.871679147141634,-2.1799469474650834],[28.869029869997433,-2.1764145779395108],[28.86696932110752,-2.172882208413938],[28.863436951581946,-2.1693498388883654],[28.889046630642383,-2.1646400128542496],[28.897877554456358,-2.149921806497673],[28.88816353826101,-2.1381472414123834],[28.85666657665792,-2.141973975065099],[28.883453712226896,-2.114598111241861],[28.93143506494937,-2.085750426782966],[28.967053124332296,-2.0533703727984687],[28.95616165162841,-2.0151030362713698],[28.952040553848573,-2.0068608407116812],[28.950863097340065,-1.9962637321349346],[28.94909691257726,-1.987432808320989],[28.942326537653233,-1.9839004387953878],[28.925253418279596,-1.9806624333969582],[28.91995486399122,-1.9833117105411306],[28.918188679228425,-1.994497547372134],[28.90729720652456,-2.0068608407116812],[28.904942293507503,-2.014808672144227],[28.914950673829996,-2.0186354057969425],[28.916716858592764,-2.0236395959581728],[28.910535211923015,-2.0348254327891766],[28.90023246747339,-2.0468943620015807],[28.890812815405184,-2.0533703727984687],[28.89110717953233,-2.028938150246546],[28.889046630642383,-2.018929769924057],[28.88404244048115,-2.0115706667457687],[28.894639549057903,-2.0000904657876504],[28.90140992398193,-1.9889046289566465],[28.912007032558677,-1.963294949896181],[28.928197059550914,-1.9677104118031536],[28.94644763543306,-1.9438669175054883],[28.993840259901273,-1.833480369831108],[29.004143004350883,-1.8220001688729892],[29.015328841181883,-1.8131692450590435],[29.024159764995833,-1.8028665006094118],[29.02798649864855,-1.7857933812357771],[29.014445748800483,-1.792563756159808],[29.014445748800483,-1.7516471424885083],[29.03151886817412,-1.754296419632709],[29.04770889516638,-1.7395782132761042],[29.09274660661751,-1.6709913716544236],[29.096278976143083,-1.6621604478404777],[29.097456432651622,-1.6495027903738162],[29.09451279138031,-1.6389056817970982],[29.08273822629505,-1.6144734592451473],[29.07861712851519,-1.6215381982963208],[29.02828086277569,-1.6783504748327402],[29.020627395470257,-1.6901250399180014],[29.014445748800483,-1.6901250399180014],[29.017389390071795,-1.6639266326032782],[29.02798649864855,-1.6294860297288665],[29.04270470500512,-1.5991665246343132],[29.059189096124495,-1.5865088671676517],[29.076556579625276,-1.5891581443118241],[29.087742416456283,-1.5956341551087405],[29.107170448846972,-1.6177114646436053],[29.119828106313637,-1.6250705678218935],[29.150147611408187,-1.6318409427459244],[29.161333448239194,-1.6383169535428124],[29.173108013324455,-1.6506802468823594],[29.194596594605063,-1.668636458637394],[29.206076795563206,-1.6759955618156823],[29.24640468098025,-1.6910081322994017],[29.254646876539937,-1.6966010507148894],[29.256118697175594,-1.7027826973846631],[29.253763784158537,-1.7086699799272935],[29.249642686378678,-1.7145572624699241],[29.247876501615906,-1.7207389091396976],[29.250525778760082,-1.72338818628387],[29.26377216448103,-1.7269205558094427],[29.268187626388,-1.7304529253350438],[29.272014360040682,-1.7410500339117618],[29.273191816549232,-1.754296419632709],[29.27054253940503,-1.767542805353628],[29.26141725146397,-1.7790230063117463],[29.277018550201948,-1.7990397669567242],[29.279667827346117,-1.8484929403148271],[29.28820438703295,-1.867626608578405],[29.2758410936934,-1.8873490050962118],[29.284966381634494,-1.9079544939954187],[29.309104240059302,-1.9326810806744847],[29.31175351720347,-1.9256163416233392],[29.3167577073647,-1.933269808928742],[29.321467533398817,-1.9450443740140317],[29.322350625780214,-1.9497542000481187],[29.331475913721306,-1.971242781328726],[29.33765756039105,-1.9768356997442424],[29.349726489603455,-1.9700653248202116],[29.346488484205025,-1.9889046289566465],[29.35208140262051,-2.005683384203138],[29.359734869925944,-2.020990318814001],[29.36385596770577,-2.035708525170577],[29.361206690561602,-2.0513098239085537],[29.355613772146086,-2.0513098239085537],[29.350315217857716,-2.04424508485738],[29.349726489603455,-2.038946530569035],[29.340012473408105,-2.0448338131116657],[29.333242098484078,-2.0513098239085537]],[[29.099516981541544,-1.9556414825907498],[29.116884465042318,-1.9432781892512312],[29.115118280279514,-1.927971254640397],[29.10687608471983,-1.9188459666993085],[29.09686770439737,-1.9185516025721656],[29.09009732947334,-1.9291487111489118],[29.08568186756636,-1.9256163416233392],[29.081855133913653,-1.9238501568605386],[29.07861712851519,-1.9212008797163662],[29.075967851371022,-1.9156079613008503],[29.05094690056481,-1.9515203848109193],[29.04417652564078,-1.971537145455869],[29.04182161262372,-1.9980299168977351],[29.0574229113617,-1.9912595419737045],[29.061838373268696,-2.000384829914765],[29.05595109072604,-2.032176155645004],[29.050358172310553,-2.0492492750186386],[29.02798649864855,-2.0875166115457375],[29.028575226902802,-2.089577160435681],[29.02239358023306,-2.114303747114718],[29.020627395470257,-2.1181304807674337],[29.019449938961717,-2.1343205077596963],[29.017389390071795,-2.1416796109379845],[29.014445748800483,-2.14874434998913],[29.006203553240795,-2.160518915074391],[28.995606444664052,-2.172587844286795],[28.985598064341588,-2.186128594134857],[28.980299510053218,-2.2034960776356343],[28.986775520850102,-2.2011411646185763],[29.00090499895242,-2.1990806157286613],[29.007675373876456,-2.1973144309658608],[29.004437368478026,-2.205850990652692],[29.004143004350883,-2.211738273195323],[29.007381009749338,-2.216742463356553],[29.014445748800483,-2.2241015665348414],[29.017683754198938,-2.220863561136383],[29.01974430308886,-2.220274832882126],[29.02268794436017,-2.2196861046278684],[29.02798649864855,-2.2173311916108105],[29.020038667215996,-2.225279023043356],[29.015328841181883,-2.234698675111588],[29.01385702054623,-2.2455901478154487],[29.014445748800483,-2.2588365335363676],[29.036228694208237,-2.262074538934826],[29.068608748192702,-2.2458845119425916],[29.093924063126025,-2.220274832882126],[29.09333533487177,-2.193487697313145],[29.089508601219055,-2.174059664922453],[29.10952536186403,-2.1340261436325534],[29.107170448846972,-2.1181304807674337],[29.09833952503303,-2.1051784591736578],[29.093924063126025,-2.0925208017069963],[29.088036780583394,-2.081629329003107],[29.075967851371022,-2.073092769316304],[29.075967851371022,-2.0669111226465304],[29.084798775184964,-2.066322394392273],[29.08891987296479,-2.0639674813752156],[29.09009732947334,-2.058963291213985],[29.09009732947334,-2.049543639145753],[29.093040970744653,-2.045422541365923],[29.108053541228376,-2.038946530569035],[29.113646459643864,-2.035708525170577],[29.115118280279514,-2.026877601356631],[29.10628735646557,-2.0000904657876504],[29.102166258685713,-1.9788962486341577],[29.098928253287283,-1.9730089660915267],[29.09598461201597,-1.9671216835488963],[29.096278976143083,-1.9571133032264074],[29.099516981541544,-1.9556414825907498]]]}},{"type":"Feature","properties":{"name":"Lake Edward","name_ar":"بحيرة إدوارد","name_fr":"Édouard","scalerank":4},"geometry":{"bbox":[29.309104240059302,-0.689581371797459,29.901659227975333,-0.06935615593101829],"type":"Polygon","coordinates":[[[29.47041578172744,-0.6159903400145197],[29.452165205845287,-0.6068650520734593],[29.437741363615824,-0.6095143292176317],[29.438918820124343,-0.6201114377943782],[29.42684989091197,-0.6365958289137552],[29.410954228046847,-0.6672096981354514],[29.398002206453047,-0.681633540364885],[29.39682474994453,-0.6781011708393123],[29.391820559783298,-0.6692702470253664],[29.380634722952298,-0.6831053610005426],[29.377396717553836,-0.689581371797459],[29.370037614375548,-0.689581371797459],[29.36944888612129,-0.6783955349664552],[29.370331978502662,-0.6675040622625659],[29.37327561977401,-0.6572013178129623],[29.377396717553836,-0.6480760298718735],[29.37769108168098,-0.6233494431928364],[29.375630532791032,-0.6098086933447746],[29.370037614375548,-0.5995059488951711],[29.355613772146086,-0.5933243022253976],[29.318523892127505,-0.5939130304796549],[29.309104240059302,-0.5927355739711402],[29.311164788949213,-0.566537166656417],[29.334125190865475,-0.5388669387060361],[29.344427935315085,-0.5144347161541134],[29.309104240059302,-0.497361596780479],[29.319701348636013,-0.48176029804250226],[29.33059282133991,-0.4758730154998716],[29.342661750552306,-0.4720462818471561],[29.356791228654632,-0.4638040862874675],[29.366210880722836,-0.4526182494564637],[29.380045994698012,-0.4299522116673131],[29.391820559783298,-0.4220043802347675],[29.384461456605006,-0.3975721576828448],[29.39240928803756,-0.37578921227509454],[29.42861607567474,-0.3357556909851951],[29.438330091870085,-0.31927129986581804],[29.446572287429774,-0.2574548331681683],[29.463645406803412,-0.21594949124258278],[29.493376183643708,-0.18121452424105655],[29.53193788429797,-0.15501611692633332],[29.639086426573893,-0.12293042706897951],[29.655276453566135,-0.12057551405192157],[29.67470448595682,-0.11409950325503361],[29.685595958660684,-0.09967566102557157],[29.69442688247466,-0.08377999816048032],[29.707084539941317,-0.07259416132947649],[29.732399854874643,-0.06935615593101829],[29.754477164409504,-0.07759835149070682],[29.769489734893227,-0.09437710673722677],[29.775377017435858,-0.11704314452634891],[29.780675571724228,-0.1261684324674377],[29.79245013680949,-0.12734588897595245],[29.804224701894757,-0.12705152484883797],[29.809523256183127,-0.13087825850155355],[29.80981762031027,-0.14294718771392922],[29.81128944094593,-0.15177811152790355],[29.815116174598646,-0.15766539407053415],[29.82306400603119,-0.1620808559775071],[29.83631039175211,-0.16355267661316475],[29.845730043820314,-0.15943157883330628],[29.853972239380003,-0.1529555680364183],[29.86368625557534,-0.14765701374804507],[29.88929593463581,-0.1411810029511571],[29.901659227975333,-0.14029791056975682],[29.90077613559396,-0.14854010612944535],[29.888118478127296,-0.19092854043640275],[29.878993190186208,-0.2550999201511104],[29.866924260973803,-0.29425034905960956],[29.850145505727287,-0.3289853160611642],[29.830128745082337,-0.36018791353711777],[29.814821810471503,-0.3743173916394369],[29.78214739235989,-0.3896243262502708],[29.746529332976962,-0.41994383134485247],[29.727395664713384,-0.42612547801459755],[29.707378904068435,-0.42906911928591285],[29.685890322787827,-0.4358394942099437],[29.672349572939765,-0.44731969516809045],[29.64909480689636,-0.47705047200838635],[29.634670964666924,-0.482937754551017],[29.626134404980093,-0.49117995011070553],[29.611121834496377,-0.545637313630067],[29.587867068452997,-0.5803722806315932],[29.55489828621424,-0.6030383184207437],[29.47983543379567,-0.6413056549478426],[29.47041578172744,-0.6159903400145197]]]}},{"type":"Feature","properties":{"name":"","name_ar":"","name_fr":"","scalerank":4},"geometry":{"bbox":[33.154677196907414,1.6303023141272492,33.160564479450045,1.6335403195256788],"type":"Polygon","coordinates":[[[33.15791520230587,1.632362863017164],[33.160564479450045,1.6335403195256788],[33.15585465341596,1.6303023141272492],[33.154677196907414,1.631479770635764],[33.155560289288815,1.6320684988900211],[33.15791520230587,1.632362863017164]]]}},{"type":"Feature","properties":{"name":"Lake Kyoga","name_ar":"بحيرة كيوغا","name_fr":"Kyoga","scalerank":5},"geometry":{"bbox":[32.53680689405803,1.21583762312585,33.496433948507274,1.7739520081674982],"type":"Polygon","coordinates":[[[33.48789738882047,1.6588556344590017],[33.496433948507274,1.6547345366791717],[33.489074845328986,1.6547345366791717],[33.49437339961736,1.6450205204838255],[33.49584522025302,1.6406050585768526],[33.496433948507274,1.6335403195256788],[33.489074845328986,1.6335403195256788],[33.45433987832746,1.6438430639752823],[33.403120520206556,1.6494359823907985],[33.351901162085625,1.6417825150853673],[33.317754923338356,1.6132291947535862],[33.28743541824381,1.6232375750760752],[33.260059554420565,1.6117573741179285],[33.21472747884229,1.572018216955172],[33.19794872359577,1.573784401717944],[33.17528268580665,1.564659113776884],[33.155560289288815,1.5499409074202788],[33.14113644705935,1.5231537718512982],[33.12700696895703,1.5187383099443252],[33.109933849583406,1.5155003045458955],[33.09521564322682,1.506963744859064],[33.092860730209765,1.4922455385024875],[33.10816766482063,1.4807653375443408],[33.12995061022835,1.4728175061117952],[33.14702372960198,1.4689907724590796],[33.16998413151828,1.4684020442048222],[33.18529106612911,1.4734062343660526],[33.20000927248569,1.481648429925741],[33.221497853766294,1.4901849896125725],[33.21472747884229,1.476644239764511],[33.257704641403514,1.486358255959857],[33.2762495814128,1.4857695277055996],[33.2771326737942,1.4689907724590796],[33.26212010331048,1.4763498756373679],[33.24975680997096,1.4704625930947373],[33.244163891555445,1.4572162073738184],[33.24946244584382,1.441909272762956],[33.22061476138492,1.4416149086358416],[33.19971490835857,1.4392599956187837],[33.17940378358648,1.4310178000590952],[33.15320537627176,1.4136503165583179],[33.16615739786556,1.400403930837399],[33.181464332476395,1.3989321102017414],[33.20000927248569,1.4001095667102845],[33.221497853766294,1.3945166482947684],[33.221497853766294,1.3871575451164802],[33.215021842969406,1.3892180940063954],[33.20118672899423,1.3921617352777105],[33.194710718197314,1.3945166482947684],[33.202952913757,1.3812702625738495],[33.222380946147695,1.3780322571753914],[33.243280799174045,1.3830364473366217],[33.25623282076785,1.3945166482947684],[33.278310130302714,1.3830364473366217],[33.2865523258624,1.391867371150596],[33.29037905951512,1.421303783863749],[33.29950434745621,1.4245417892622072],[33.31657746682984,1.4260136098978649],[33.33247312969496,1.423658696880807],[33.33806604811045,1.4136503165583179],[33.3292351242965,1.4036419362358572],[33.31569437444844,1.4054081209986293],[33.30656908650735,1.4030532079815998],[33.31069018428721,1.3803871701924493],[33.314516917939926,1.375382980031219],[33.3189323798469,1.3762660724126192],[33.32364220588099,1.3780322571753914],[33.3283520319151,1.377149164793991],[33.33306185794922,1.3718506105056179],[33.33129567318642,1.3689069692343026],[33.326880211279445,1.3668464203443877],[33.32452529826239,1.3636084149459577],[33.32717457540659,1.354483127004869],[33.33423931445773,1.3453578390637804],[33.34336460239882,1.3374100076312345],[33.351901162085625,1.3318170892157184],[33.341892781763164,1.3226918012746296],[33.33571113509339,1.3112116003165113],[33.3292351242965,1.3047355895196233],[33.317754923338356,1.3115059644436258],[33.28449177697249,1.298259578722707],[33.26889047823451,1.289428654908761],[33.26241446743762,1.280892095221958],[33.26535810870894,1.2647020682296954],[33.27065666299731,1.2485120412374613],[33.27389466839574,1.2323220142452271],[33.26977357061591,1.21583762312585],[33.26241446743762,1.2237854545583957],[33.256821549022106,1.2273178240839684],[33.25063990235233,1.227023459956854],[33.24180897853839,1.222607998049881],[33.24063152202987,1.2417416663134304],[33.2335667829787,1.2655851606110957],[33.22385276678335,1.2888399266545036],[33.21472747884229,1.3053243177738807],[33.21119510931669,1.3035581330110801],[33.20795710391826,1.3026750406296799],[33.2047190985198,1.3009088558669077],[33.20089236486709,1.2976708504684495],[33.186468522637654,1.3115059644436258],[33.174693957552364,1.307973594918053],[33.15320537627176,1.2847188288746452],[33.1526166480175,1.287073741891703],[33.144668816584954,1.2864850136374457],[33.13318861562681,1.2847188288746452],[33.13171679499115,1.2835413723661304],[33.127301333084176,1.2805977310948151],[33.120530958160145,1.2776540898234998],[33.112877490854714,1.277359725696357],[33.12995061022835,1.319159431749057],[33.12995061022835,1.325635442545945],[33.12259150705006,1.3303452685800607],[33.10257474640511,1.3488902085893528],[33.098748012752395,1.350067665097896],[33.094626914972565,1.347712752080838],[33.07549324670899,1.363019686691672],[33.067839779403585,1.3674351485986451],[33.061069404479554,1.3650802355816154],[33.054593393682666,1.360959137801757],[33.04752865463149,1.358898588911842],[33.040169551453204,1.3636084149459577],[33.03428226891057,1.3703787898699602],[33.02839498636794,1.3756773441583334],[33.02162461144391,1.3792097136839345],[33.012793687629966,1.3803871701924493],[32.978353084755554,1.3948110124219113],[32.94096884060983,1.4227756044994067],[32.89946349868427,1.4413205445086987],[32.851482145961796,1.4280741587877799],[32.85707506437731,1.4260136098978649],[32.86119616215715,1.423658696880807],[32.86590598819126,1.4218925121180064],[32.87267636311529,1.421303783863749],[32.86678908057266,1.4074686698885728],[32.85913561326723,1.3945166482947684],[32.851482145961796,1.3945166482947684],[32.849715961198996,1.402758843854457],[32.847949776436224,1.4059968492529151],[32.84441740691065,1.4080573981428302],[32.83764703198662,1.4136503165583179],[32.843828678656365,1.3842139038451649],[32.879741102166435,1.340059284775407],[32.89298748788735,1.3115059644436258],[32.885628384709065,1.3115059644436258],[32.88209601518349,1.317098882859142],[32.87826928153078,1.3206312523847146],[32.872970727242404,1.3229861654017725],[32.865317259937,1.325635442545945],[32.86914399358969,1.310622872062254],[32.87267636311529,1.3044412253924804],[32.87944673803932,1.2976708504684495],[32.85854688501297,1.3088566872994534],[32.84677231992768,1.3368212793769487],[32.831171021189704,1.4012870232187993],[32.811154260544754,1.3989321102017414],[32.78318966846726,1.421009419736606],[32.762878543695166,1.4136503165583179],[32.741978690668816,1.4162995937025187],[32.724316843040924,1.3992264743288843],[32.71990138113395,1.3777378930482769],[32.7381519570161,1.3674351485986451],[32.74874906559285,1.3639027790730722],[32.75669689702539,1.3494789368436102],[32.76641091322074,1.3462409314451806],[32.77259255989051,1.3418254695382075],[32.776124929416085,1.3309339968343181],[32.77730238592463,1.3176876111133993],[32.77641929354323,1.3053243177738807],[32.76670527734788,1.3150383339692269],[32.74551106019439,1.3468296596994378],[32.7381519570161,1.3536000346234687],[32.72049010938821,1.3568380400219269],[32.690170604293655,1.370967518124246],[32.67721858269985,1.3742055235226758],[32.666621474123104,1.375088615904076],[32.64542725696964,1.3803871701924493],[32.61952321378203,1.3803871701924493],[32.60068390964563,1.3868631809893373],[32.58419951852625,1.3968715613118263],[32.571541861059586,1.4086461263970875],[32.5641827578813,1.421303783863749],[32.55741238295727,1.4254248816436075],[32.550642008033236,1.4310178000590952],[32.545637817872006,1.437788174983126],[32.54239981247355,1.4483852835598725],[32.539750535329375,1.4492683759412728],[32.53739562231232,1.4507401965769304],[32.53680689405803,1.4560387508652752],[32.53916180707509,1.4601598486451337],[32.54858145914332,1.467518951823422],[32.55770674708438,1.499310277553633],[32.55682365470301,1.5140284839102378],[32.54357726898206,1.523742500105584],[32.56094475248284,1.5311016032838722],[32.571541861059586,1.520798858834269],[32.58243333376345,1.5051975600962635],[32.60186136615414,1.4969553645366034],[32.662500376343274,1.4893018972311722],[32.680750952225424,1.4901849896125725],[32.69488043032774,1.4987215492993757],[32.73962377765176,1.5381663423350176],[32.7575799894068,1.5714294887009146],[32.77671365767034,1.5832040537861758],[32.79731914656958,1.5920349776001217],[32.8105655322905,1.5999828090326673],[32.81733590721453,1.5999828090326673],[32.81821899959593,1.5902687928373211],[32.81763027134167,1.5814378690233752],[32.81498099419747,1.5729013093365722],[32.8105655322905,1.5652478420311413],[32.80585570625638,1.569957668065257],[32.799674059586636,1.5746674940993444],[32.79673041831532,1.5787885918792028],[32.788782586882746,1.5652478420311413],[32.78907695100989,1.552884548691594],[32.79643605418818,1.5431705324962766],[32.8105655322905,1.5378719782079031],[32.82027954848584,1.5416987118605903],[32.83146538531685,1.5505296356745646],[32.84206249389359,1.5564169182171952],[32.851482145961796,1.5517070921830793],[32.87091017835249,1.5587718312342531],[32.88592274883621,1.555533825835795],[32.89916913455713,1.5558281899629378],[32.91359297678659,1.572018216955172],[32.935670286321454,1.5534732769458799],[32.95892505236487,1.5590661953613676],[32.97982490539121,1.5678971191753135],[32.99542620412919,1.5584774671071102],[32.99071637809507,1.5543563693272517],[32.9880671009509,1.5499409074202788],[32.982474182535384,1.5378719782079031],[33.00837822572299,1.542287440114876],[33.03339917652917,1.5602436518699108],[33.071077784802014,1.5999828090326673],[33.07637633909039,1.603809542685383],[33.08344107814156,1.6076362763380985],[33.08932836068419,1.6117573741179285],[33.09168327370125,1.6167615642791873],[33.09021145306559,1.6264755804745334],[33.08815090417565,1.631774134762907],[33.08756217592139,1.6356008684155938],[33.09168327370125,1.640899422703967],[33.10757893656634,1.649730346517913],[33.116409860380315,1.645609248738083],[33.116409860380315,1.6358952325427367],[33.10522402354931,1.6273586728559337],[33.10522402354931,1.6205882979319028],[33.11405494736326,1.6152897436435296],[33.11935350165163,1.6094024611008992],[33.12494642006712,1.6055757274481834],[33.13318861562681,1.6061644557024408],[33.13701534927952,1.6094024611008992],[33.14849555023764,1.6235319392032181],[33.15585465341596,1.6303023141272492],[33.160564479450045,1.6273586728559337],[33.15320537627176,1.6205882979319028],[33.170572859772534,1.6270643087287908],[33.174693957552364,1.636778324924137],[33.17587141406091,1.6494359823907985],[33.184113609620596,1.6650372811287752],[33.19206144105314,1.6715132919256632],[33.19765435946863,1.6718076560528061],[33.20177545724849,1.669747107162891],[33.20766273979112,1.6682752865272334],[33.20707401153686,1.6635654604931176],[33.21443311471515,1.655617629060572],[33.22385276678335,1.6529683519163714],[33.228268228690325,1.6650372811287752],[33.23062314170738,1.6668034658915758],[33.24063152202987,1.685054041773725],[33.24180897853839,1.6888807754264406],[33.25152299473373,1.6921187808248987],[33.25711591314925,1.689469503680698],[33.259176462039164,1.6844653135194676],[33.259176462039164,1.6821104005024097],[33.250934266479476,1.6744569331969787],[33.25034553822522,1.657678177950487],[33.257704641403514,1.64119378683111],[33.273600304268626,1.6335403195256788],[33.28537486935389,1.639133237941195],[33.310984548414325,1.6653316452559181],[33.32452529826239,1.6744569331969787],[33.37692211289183,1.6821104005024097],[33.39281777575695,1.6888807754264406],[33.420488003707305,1.7480479649799179],[33.43785548720808,1.7739520081674982],[33.45492860658172,1.7639436278450091],[33.439916036098,1.7551127040310632],[33.43432311768251,1.7324466662419127],[33.43608930244528,1.670630199544263],[33.442270949115056,1.6744569331969787],[33.45522297070886,1.684759677646582],[33.47582845960807,1.6888807754264406],[33.472296090082494,1.680638579866752],[33.470824269446844,1.6723963843070635],[33.469058084684036,1.6547345366791717],[33.47582845960807,1.6547345366791717],[33.4808326497693,1.6591499985861446],[33.48377629104061,1.6603274550946594],[33.48789738882047,1.6588556344590017]],[[32.865317259937,1.441909272762956],[32.865317259937,1.448679647686987],[32.75139834273702,1.4469134629242149],[32.74168432654167,1.448679647686987],[32.736974500507586,1.4519176530854452],[32.73314776685487,1.4575105715009329],[32.7269661201851,1.4616316692807914],[32.71489719097269,1.4622203975350487],[32.73255903860061,1.4416149086358416],[32.751103978609905,1.431312164186238],[32.77377001639903,1.4295459794234375],[32.803795157366466,1.4354332619660681],[32.82410628213856,1.4251305175164646],[32.83499775484242,1.427779794660637],[32.845594863419166,1.4360219902203255],[32.865317259937,1.441909272762956]]]}},{"type":"Feature","properties":{"name":"Lake Rukwa","name_ar":"بحيرة روكوا","name_fr":"Rukwa","scalerank":5},"geometry":{"bbox":[31.778524902566858,-8.122275581872117,32.538867442947975,-7.566810473974642],"type":"MultiPolygon","coordinates":[[[[31.921585868352853,-7.567104838101785],[31.91658167819162,-7.566810473974642],[31.919525319462938,-7.566810473974642],[31.922174596607107,-7.566810473974642],[31.921585868352853,-7.567104838101785]]],[[[32.47204678608907,-8.000114469112475],[32.532980160405344,-8.04956764247058],[32.538867442947975,-8.122275581872117],[32.47322424259761,-8.08489133772639],[32.394334656526325,-8.061342207555839],[32.35959968952477,-8.034555071986858],[32.324864722523245,-8.007767936417878],[32.29425085330155,-7.997465191968275],[32.26098770693568,-7.99452155069696],[32.190340316424084,-7.9562542141698325],[32.113511279242715,-7.934765632889224],[32.0372709703156,-7.961552768458205],[31.966623579804008,-8.002763746256647],[31.913049308666046,-7.965968230365178],[31.873015787376115,-7.898853209379154],[31.859769401655203,-7.865590063013286],[31.845639923552884,-7.832621280774532],[31.838280820374592,-7.823790356960586],[31.83062735306916,-7.814665069019497],[31.83298226608622,-7.8058341452055515],[31.83886954862885,-7.799946862662921],[31.825623162907927,-7.785523020433487],[31.811199320678465,-7.77227663471254],[31.778524902566858,-7.703395428963744],[31.796481114321892,-7.6368691362319785],[31.830038624814907,-7.614497462569973],[31.866834140706374,-7.60007362034051],[31.89391564040247,-7.5838835933482756],[31.921585868352853,-7.567104838101785],[31.958970112498573,-7.569459751118842],[31.995471264262907,-7.596541250814938],[32.034916057298545,-7.622445294002517],[32.07230030144427,-7.649821157825785],[32.12558020845509,-7.7201741842102365],[32.1906346805512,-7.777575189000913],[32.2715848155124,-7.828205818867559],[32.34017165713408,-7.8941433833450665],[32.37137425461006,-7.931527627490794],[32.402576852086014,-7.96950059989078],[32.43495690607048,-7.988045539900071],[32.47204678608907,-8.000114469112475]]]]}},{"type":"Feature","properties":{"name":"Lake Manyara","name_ar":"بحيرة مانيارا","name_fr":"Manyara","scalerank":5},"geometry":{"bbox":[35.737133684233555,-3.76421467968774,35.89491285637612,-3.404207352205703],"type":"Polygon","coordinates":[[[35.738899868996356,-3.7612710384164245],[35.74360969503044,-3.7059305825156628],[35.747142064556044,-3.6526506755048445],[35.737133684233555,-3.624391719300206],[35.738899868996356,-3.594366578332768],[35.75273498297153,-3.5805314643575628],[35.76657009694674,-3.5666963503823865],[35.767158825201,-3.5502119592630095],[35.76657009694674,-3.533433204016518],[35.78452630870174,-3.4736772862087832],[35.81131344427072,-3.427756482376253],[35.838983672221104,-3.4215748357064797],[35.86223843826451,-3.404207352205703],[35.87783973700249,-3.412155183638248],[35.883432655418005,-3.438942319207257],[35.89491285637612,-3.4589590798522067],[35.89402976399472,-3.480447661132814],[35.88784811732498,-3.5122389868630255],[35.881666470655205,-3.541969763703321],[35.859000432866054,-3.600548225002541],[35.869303177315686,-3.6608928710645334],[35.86518207953583,-3.6800265393280824],[35.855762427467624,-3.700043299973032],[35.84722586778079,-3.697099658701717],[35.838983672221104,-3.6944503815575445],[35.83604003094979,-3.702692577117233],[35.83339075380562,-3.7112291368040364],[35.825737286500186,-3.7203544247451243],[35.81955563983041,-3.7303628050675854],[35.78276012393897,-3.76421467968774],[35.738899868996356,-3.7612710384164245]]]}},{"type":"Feature","properties":{"name":"Lac Tumba","name_ar":"بحيرة تومبا","name_fr":"Tumba","scalerank":5},"geometry":{"bbox":[17.798583776829616,-1.003667895446938,18.162712202091484,-0.6327690952610396],"type":"Polygon","coordinates":[[[18.077346605223312,-0.9415570646221739],[18.060567849976792,-0.9515654449446345],[18.033486350280697,-0.9768807598779573],[18.016413230907062,-0.9724652979709845],[18.012292133127204,-0.9603963687585805],[18.01611886677992,-0.9447950700206036],[18.022594877576807,-0.9291937712826268],[18.011409040745804,-0.9277219506469692],[18.01052594836443,-0.9230121246128533],[18.012292133127204,-0.9165361138159654],[18.009054127728774,-0.9085882823834197],[18.008171035347374,-0.9047615487307041],[18.009054127728774,-0.9000517226965883],[18.00934849185589,-0.8962249890438728],[18.005816122330316,-0.8944588042811006],[17.99198100835511,-0.895341896662501],[17.98844863882954,-0.8944588042811006],[17.981678263905508,-0.8915151630097853],[17.96696005754893,-0.8897489782469847],[17.9610727750063,-0.8876884293570697],[17.956362948972185,-0.8818011468144391],[17.950770030556697,-0.8664942122035768],[17.94753202515824,-0.8603125655338317],[17.918978704826458,-0.8317592452020506],[17.912797058156713,-0.8193959518625036],[17.908970324503997,-0.7979073705818963],[17.91426887879237,-0.7917257239121511],[17.94753202515824,-0.7987904629632965],[17.940761650234208,-0.7752413327927741],[17.94017292197995,-0.7225501540361847],[17.926337808004774,-0.702533393391235],[17.923982894987716,-0.7090094041881514],[17.920450525462115,-0.7134248660951243],[17.916623791809428,-0.7175459638749544],[17.912797058156713,-0.7231388822904705],[17.88807047147765,-0.7160741432392967],[17.835379292721086,-0.7240219746718424],[17.80976961366062,-0.7163685073664396],[17.817128716838912,-0.7095981324424088],[17.806825972389305,-0.6951742902129467],[17.799172505083874,-0.6789842632207126],[17.798583776829616,-0.6627942362284784],[17.80976961366062,-0.6480760298718735],[17.831846923195485,-0.6766293502036547],[17.872763536866785,-0.6748631654408541],[17.954891128336527,-0.6413056549478426],[17.971669883583047,-0.6365958289137552],[17.999634475660542,-0.6327690952610396],[18.025832882975266,-0.6339465517695544],[18.037313083933412,-0.6448380244734438],[18.042022909967503,-0.6569069536858478],[18.05291438267139,-0.6604393232114205],[18.066160768392308,-0.6601449590842776],[18.077346605223312,-0.6616167797199353],[18.08970989856283,-0.6683871546439661],[18.11885194714887,-0.6957630184672041],[18.11885194714887,-0.7163685073664396],[18.10884356682641,-0.7222557899090702],[18.112081572224838,-0.727848708324558],[18.120323767784527,-0.7355021756299891],[18.125033593818642,-0.7469823765881358],[18.12150122429307,-0.7543414797664242],[18.112081572224838,-0.7564020286563391],[18.10119009952098,-0.7546358438935385],[18.09147608332563,-0.7505147461137085],[18.095008452851204,-0.7884877185136929],[18.098540822376776,-0.7987904629632965],[18.105899925555093,-0.8055608378873274],[18.127094142708557,-0.8179241312268459],[18.131803968742673,-0.8261663267865345],[18.12974341985276,-0.8402958048888536],[18.122089952547327,-0.8438281744144547],[18.112670300479095,-0.8438281744144547],[18.105311197300807,-0.84677181568577],[18.103250648410892,-0.8523647341012577],[18.098540822376776,-0.884156059831497],[18.102661920156635,-0.890632070628385],[18.111787208097724,-0.8976968096795304],[18.120912496038784,-0.9065277334935047],[18.125033593818642,-0.9185966627058805],[18.1247392296915,-0.9324317766810849],[18.125033593818642,-0.9353754179524004],[18.127977235089958,-0.9406739722407736],[18.136808158903904,-0.9468556189105186],[18.138574343666704,-0.9527429014531492],[18.143578533827935,-0.9612794611399808],[18.162712202091484,-0.9801187652764157],[18.162712202091484,-0.9839454989291313],[18.15653055542174,-0.9865947760733036],[18.14240107731942,-0.9995467976671079],[18.131803968742673,-1.003667895446938],[18.1247392296915,-0.9901271455988763],[18.114436485241896,-0.987183504327561],[18.09147608332563,-0.9907158738531621],[18.084411344274457,-0.9927764227430771],[18.07793533347757,-0.9968975205229071],[18.07293114331634,-0.99719188465005],[18.07116495855354,-0.987183504327561],[18.073225507443453,-0.9768807598779573],[18.082645159511685,-0.9606907328857234],[18.0847057084016,-0.9527429014531492],[18.077346605223312,-0.9415570646221739]]]}},{"type":"Feature","properties":{"name":"Lake Débo","name_ar":"بحيرة ديبو","name_fr":"Débo","scalerank":7},"geometry":{"bbox":[-4.3038938909153615,15.203137852041381,-3.9795046228162505,15.506921631241255],"type":"Polygon","coordinates":[[[-3.9954002856813706,15.31941168225839],[-3.9889242748844533,15.30763711717313],[-3.9795046228162505,15.281144345731263],[-3.9899545493294397,15.282027438112664],[-4.01041285616509,15.28673726414678],[-4.0213043288689505,15.28614853589252],[-4.023806423949566,15.285265443511124],[-4.028369067920096,15.282321802239808],[-4.031165527127854,15.281144345731263],[-4.033814804272055,15.28173307398555],[-4.038671812369728,15.284087987002607],[-4.041173907450343,15.283793622875464],[-4.044117548721658,15.281144345731263],[-4.046325279675131,15.276434519697178],[-4.048827374755746,15.267897960010346],[-4.0583942088875355,15.265543046993285],[-4.071051866354196,15.271430329535944],[-4.082532067312343,15.282027438112664],[-4.088566531918531,15.292330182562266],[-4.094748178588304,15.293802003197925],[-4.112851572406896,15.301455470503356],[-4.121682496220842,15.303221655266158],[-4.133015515115403,15.304104747647555],[-4.1439069878192925,15.3026329270119],[-4.151413273061138,15.297334372723528],[-4.152885093696796,15.293213274943668],[-4.151560455124724,15.290563997799495],[-4.148911177980523,15.287914720655294],[-4.146850629090608,15.28349925874832],[-4.146850629090608,15.279083796841348],[-4.1480280855991225,15.276140155570033],[-4.152885093696796,15.271135965408805],[-4.155387188777412,15.268781052391745],[-4.1583308300487545,15.267014867628944],[-4.160538561002227,15.264954318739031],[-4.161568835447184,15.261421949213457],[-4.160980107192927,15.258183943814998],[-4.157153373540211,15.252885389526627],[-4.156270281158811,15.249941748255312],[-4.158772376239426,15.241405188568509],[-4.1653955690999,15.238461547297193],[-4.172901854341745,15.236400998407277],[-4.178641954820819,15.23169117237316],[-4.1789363189479625,15.224626433321987],[-4.177170134185161,15.215501145380927],[-4.177906044503004,15.207553313948353],[-4.185117965617735,15.203137852041381],[-4.19129961228748,15.20490403680418],[-4.204840362135542,15.216384237762298],[-4.210874826741731,15.220799699669273],[-4.214848742458031,15.221682792050672],[-4.218675476110747,15.221682792050672],[-4.222207845636319,15.222565884432072],[-4.2251514869076345,15.225509525703387],[-4.226328943416149,15.22904189522896],[-4.225887397225449,15.232868628881677],[-4.216614927220803,15.261716313340601],[-4.216320563093689,15.26995850890026],[-4.2453154296161415,15.264071226357629],[-4.256206902320031,15.264659954611917],[-4.252380168667315,15.274962699061518],[-4.242813334535526,15.284087987002607],[-4.231333133577408,15.291152726053754],[-4.184823601490592,15.313818763842903],[-4.174815221168103,15.320294774639791],[-4.173637764659588,15.327653877818078],[-4.177170134185161,15.330303154962253],[-4.188797517206865,15.335012980996368],[-4.193654525304538,15.337367894013425],[-4.197334076893696,15.340900263538998],[-4.211169190868873,15.357973382912633],[-4.216467745157246,15.362388844819607],[-4.222796573890577,15.364449393709549],[-4.231038769450265,15.364449393709549],[-4.238986600882811,15.361800116565348],[-4.252821714858015,15.353852285132804],[-4.260916728354118,15.352086100370002],[-4.27077792661305,15.353263556878547],[-4.272544111375822,15.357384654658373],[-4.265479372324678,15.370631040379294],[-4.262535731053362,15.378284507684725],[-4.261505456608404,15.385643610863013],[-4.261947002799076,15.393297078168445],[-4.265037826133977,15.408898376906421],[-4.266656828833192,15.437451697238203],[-4.270925108676607,15.450698082959121],[-4.280197578681253,15.470420479476928],[-4.296976333927745,15.494263973774594],[-4.3038938909153615,15.506921631241255],[-4.2903531410673,15.503683625842825],[-4.278725758045596,15.498090707427309],[-4.246198521997542,15.47248102836687],[-4.241635878027012,15.467476838205613],[-4.238545054692111,15.461295191535868],[-4.237661962310739,15.454524816611839],[-4.238692236755696,15.440689702636632],[-4.237220416120039,15.433919327712603],[-4.232510590085923,15.428032045169973],[-4.227064853733992,15.426854588661456],[-4.220736025000662,15.426854588661456],[-4.213965650076631,15.42391094739014],[-4.209550188169658,15.41861239310177],[-4.202926995309184,15.405954735635106],[-4.197628441020811,15.40036181721959],[-4.165689933227043,15.384171790227354],[-4.152590729569681,15.37534086641341],[-4.14537880845495,15.372397225142095],[-4.137283794958819,15.370925404506437],[-4.131985240670446,15.372691589269238],[-4.12860005320843,15.37769577943047],[-4.124773319555743,15.393591442295588],[-4.121240950030142,15.398595632456816],[-4.115795213678211,15.398595632456816],[-4.10814174637278,15.3930027140413],[-4.0909214449355895,15.367981763235122],[-4.0812074287402424,15.35679592640412],[-4.063545581112351,15.34943682322583],[-4.053095654599161,15.340605899411884],[-4.006144576321674,15.328831334326594],[-3.9954002856813706,15.31941168225839]]]}},{"type":"Feature","properties":{"name":"Lake Lembeni","name_ar":"بحيرة لمبيني","name_fr":"Embalse de Colomera","scalerank":7},"geometry":{"bbox":[37.33023234027016,-3.7830539838241752,37.47741440383598,-3.5802371002304487],"type":"Polygon","coordinates":[[[37.45798637144529,-3.5864187469002213],[37.471232757166234,-3.5802371002304487],[37.47741440383598,-3.595544034841282],[37.47329330605615,-3.6123227900878017],[37.452687817156914,-3.650001398360644],[37.446211806360026,-3.668546338369936],[37.453570909538314,-3.762742859052082],[37.44150198032591,-3.7830539838241752],[37.42737250222359,-3.7680414133404554],[37.39528681236624,-3.710640408549779],[37.34171254122828,-3.6597154145559894],[37.33023234027016,-3.6388155615296403],[37.33405907392287,-3.6099678770707446],[37.361729301873225,-3.6037862304009707],[37.42472322507942,-3.6099678770707446],[37.441207616198795,-3.6008425891296554],[37.45798637144529,-3.5864187469002213]]]}},{"type":"Feature","properties":{"name":"Lake Kwania","name_ar":"بحيرة كوانيا","name_fr":"Lake Kwania","scalerank":7},"geometry":{"bbox":[32.23508366374807,1.5517070921830793,33.02309643207957,1.9290819031658941],"type":"Polygon","coordinates":[[[32.54033926358363,1.6252981239659903],[32.553880013431694,1.631185406508621],[32.5641827578813,1.640899422703967],[32.54033926358363,1.640899422703967],[32.51443522039605,1.6450205204838255],[32.490297361971244,1.6532627160435143],[32.461155313385206,1.6723963843070635],[32.449380748299944,1.6776949385954367],[32.43672309083328,1.680932943993895],[32.423476705112364,1.6821104005024097],[32.4108190476457,1.6797554874853518],[32.401693759704614,1.6750456614512645],[32.39492338478058,1.6703358354171485],[32.38903610223795,1.6682752865272334],[32.38108827080538,1.6638598246202605],[32.323981630141844,1.640899422703967],[32.32780836379456,1.6258868522202476],[32.34959130920231,1.6173502925334446],[32.37520098826275,1.6117573741179285],[32.39197974350927,1.6061644557024408],[32.39992757494181,1.617939020787702],[32.40964159113716,1.6167615642791873],[32.419355607332506,1.608519368719499],[32.43672309083328,1.5887969722016635],[32.441138552740256,1.5846758744218334],[32.48853117720844,1.5879138798202632],[32.50501556832782,1.584087146167576],[32.516201405158824,1.572018216955172],[32.51679013341308,1.5567112823443097],[32.50530993245496,1.5540620052001373],[32.488825541335586,1.5584774671071102],[32.475284791487525,1.5652478420311413],[32.475284791487525,1.5517070921830793],[32.40228248795887,1.5681914833024564],[32.39197974350927,1.5826153255319184],[32.388447373983695,1.5917406134729788],[32.37873335778835,1.599099716651267],[32.3663700644488,1.6043982709396403],[32.342526570151136,1.6073419122109556],[32.329868912684475,1.6102855534822709],[32.30337614124264,1.6205882979319028],[32.30337614124264,1.634423411907079],[32.28100446758063,1.648847254136541],[32.23508366374807,1.6682752865272334],[32.248035685341875,1.6688640147814908],[32.25981025042714,1.6673921941458332],[32.283065016470545,1.6615049116032026],[32.33781674411705,1.6567950855690867],[32.34811948856665,1.6579725420776015],[32.36784188508446,1.6747512973241216],[32.39197974350927,1.6888807754264406],[32.429363987654995,1.6977116992403865],[32.45909476449529,1.6891751395535834],[32.48735372069993,1.675634389705522],[32.5197337746844,1.6682752865272334],[32.53592380167666,1.6691583789086053],[32.57095313280533,1.676223117959779],[32.58508261090765,1.6821104005024097],[32.59626844773865,1.6918244166977559],[32.620700670290574,1.7230270141737094],[32.622466855053375,1.7297973890977403],[32.6477821699867,1.7430437748186591],[32.669270751267305,1.8001504154822217],[32.6869325988952,1.8116306164403397],[32.68222277286108,1.7992673231008212],[32.68398895762388,1.7886702145240747],[32.69370297381923,1.7639436278450091],[32.70076771287037,1.7639436278450091],[32.70871554430295,1.7801336548372433],[32.74668851670293,1.7980898665922782],[32.762878543695166,1.8116306164403397],[32.76670527734788,1.8266431869240591],[32.76729400560214,1.844893762806237],[32.77082637512771,1.8602006974170708],[32.78318966846726,1.8663823440868443],[32.77641929354323,1.8531359583658968],[32.78907695100989,1.8546077790015827],[32.79525859767966,1.8587288767814127],[32.79996842371375,1.863438702815529],[32.8105655322905,1.8663823440868443],[32.82234009737576,1.8628499745612432],[32.83323157007965,1.856373963764355],[32.83941321674939,1.8549021431286974],[32.83764703198662,1.8663823440868443],[32.847949776436224,1.8707978059938173],[32.851482145961796,1.8737414472651324],[32.865317259937,1.8395952085178635],[32.87267636311529,1.8395952085178635],[32.87267636311529,1.8472486758232665],[32.87944673803932,1.8472486758232665],[32.88386219994629,1.8393008443907206],[32.889749482488924,1.8331191977209471],[32.897402949794326,1.8287037358139744],[32.90682260186256,1.8254657304155444],[32.92006898758348,1.8596119691628132],[32.93125482441448,1.87933436568062],[32.944206846008285,1.888165289494566],[32.96186869363618,1.8937582079100823],[32.9871840085695,1.9205453434790625],[33.00278530730748,1.9290819031658941],[33.02309643207957,1.9267269901488364],[33.017797877791196,1.9123031479193744],[32.990127649840815,1.8772738167907048],[32.964223606653235,1.857257056145755],[32.95450959045789,1.8472486758232665],[32.97482071522998,1.844599398679094],[32.978353084755554,1.8319417412124324],[32.9777643565013,1.818106627237228],[32.986006552060985,1.8116306164403397],[32.99630929651059,1.8160460783473127],[33.006023312705935,1.8231108173984867],[33.01367678001134,1.8236995456527438],[33.01662042128265,1.80839261104191],[33.01485423651988,1.8066264262791094],[33.00720076921445,1.7948518611938482],[33.006023312705935,1.791908219922533],[32.99483747587493,1.789258942778332],[32.99277692698499,1.7833716602357017],[32.99454311174779,1.7763069211845561],[32.99542620412919,1.77071400276904],[32.99159947047647,1.7577619811752356],[32.98865582920516,1.7295030249705974],[32.989244557459415,1.7156679109954212],[32.982474182535384,1.7156679109954212],[32.97658689999276,1.736862128148914],[32.97393762284858,1.7621774430822372],[32.96863906856021,1.7848434808713594],[32.95450959045789,1.798678594846564],[32.94773921553386,1.791908219922533],[32.93861392759277,1.7954405894481058],[32.92713372663465,1.796029317702363],[32.91741971043931,1.7936744046853048],[32.91359297678659,1.7880814862698173],[32.90888315075247,1.783960388489959],[32.89828604217573,1.7857265732527594],[32.87944673803932,1.791908219922533],[32.869732721843974,1.789553306905475],[32.860607433902885,1.7854322091256165],[32.854131423106,1.7854322091256165],[32.851482145961796,1.795146225320963],[32.81733590721453,1.8328248335938324],[32.81262608118041,1.8239939097798867],[32.80673879863778,1.8184009913643708],[32.793198048789726,1.80839261104191],[32.787016402119974,1.8022109643721365],[32.78583894561143,1.798384230719421],[32.78554458148432,1.7936744046853048],[32.7799516630688,1.7695365462605253],[32.782600940213,1.7612943507008367],[32.78672203799283,1.754229611649663],[32.789371315137004,1.743338138945802],[32.79643605418818,1.7359790357675138],[32.79643605418818,1.7318579379876553],[32.78642767386569,1.7297973890977403],[32.74168432654167,1.7283255684620826],[32.731087217964955,1.72479319893651],[32.7278492125665,1.7153735468682783],[32.73461958749053,1.6956511503504714],[32.72814357669364,1.6977116992403865],[32.71401409859132,1.699477884003187],[32.707538087794404,1.701832797020245],[32.69664661509054,1.6903525960620982],[32.64984271887661,1.6700414712900056],[32.62864850172312,1.6353065042884793],[32.57948969249213,1.6241206674574755],[32.5641827578813,1.6132291947535862],[32.56918694804253,1.6108742817365567],[32.56948131216967,1.6096968252280137],[32.571541861059586,1.6061644557024408],[32.5615334807371,1.6055757274481834],[32.55240819279604,1.6032208144311255],[32.54416599723635,1.5988053525241526],[32.53680689405803,1.592623705854379],[32.53916180707509,1.5982166242698952],[32.53945617120223,1.6008659014140676],[32.54033926358363,1.6026320861768681],[32.54357726898206,1.6061644557024408],[32.5335688886596,1.6188221131691023],[32.54033926358363,1.6252981239659903]]]}},{"type":"Feature","properties":{"name":"Lake Xau","name_ar":"بحيرة زاو","name_fr":"Lac Xau","scalerank":8},"geometry":{"bbox":[24.684055074566487,-21.33657561293987,24.814164018758703,-21.238846722732177],"type":"Polygon","coordinates":[[[24.804450002563357,-21.28741680370888],[24.763533388892057,-21.322151770710434],[24.715552036169587,-21.33657561293987],[24.68434943869363,-21.31920812943912],[24.684055074566487,-21.296542091649968],[24.69936200917735,-21.281235157039134],[24.721439318712218,-21.271226776716645],[24.74027862284865,-21.26504513004687],[24.74439972062848,-21.265928222428272],[24.75529119333237,-21.271521140843788],[24.761178475875,-21.27093241258953],[24.76529957365483,-21.267988771318187],[24.77295304096026,-21.26004093988564],[24.785021970172664,-21.250915651944553],[24.791792345096695,-21.242967820512007],[24.800034540656384,-21.238846722732177],[24.814164018758703,-21.243556548766264],[24.804450002563357,-21.28741680370888]]]}},{"type":"Feature","properties":{"name":"Lake Adobed","name_ar":"بحيرة أدوبيد","name_fr":"Adobe Lake","scalerank":8},"geometry":{"bbox":[41.56672085794915,11.366690183134324,41.61764585194291,11.400836421881621],"type":"Polygon","coordinates":[[[41.5943910858995,11.400836421881621],[41.61175856940028,11.392594226321933],[41.61764585194291,11.379347840600985],[41.607048743366164,11.372871829804097],[41.5737855970003,11.366690183134324],[41.56672085794915,11.384646394889359],[41.5764348741445,11.39730405235602],[41.5943910858995,11.400836421881621]]]}},{"type":"Feature","properties":{"name":"Koka Reservoir","name_ar":"خزان كوكا","name_fr":"Koka","scalerank":8},"geometry":{"bbox":[38.98367564236875,8.30942435874482,39.13998299387566,8.476623182955592],"type":"Polygon","coordinates":[[[39.11025221703537,8.476328818828478],[39.1282084287904,8.476623182955592],[39.13998299387566,8.469264079777304],[39.13998299387566,8.458078242946302],[39.11908314084931,8.397439232757193],[39.088469271627616,8.3335622171696],[39.079932711940785,8.321493287957225],[39.066686326219866,8.30942435874482],[39.04755265795632,8.321198923830082],[39.003103674759416,8.33032421177117],[38.98661928364007,8.340921320347917],[38.98367564236875,8.350635336543263],[38.9889741966571,8.357405711467266],[38.997216392216785,8.362409901628524],[39.002220582378044,8.367414091789755],[39.0019262182509,8.374773194968043],[38.99633329983541,8.383604118781989],[38.99839384872533,8.389197037197505],[39.01046277793773,8.400382874028509],[39.023120435404394,8.403915243554081],[39.03518936461677,8.404798335935482],[39.044903380812116,8.40803634133394],[39.05461739700746,8.420105270546316],[39.06874687510978,8.452485324530812],[39.07934398368653,8.46484861787033],[39.09200164115319,8.471324628667247],[39.11025221703537,8.476328818828478]]]}},{"type":"Feature","properties":{"name":"Lake Gemeri","name_ar":"بحيرة جيمري","name_fr":"Gemeri Lake","scalerank":8},"geometry":{"bbox":[41.62000076495997,11.499154040343598,41.70301144881111,11.610718044526493],"type":"Polygon","coordinates":[[[41.70301144881111,11.523291898768377],[41.69035379134445,11.499154040343598],[41.6659215687925,11.510045513047459],[41.643844259257634,11.529473545438151],[41.62735986813826,11.553905767990074],[41.62000076495997,11.57951544705054],[41.622355677977026,11.596588566424174],[41.630597873536715,11.607480039128035],[41.642372438621976,11.610718044526493],[41.654735731961495,11.606596946746635],[41.67445812847933,11.586580186101685],[41.69418052499714,11.555671952752874],[41.70301144881111,11.523291898768377]]]}},{"type":"Feature","properties":{"name":"","name_ar":"","name_fr":"","scalerank":8},"geometry":{"bbox":[42.28967915418451,-0.04580702576049589,42.570796895595265,0.1396423743324533],"type":"Polygon","coordinates":[[[42.556078689238696,0.03161073967513062],[42.561965971781326,0.01748126157281149],[42.570796895595265,-0.03256064003957704],[42.570796895595265,-0.04580702576049589],[42.55048577082317,-0.031088819403919384],[42.515750803821646,0.008061609504608214],[42.49514531492241,0.018658718081354664],[42.48484257047281,0.01777562569995439],[42.44922451108988,0.005706696487550289],[42.43332884822476,0.008355973631751112],[42.380343305341086,0.03720365809064674],[42.30969591482946,0.04721203841310739],[42.28967915418451,0.05545423397279592],[42.30528045292249,0.06899498382085767],[42.31057900721087,0.09136665748286532],[42.31528883324498,0.1396423743324533],[42.338543599288386,0.09431029875418062],[42.35473362628063,0.07635408699914592],[42.37916584883254,0.05986969587976887],[42.39977133773175,0.05103877206582297],[42.46747508697206,0.037792386344904116],[42.539005569865054,0.03749802221776122],[42.556078689238696,0.03161073967513062]]]}},{"type":"Feature","properties":{"name":"","name_ar":"","name_fr":"","scalerank":8},"geometry":{"bbox":[31.89244381976681,-27.47848312554217,32.06759047541016,-27.331006697849205],"type":"Polygon","coordinates":[[[32.02108094332337,-27.424908854404208],[32.05375536143498,-27.416077930590262],[32.06759047541016,-27.412839925191804],[32.066707383028756,-27.418727207734435],[32.056699002706296,-27.428146859802638],[32.029028774755915,-27.443159430286357],[32.01695984554351,-27.451990354100303],[32.00754019347531,-27.463764919185593],[32.001358546805534,-27.47848312554217],[31.969272856948184,-27.446986163939073],[31.958675748371437,-27.43020740869258],[31.94101390074354,-27.383403512478623],[31.933654797565257,-27.37251203977476],[31.924529509624165,-27.362798023579415],[31.917759134700134,-27.3607374746895],[31.89744800992807,-27.359560018180957],[31.89244381976681,-27.356616376909642],[31.89538746103813,-27.345136175951524],[31.90922257501333,-27.340131985790265],[31.92659005851411,-27.339248893408893],[31.93924771598077,-27.340131985790265],[31.946018090904772,-27.337482708646093],[31.95249410170169,-27.332184154357723],[31.95838138424432,-27.331006697849205],[31.96426866678695,-27.33983762166315],[31.966034851549754,-27.34660799658718],[31.969272856948184,-27.368685306122046],[31.98163615028773,-27.401065360106543],[31.99782617727996,-27.41990466424295],[32.02108094332337,-27.424908854404208]]]}},{"type":"Feature","properties":{"name":"Lac Onangué","name_ar":"بحيرة أونانج","name_fr":"Onangué","scalerank":8},"geometry":{"bbox":[9.969381087508594,-1.1340712037662684,10.265805763530182,-0.7852497131152347],"type":"Polygon","coordinates":[[[10.256091747334864,-0.9442063417663462],[10.247849551775175,-0.9715822055895842],[10.237252443198429,-0.9839454989291313],[10.244611546376717,-0.987183504327561],[10.253736834317806,-0.9942482433787347],[10.25903538860618,-0.9974862487771644],[10.25903538860618,-1.003667895446938],[10.24225663335966,-1.0033735313198235],[10.218413139061994,-1.0095551779895686],[10.203989296832532,-1.0110269986252263],[10.202517476196874,-1.010143906243826],[10.186621813331783,-1.003667895446938],[10.177790889517837,-1.0045509878283383],[10.170726150466663,-1.0077889932267965],[10.16542759617829,-1.012498819260884],[10.16218959077986,-1.0186804659306574],[10.154830487601544,-1.0077889932267965],[10.14040664537211,-0.9930707868701916],[10.13540245521088,-0.9839454989291313],[10.125982803142648,-0.989244053217476],[10.093897113285296,-0.9998411617942223],[10.087126738361263,-1.000724254175623],[10.09271965677678,-1.0095551779895686],[10.105966042497698,-1.012498819260884],[10.12186170536282,-1.0139706398965416],[10.13540245521088,-1.0186804659306574],[10.087126738361263,-1.045467601499638],[10.075352173276002,-1.0481168786438104],[10.055335412631054,-1.0487056068980962],[10.046210124689964,-1.0528267046779263],[10.03502428785896,-1.0690167316701604],[10.021189173883783,-1.1140544431213186],[10.011475157688437,-1.1284782853507807],[10.002644233874491,-1.132599383130611],[9.99322458180626,-1.1340712037662684],[9.984393657992316,-1.132599383130611],[9.977328918941168,-1.1284782853507807],[9.969381087508594,-1.1181755409011487],[9.975268370051225,-1.1161149920112337],[9.987337299263631,-1.1164093561383766],[9.997934407840376,-1.1134657148670613],[10.008825880544236,-1.0969813237476842],[10.012946978324095,-1.0766701989755916],[10.011180793561294,-1.054298525313584],[10.005293511018664,-1.0316324875244618],[10.032080646587644,-1.0316324875244618],[10.054452320249652,-1.0286888462531465],[10.07093671136903,-1.0186804659306574],[10.080356363437232,-0.9974862487771644],[10.065932521207799,-0.9839454989291313],[10.059750874538025,-0.9839454989291313],[10.05827905390237,-0.9974862487771644],[10.050331222469822,-1.0116157268794836],[10.038851021511675,-1.0207410148205724],[10.025604635790756,-1.0186804659306574],[10.023838451027956,-1.0107326344981118],[10.028548277062072,-0.9998411617942223],[10.03002009769773,-0.9880665967089612],[10.018245532612468,-0.9768807598779573],[10.014418798959753,-0.985122955437646],[10.008531516417122,-0.9910102379802765],[10.00087804911169,-0.9954256998872495],[9.991458397043488,-0.9974862487771644],[9.99499076656906,-0.9915989662345339],[10.001761141493091,-0.975997667496557],[10.005293511018664,-0.9701103849539265],[9.99322458180626,-0.9654005589198107],[9.97997819608534,-0.9559809068516073],[9.971441636398538,-0.9468556189105186],[9.973796549415567,-0.9430288852578315],[9.986454206882229,-0.9430288852578315],[9.99675695133186,-0.9415570646221739],[10.000289320857433,-0.9333148690624852],[9.991458397043488,-0.9150642931803078],[9.997934407840376,-0.9085882823834197],[10.01000333705278,-0.9130037442903928],[10.012946978324095,-0.8968137172981586],[10.00823715228998,-0.8729702230004932],[9.997934407840376,-0.853542190609801],[10.002055505620206,-0.8408845331431394],[9.997051315458975,-0.8217508648795615],[9.987631663390772,-0.8032059248702694],[9.977328918941168,-0.7914313597850082],[9.9840992938652,-0.7852497131152347],[9.998523136094633,-0.7934919086749233],[10.017951168485325,-0.8002622835989541],[10.031197554206244,-0.8111537563028435],[10.025604635790756,-0.8329367017105653],[10.04179466278299,-0.8417676255245113],[10.060045238665168,-0.8744420436361509],[10.073585988513202,-0.8876884293570697],[10.065932521207799,-0.9012291792051315],[10.078001450420203,-0.8918095271368998],[10.087715466615549,-0.8756195001446656],[10.09949003170081,-0.8603125655338317],[10.118034971710102,-0.853542190609801],[10.120978612981418,-0.8623731144237468],[10.087126738361263,-0.9150642931803078],[10.093897113285296,-0.9150642931803078],[10.106849134879099,-0.9018179074593888],[10.123039161871333,-0.9059390052392189],[10.13864046060931,-0.9197741192144235],[10.149237569186056,-0.9353754179524004],[10.135696819337994,-0.9512710808174916],[10.153064302838771,-0.9651061947926962],[10.178379617772094,-0.9659892871740965],[10.190154182857356,-0.9430288852578315],[10.201928747942617,-0.9483274395461763],[10.209582215248048,-0.9442063417663462],[10.224300421604624,-0.9224233963585959],[10.229893340020142,-0.9365528744609152],[10.231070796528655,-0.9430288852578315],[10.252853741936406,-0.9253670376299112],[10.261095937496094,-0.9236008528671391],[10.265805763530182,-0.9353754179524004],[10.256091747334864,-0.9442063417663462]]]}},{"type":"Feature","properties":{"name":"Lac Mai-Ndombe","name_ar":"بحيرة ماي ندومبي","name_fr":"Mai-Ndombe","scalerank":8},"geometry":{"bbox":[18.04791019251013,-2.7106854686834936,18.59189509944946,-1.5735568455738473],"type":"Polygon","coordinates":[[[18.581886719127,-2.0742702258248187],[18.59189509944946,-2.082512421384507],[18.59189509944946,-2.12460649156435],[18.543913746727014,-2.1828905887363987],[18.534788458785926,-2.1887778712790293],[18.490633839716168,-2.207911539542607],[18.465318524782845,-2.2129157297038375],[18.454721416206098,-2.2173311916108105],[18.43470465556115,-2.2358761316201026],[18.447067948900695,-2.2455901478154487],[18.495638029877398,-2.2588365335363676],[18.466495981291388,-2.2703167344945143],[18.417925900314657,-2.2797363865627176],[18.40968370475497,-2.2826800278340333],[18.394082406016995,-2.303579880860383],[18.3737712812449,-2.346557043421626],[18.35375452059995,-2.374227271372007],[18.33785885773483,-2.408962238373533],[18.328439205666626,-2.4213255317130518],[18.30606753200462,-2.4401648358494867],[18.296353515809272,-2.4504675802990903],[18.28781695612244,-2.4719561615796977],[18.289877505012385,-2.5137558676323977],[18.28281276596121,-2.5325951717688326],[18.292232418029414,-2.5514344759052676],[18.286345135486783,-2.580576524491306],[18.27515929865578,-2.612367850221517],[18.268977651986035,-2.6385662575362403],[18.266328374841834,-2.6459253607145286],[18.259852364044946,-2.6524013715114165],[18.252787624993772,-2.657994289926933],[18.248666527213942,-2.66270411596102],[18.245722885942627,-2.670651947393594],[18.24425106530697,-2.683898333114513],[18.241601788162768,-2.6900799797842865],[18.226589217679077,-2.70450382201372],[18.212165375449615,-2.7053869143951204],[18.197152804965896,-2.7033263655052053],[18.180374049719404,-2.7106854686834936],[18.181845870355062,-2.6962616264540316],[18.18655569638915,-2.6833096048602556],[18.19833026147441,-2.6797772353346545],[18.206278092906985,-2.6803659635889403],[18.214520288466673,-2.6765392299362247],[18.22011320688216,-2.6659421213594783],[18.22511739704342,-2.642098627061813],[18.231593407840307,-2.6317958826122094],[18.23836378276434,-2.614722763238575],[18.245722885942627,-2.563797769244786],[18.2519045326124,-2.5529062965409253],[18.251021440231,-2.5426035520913217],[18.220407571009304,-2.477254715868071],[18.220407571009304,-2.456649226968864],[18.223939940534876,-2.431039547908398],[18.230710315458907,-2.408079145992133],[18.241601788162768,-2.3954214885254714],[18.261324184680603,-2.3933609396355564],[18.278397304054238,-2.3562710596169723],[18.296353515809272,-2.271788555130172],[18.30106334184339,-2.145211980463557],[18.310777358038735,-2.121662850293035],[18.300180249461988,-2.106061551555058],[18.283990222469754,-2.090460252817053],[18.26603401071472,-2.0780969594775343],[18.2519045326124,-2.073092769316304],[18.239541239272853,-2.0666167585193875],[18.22335121228062,-2.051898552162811],[18.20097953861861,-2.0254057807209733],[18.197152804965896,-2.0230508677039154],[18.193620435440323,-2.0233452318310583],[18.19008806591475,-2.0227565035767725],[18.18655569638915,-2.0186354057969425],[18.18567260400775,-2.0139255797628266],[18.186850060516292,-2.0030341070589657],[18.178019136702346,-1.9415120044884306],[18.174486767176774,-1.9329754448016276],[18.169482577015515,-1.9256163416233392],[18.166833299871342,-1.9176685101907651],[18.172720582413973,-1.9114868635210203],[18.18155150622792,-1.906482673359761],[18.18655569638915,-1.901772847325674],[18.18743878877055,-1.8911757387489276],[18.185378239880635,-1.8814617225535812],[18.170071305269772,-1.834657826339651],[18.169482577015515,-1.829948000305535],[18.15240945764188,-1.8172903428388734],[18.057329844578362,-1.7790230063117463],[18.049382013145788,-1.7696033542435432],[18.04791019251013,-1.7637160717009124],[18.053503110925647,-1.723682550411013],[18.06969313791788,-1.6815884802311702],[18.077346605223312,-1.6698139151459088],[18.09471408872409,-1.6583337141877623],[18.11738012651321,-1.6509746110094738],[18.13739688715816,-1.6536238881536747],[18.146227810972107,-1.6727575564172241],[18.152998185896138,-1.7042545180203206],[18.168893848761257,-1.710436164690094],[18.186850060516292,-1.7107305288172086],[18.193914799567438,-1.7242712786652705],[18.199507717982954,-1.7336909307334736],[18.20097953861861,-1.7381063926404465],[18.215697744975188,-1.7154403548513244],[18.206866821161242,-1.696012322460632],[18.189499337660465,-1.679527931341255],[18.180374049719404,-1.6659871814931932],[18.18155150622792,-1.6394944100513555],[18.186850060516292,-1.6209494700420635],[18.198624625601553,-1.6068199919397443],[18.220407571009304,-1.594162334473083],[18.23924687514574,-1.5882750519304238],[18.262207277062004,-1.587391959549052],[18.2816353094527,-1.5953397909815976],[18.2901718691395,-1.6177114646436053],[18.283401494215468,-1.6506802468823594],[18.286345135486783,-1.6553900729164468],[18.298119700572073,-1.6553900729164468],[18.307539352640276,-1.6568618935521044],[18.313426635182907,-1.660982991331963],[18.31695900470848,-1.6698139151459088],[18.324318107886768,-1.6698139151459088],[18.329911026302284,-1.6595111706963055],[18.3720050964821,-1.6350789481443826],[18.376126194261957,-1.6283085732203517],[18.382013476804588,-1.612707274482375],[18.385840210457303,-1.6077030843211162],[18.39290494950845,-1.6044650789226864],[18.40909497650071,-1.6021101659056285],[18.432938470798376,-1.5879806878033094],[18.444713035883638,-1.5926905138374254],[18.454427052078984,-1.6024045300327714],[18.464435432401444,-1.6077030843211162],[18.47827054637665,-1.6021101659056285],[18.50064222003866,-1.578561035735106],[18.516243518776633,-1.5735568455738473],[18.508590051471202,-1.591807421456025],[18.49004511146191,-1.6221269265505782],[18.48180291590222,-1.6418493230684135],[18.472971992088276,-1.6830603008668277],[18.465907253037102,-1.7030770615117776],[18.454721416206098,-1.7175009037412394],[18.445596128265038,-1.7195614526311545],[18.418808992696057,-1.7225050939024698],[18.41321607428054,-1.7275092840637285],[18.40909497650071,-1.7336909307334736],[18.399969688559622,-1.7381063926404465],[18.37877547140613,-1.7448767675644774],[18.303123890733303,-1.7790230063117463],[18.303123890733303,-1.7857933812357771],[18.31695900470848,-1.792563756159808],[18.301357705970503,-1.8063988701350129],[18.29605915168213,-1.8458436631706547],[18.286345135486783,-1.8540858587303435],[18.282224037706953,-1.8632111466714034],[18.284873314851126,-1.9621174933876662],[18.290760597393756,-1.983017346414016],[18.303123890733303,-1.9980299168977351],[18.323140651378257,-2.0030341070589657],[18.338447585989087,-1.9974411886434493],[18.351693971710034,-1.997146824516335],[18.364645993303814,-2.0186354057969425],[18.394376770144106,-1.9839004387953878],[18.41056679713637,-1.9691822324388113],[18.43058355778132,-1.963294949896181],[18.442063758739437,-1.9727146019643838],[18.431172286035576,-1.9927313626093621],[18.41409916666194,-2.0118650308729116],[18.406151335229396,-2.0186354057969425],[18.397026047288307,-2.039829622950407],[18.39820350379682,-2.0554309216883837],[18.40320769395808,-2.070443492172103],[18.406151335229396,-2.090460252817053],[18.40232460157668,-2.1599301868201337],[18.406151335229396,-2.176120213812368],[18.421163905713087,-2.182007496355027],[18.444418671756495,-2.1790638550837116],[18.468262166054163,-2.1702329312697373],[18.485335285427794,-2.1590470944387334],[18.55686576832079,-2.0875166115457375],[18.581886719127,-2.0742702258248187]]]}},{"type":"Feature","properties":{"name":"Lake Rentenue","name_ar":"بحيرة رينتينيو","name_fr":"Lac la Retenue","scalerank":8},"geometry":{"bbox":[26.94830394046329,-11.037069168729888,27.218824573297297,-10.783327291142399],"type":"Polygon","coordinates":[[[27.04426664590824,-11.037069168729888],[27.035435722094263,-11.036186076348514],[27.019834423356286,-11.03088752206014],[27.01012040716094,-11.0297100655516],[26.99599092905862,-11.020879141737652],[26.996579657312907,-11.001156745219845],[27.007176765889625,-10.96818796298109],[27.005410581126853,-10.96230068043846],[26.996285293185764,-10.953764120751629],[26.99334165191445,-10.947876838208998],[26.993930380168706,-10.939929006776453],[26.996579657312907,-10.932275539471021],[26.997168385567168,-10.92373897978419],[26.99334165191445,-10.91373059946173],[26.98598254873616,-10.91373059946173],[26.976562896667932,-10.928154441691191],[26.973619255396617,-10.936102273123737],[26.973030527142356,-10.947876838208998],[26.96331651094701,-10.937868457886537],[26.958901049040037,-10.92638825692839],[26.95742922840438,-10.913141871207472],[26.958901049040037,-10.899306757232267],[26.95183630998889,-10.906077132156298],[26.94830394046329,-10.866632339120656],[26.95183630998889,-10.85103104038268],[26.969498157616783,-10.844849393712906],[27.002466939855537,-10.843083208950134],[27.006588037635368,-10.848381763238507],[26.99334165191445,-10.865160518484998],[27.029254075424518,-10.866632339120656],[27.04514973828961,-10.86280560546794],[27.054275026230698,-10.851619768636937],[27.04426664590824,-10.845732486094306],[27.03190335256869,-10.828070638466414],[27.02071751573769,-10.817473529889668],[27.007471130016768,-10.81188061147418],[26.99334165191445,-10.807759513694322],[26.98215581508345,-10.80010604638889],[26.979212173812133,-10.783327291142399],[26.982450179210588,-10.786859660667972],[26.98598254873616,-10.788037117176515],[26.98922055413459,-10.788625845430772],[26.99334165191445,-10.789508937812172],[27.00187821160125,-10.798634225753233],[27.025721705898917,-10.806287693058664],[27.037496270984207,-10.813646796236954],[27.044561010035356,-10.816296073381153],[27.063989042426044,-10.81776789401681],[27.06781577607876,-10.820417171160983],[27.069287596714418,-10.824832633067956],[27.073114330367133,-10.830719915610587],[27.07870724878262,-10.835724105771847],[27.094014183393483,-10.84013956767882],[27.10784929736866,-10.850147948001279],[27.11638585705549,-10.851619768636937],[27.126688601505094,-10.848381763238507],[27.128454786267895,-10.843966301331534],[27.129337878649267,-10.83778465466176],[27.136108253573298,-10.83101427973773],[27.172020677083367,-10.819239714652468],[27.18320651391437,-10.808936970202865],[27.177613595498887,-10.789508937812172],[27.19056561709266,-10.79009766606643],[27.19998526916089,-10.79510185622766],[27.207933100593436,-10.802460959405948],[27.218824573297297,-10.81011442671138],[27.206755644084893,-10.820711535288126],[27.177024867244597,-10.820122807033869],[27.171137584701967,-10.834546649263302],[27.16554466628648,-10.843083208950134],[27.153475737074075,-10.848676127365621],[27.141701171988814,-10.857507051179567],[27.136108253573298,-10.875463262934602],[27.129043514522152,-10.886354735638491],[27.112264759275632,-10.890475833418321],[27.094014183393483,-10.89283074643538],[27.080767797672564,-10.899306757232267],[27.077529792274106,-10.913141871207472],[27.080767797672564,-10.96818796298109],[27.06869886846016,-11.015286223322164],[27.071348145604333,-11.023528418881853],[27.066638319570245,-11.025588967771768],[27.053097569722183,-11.03500861983997],[27.04426664590824,-11.037069168729888]]]}},{"type":"Feature","properties":{"name":"","name_ar":"","name_fr":"","scalerank":8},"geometry":{"bbox":[-5.214803682324316,6.20001102371927,-5.070712442093338,6.369270396819985],"type":"Polygon","coordinates":[[[-5.0955862108359895,6.318934131080482],[-5.079396183843728,6.314518669173481],[-5.070712442093338,6.297445549799846],[-5.078218727335212,6.2147292300758465],[-5.095144664645289,6.20001102371927],[-5.133264819108831,6.228858708178166],[-5.1949341037429235,6.300389191071162],[-5.19007709564525,6.315696125682025],[-5.199938293904155,6.3257045060044845],[-5.208916399781658,6.337184706962632],[-5.201115750412669,6.355729646971924],[-5.204500937874684,6.3586732882432395],[-5.210241038353757,6.364854934913012],[-5.214803682324316,6.368976032692842],[-5.205972758510342,6.369270396819985],[-5.201262932476254,6.366621119675813],[-5.159757590550669,6.279489338044812],[-5.139593647842162,6.2588838491456045],[-5.1294380854561155,6.26683168057815],[-5.123992349104185,6.2588838491456045],[-5.119576887197212,6.246226191678944],[-5.112364966082481,6.239161452627798],[-5.097499577662319,6.243576914534771],[-5.091759477183274,6.257117664382804],[-5.094555936391004,6.2733076913750665],[-5.10559459115845,6.286848441223128],[-5.100443218933663,6.288908990113043],[-5.096469303217361,6.292441359638616],[-5.091906659246831,6.294207544401417],[-5.10471149877705,6.311575027902165],[-5.0955862108359895,6.318934131080482]]]}},{"type":"Feature","properties":{"name":"","name_ar":"","name_fr":"","scalerank":8},"geometry":{"bbox":[2.3768471564014533,6.382516782540904,2.5575867304602866,6.481717493384281],"type":"Polygon","coordinates":[[[2.5466952577564257,6.438445966695923],[2.5549374533161147,6.424610852720747],[2.5575867304602866,6.410481374618428],[2.545517801247911,6.404299727948654],[2.5193193939331877,6.400767358423082],[2.48016896502466,6.385754787939362],[2.4501438240572497,6.382516782540904],[2.436603074209188,6.384577331430819],[2.4168806776913527,6.394585711753308],[2.4021624713347762,6.396646260643223],[2.377730248782854,6.395468804134708],[2.3768471564014533,6.401061722550196],[2.3792020694185116,6.43314741240755],[2.381556982435569,6.446099434001354],[2.3883273573596,6.4549303578153],[2.4021624713347762,6.458168363213758],[2.4171750418184956,6.4634669175021315],[2.431893248175072,6.47406402607885],[2.4460227262773913,6.481717493384281],[2.4601522043797104,6.478773852112965],[2.4669225793037417,6.47583021084165],[2.4798746008975456,6.470237292426134],[2.494887171381265,6.468471107663362],[2.5084279212292984,6.4720034771889345],[2.5172588450432727,6.467293651154819],[2.526384132984333,6.460523276230788],[2.5349206926711645,6.452575444798242],[2.5466952577564257,6.438445966695923]]]}},{"type":"Feature","properties":{"name":"","name_ar":"","name_fr":"","scalerank":8},"geometry":{"bbox":[37.73763229222038,-0.8185128594811317,37.81269514463895,-0.7834835283524626],"type":"Polygon","coordinates":[[[37.75970960175525,-0.7958468216919812],[37.79944875891803,-0.7834835283524626],[37.81269514463895,-0.7987904629632965],[37.80062621542655,-0.8020284683617547],[37.7823756395444,-0.809387571540043],[37.77236725922191,-0.8126255769385011],[37.75853214524673,-0.8185128594811317],[37.747935036669986,-0.8129199410656156],[37.741164661745955,-0.8002622835989541],[37.73763229222038,-0.7852497131152347],[37.75970960175525,-0.7958468216919812]]]}},{"type":"Feature","properties":{"name":"Masinga Res.","name_ar":"ماسينغا ريز.","name_fr":"Lac de Masinga","scalerank":8},"geometry":{"bbox":[37.29255373199729,-0.9424401570035457,37.68229183631962,-0.7437443711896777],"type":"Polygon","coordinates":[[[37.65844834202196,-0.7952580934377238],[37.670222907107224,-0.7893708108950932],[37.68229183631962,-0.7781849740640894],[37.67110599948862,-0.827932511549335],[37.65844834202196,-0.8411788972702539],[37.63519357597855,-0.8329367017105653],[37.62930629343592,-0.8438281744144547],[37.62106409787623,-0.8520703699741432],[37.60104733723128,-0.8670829404578342],[37.590744592781675,-0.8626674785508612],[37.58367985373053,-0.8656111198221765],[37.58044184833207,-0.8747364077632654],[37.58044184833207,-0.8876884293570697],[37.55836453879721,-0.8829786033229539],[37.528045033702625,-0.9130037442903928],[37.50479026765922,-0.9012291792051315],[37.491249517811184,-0.9085882823834197],[37.467111659386376,-0.9053502769849615],[37.453570909538314,-0.9118262877818494],[37.44503434985151,-0.9236008528671391],[37.43796961080034,-0.9359641462066578],[37.431199235876306,-0.9424401570035457],[37.42295704031662,-0.9353754179524004],[37.42560631746082,-0.9250726735027968],[37.4226626761895,-0.9188910268330234],[37.41795285015539,-0.9135924725446501],[37.415303573011215,-0.9050559128578186],[37.417658486028245,-0.8965193531710157],[37.427078138096476,-0.8923982553911571],[37.42913868698639,-0.884156059831497],[37.428549958732134,-0.8738533153818651],[37.426195045715076,-0.8709096741105498],[37.42207394793522,-0.8706153099834353],[37.415303573011215,-0.8670829404578342],[37.41471484475693,-0.8694378534748921],[37.391754442840664,-0.8623731144237468],[37.38881080156935,-0.8603125655338317],[37.359374388856196,-0.8585463807710312],[37.34936600853371,-0.8544252829911727],[37.33700271519419,-0.8429450820330544],[37.30874375898955,-0.823517049642362],[37.2972635580314,-0.8108593921757006],[37.29255373199729,-0.7914313597850082],[37.30521138946395,-0.7976130064547817],[37.34024072059262,-0.8193959518625036],[37.343478725991076,-0.8149804899555306],[37.35024910091511,-0.8099762997943003],[37.35525329107634,-0.80497210963307],[37.359374388856196,-0.8140973975741588],[37.365850399653084,-0.821456500752447],[37.38145169839106,-0.8329367017105653],[37.39322626347632,-0.8302874245663929],[37.40912192634144,-0.8317592452020506],[37.42295704031662,-0.8373521636175383],[37.42913868698639,-0.84677181568577],[37.44886108350423,-0.8373521636175383],[37.460341284462345,-0.8485380004485421],[37.46917220827629,-0.8656111198221765],[37.48094677336156,-0.8744420436361509],[37.48477350701427,-0.8756195001446656],[37.489777697175526,-0.878268777288838],[37.49654807209956,-0.8806236903058959],[37.50479026765922,-0.8809180544330388],[37.51244373496465,-0.8759138642718085],[37.516270468617364,-0.8685547610934918],[37.52156902290574,-0.8635505709322616],[37.53275485973674,-0.8670829404578342],[37.5351097727538,-0.8505985493384856],[37.544529424822,-0.8497154569570853],[37.55630398990726,-0.8541309188640582],[37.566606734356895,-0.853542190609801],[37.57308274515378,-0.8450056309229694],[37.57043346800958,-0.8376465277446812],[37.56719546261115,-0.8308761528206504],[37.57013910388247,-0.8226339572609618],[37.5769094788065,-0.8205734083710469],[37.585740402620445,-0.8220452290067044],[37.59516005468865,-0.8246945061508768],[37.60457970675688,-0.8261663267865345],[37.62194719025763,-0.8261663267865345],[37.634310483597176,-0.823811413769505],[37.63725412486849,-0.8167466747183312],[37.624890831528944,-0.8020284683617547],[37.617531728350656,-0.7896651750222077],[37.6178260924778,-0.7761244251741745],[37.62106409787623,-0.761111854690455],[37.62135846200337,-0.7437443711896777],[37.6281288369274,-0.7437443711896777],[37.63313302708863,-0.7558133004020817],[37.639314673758406,-0.7664104089788282],[37.64196395090258,-0.7770075175555462],[37.63519357597855,-0.7914313597850082],[37.64726250519095,-0.7961411858191241],[37.65844834202196,-0.7952580934377238]]]}},{"type":"Feature","properties":{"name":"Lake Bunyonyi","name_ar":"بحيرة بونيوني","name_fr":"Bunyonyi","scalerank":8},"geometry":{"bbox":[29.830717473336623,-1.3536668426064864,29.966713700071438,-1.200303132370891],"type":"Polygon","coordinates":[[[29.918732347348964,-1.3059798540111558],[29.918437983221853,-1.302741848612726],[29.918732347348964,-1.2924391041631225],[29.911373244170672,-1.2924391041631225],[29.91519997782339,-1.329234620054564],[29.914022521314873,-1.3451302829196834],[29.904897233373788,-1.3536668426064864],[29.90342541273813,-1.3315895330716216],[29.898421222576903,-1.3056854898840413],[29.898421222576903,-1.2836081803491481],[29.911373244170672,-1.271833615263887],[29.89223957590713,-1.2603534143057686],[29.863980619702485,-1.227678996194129],[29.843080766676138,-1.21031151269338],[29.841903310167623,-1.2161987952360107],[29.836899120006365,-1.2309170015925872],[29.830717473336623,-1.2176706158716684],[29.831306201590877,-1.2064847790406645],[29.838076576514908,-1.200303132370891],[29.865158076211003,-1.207073507294922],[29.874577728279238,-1.2161987952360107],[29.88193683145752,-1.2270902679398716],[29.89076775527147,-1.2370986482623607],[29.901659227975333,-1.2432802949321342],[29.92403090163734,-1.2524055828731946],[29.932273097197026,-1.2577041371615678],[29.944047662282287,-1.2747772565352022],[29.957588412130352,-1.320109332113475],[29.966713700071438,-1.340126092758453],[29.959648961020292,-1.3463077394281981],[29.943164569900915,-1.3130445930623296],[29.9393378362482,-1.2986207508328675],[29.934628010214084,-1.3006812997227826],[29.923147809255966,-1.3039193051212408],[29.918732347348964,-1.3059798540111558]]]}},{"type":"Feature","properties":{"name":"Lac Alaotra","name_ar":"بحيرة ألوترا","name_fr":"Alaotra","scalerank":9},"geometry":{"bbox":[48.460728715372824,-17.646132551090147,48.60025731163324,-17.327336201406553],"type":"Polygon","coordinates":[[[48.578768730352635,-17.327336201406553],[48.592898208454955,-17.339110766491814],[48.60025731163324,-17.364131717297994],[48.59613621385342,-17.40210468969798],[48.58082927924255,-17.43742838495379],[48.520190269053444,-17.52014470467779],[48.512831165875156,-17.533979818652966],[48.510476252858105,-17.548992389136686],[48.50812133984104,-17.593147008206444],[48.50282278555267,-17.61110321996148],[48.49369749761158,-17.62788197520797],[48.48133420427206,-17.646132551090147],[48.467499090296855,-17.62052287202968],[48.46131744362711,-17.58784845391807],[48.460728715372824,-17.5537022151708],[48.463377992517024,-17.52426580245762],[48.47368073696663,-17.497184302761525],[48.50988752460381,-17.458033873852997],[48.52666627985033,-17.43477910780959],[48.53255356239296,-17.411818705893324],[48.532847926520105,-17.367958450950713],[48.54226757858831,-17.346764233797245],[48.5608125185976,-17.32939675029647],[48.578768730352635,-17.327336201406553]]]}},{"type":"Feature","properties":{"name":"Lake Cheshi","name_ar":"بحيرة تشيشي","name_fr":"Mweru Wantipa","scalerank":9},"geometry":{"bbox":[29.611121834496377,-8.81108763936021,29.898715586704014,-8.569414690985099],"type":"Polygon","coordinates":[[[29.871045358753634,-8.569414690985099],[29.8966550378141,-8.569709055112241],[29.898715586704014,-8.582661076706046],[29.884586108601695,-8.614158038309114],[29.881053739076123,-8.615041130690514],[29.873694635897834,-8.623577690377347],[29.86751298922806,-8.633586070699806],[29.867218625100946,-8.63800153260678],[29.861920070812573,-8.64065080975098],[29.85632715239706,-8.647126820547868],[29.852206054617223,-8.655074651980414],[29.84720186445597,-8.683039244057937],[29.837782212387765,-8.699817999304429],[29.822769641904046,-8.707177102482746],[29.80245851713198,-8.700112363431572],[29.804519066021893,-8.72160094471218],[29.800103604114923,-8.72925441201761],[29.789800859665288,-8.732492417416069],[29.76860664251183,-8.743972618374187],[29.764485544731972,-8.744561346628444],[29.76213063171494,-8.74750498789976],[29.76065881107928,-8.765755563781937],[29.757420805680823,-8.77105411807031],[29.751827887265303,-8.773703395214483],[29.744468784087022,-8.774586487595885],[29.722097110425008,-8.783417411409829],[29.702963442161465,-8.800490530783463],[29.68294668151651,-8.81108763936021],[29.65851445896459,-8.801373623164864],[29.65586518182039,-8.78842160157106],[29.668228475159935,-8.76428374314628],[29.662341192617305,-8.751331721552475],[29.652038448167673,-8.747210623772645],[29.637908970065354,-8.746621895518388],[29.611121834496377,-8.748093716154045],[29.611121834496377,-8.740734612975729],[29.61995275831032,-8.736907879323041],[29.64026388308241,-8.736907879323041],[29.651744084040562,-8.73425860217884],[29.662046828490162,-8.729548776144753],[29.667934111032793,-8.723661493602094],[29.6791199478638,-8.706588374228462],[29.687067779296342,-8.700406727558715],[29.691188877076204,-8.695696901524599],[29.694721246601777,-8.680978695168022],[29.69884234438163,-8.680389966913737],[29.703257806288608,-8.681273059295137],[29.707084539941317,-8.679212510405222],[29.711500001848297,-8.670675950718419],[29.713560550738208,-8.663022483412988],[29.70914508883124,-8.658312657378872],[29.692660697711858,-8.658607021506015],[29.692660697711858,-8.651836646581984],[29.7182703767723,-8.651542282454841],[29.730044941857585,-8.653602831344756],[29.741230778688593,-8.658607021506015],[29.79245013680949,-8.613863674182],[29.80245851713198,-8.610920032910684],[29.80981762031027,-8.601500380842454],[29.817176723488558,-8.597673647189765],[29.826007647302504,-8.595024370045564],[29.836899120006365,-8.590314544011449],[29.871045358753634,-8.569414690985099]]]}},{"type":"Feature","properties":{"name":"Lac Upemba","name_ar":"بحيرة أوبمبا","name_fr":"Upemba","scalerank":9},"geometry":{"bbox":[26.243596220110078,-8.741912069484272,26.567691124082046,-8.50112221349056],"type":"Polygon","coordinates":[[[26.540315260258808,-8.52202206651691],[26.55385601010687,-8.53526845223783],[26.567691124082046,-8.528203713186684],[26.5570940155053,-8.543510647797518],[26.52942378755495,-8.564410500823868],[26.519415407232458,-8.58295544083316],[26.514411217071228,-8.608270755766483],[26.51293939643557,-8.63476352720835],[26.485563532612304,-8.672442135481191],[26.48261989134099,-8.679212510405222],[26.465546771967354,-8.684511064693595],[26.424924522423197,-8.70835455899126],[26.38341918049764,-8.716008026296691],[26.380475539226296,-8.721895308839322],[26.37988681097204,-8.730431868526125],[26.369584066522435,-8.740734612975729],[26.35663204492863,-8.741912069484272],[26.341913838572054,-8.736907879323041],[26.32896181697828,-8.728665683763355],[26.321013985545704,-8.720717852330779],[26.33161109412245,-8.713947477406748],[26.341913838572054,-8.68833779834631],[26.356043316674374,-8.679212510405222],[26.326901268088335,-8.685394157074995],[26.311888697604644,-8.705705281847088],[26.301291589027898,-8.716008026296691],[26.28657338267132,-8.692164531999026],[26.280391736001548,-8.692164531999026],[26.277742458857347,-8.698934906923057],[26.265967893772086,-8.713947477406748],[26.255076421068225,-8.696285629778856],[26.24624549725428,-8.674502684371106],[26.243596220110078,-8.650070461819183],[26.252427143924024,-8.624460782758746],[26.259786247102312,-8.634469163081206],[26.26714535028063,-8.632997342445549],[26.283335377272863,-8.614158038309114],[26.291871936959666,-8.610331304656427],[26.304235230299213,-8.609742576402141],[26.328078724596878,-8.610920032910684],[26.314243610621673,-8.576773794163415],[26.331905458249594,-8.577362522417673],[26.34161947444494,-8.5738301528921],[26.36752351763252,-8.539683914144803],[26.37429389255655,-8.53438535985643],[26.390189555421642,-8.528203713186684],[26.40343594114259,-8.525260071915369],[26.42669070718597,-8.523788251279711],[26.437876544016977,-8.521433338262653],[26.47938188594256,-8.50112221349056],[26.49792682595185,-8.502299669999104],[26.520004135486715,-8.51024750143165],[26.540315260258808,-8.52202206651691]]]}},{"type":"Feature","properties":{"name":"Khashm el Girba Dam","name_ar":"سد خشم القربة","name_fr":"Barrage de Khashm El Girba","scalerank":8},"geometry":{"bbox":[35.873424275095516,14.61970815206641,35.94995894814974,14.935560860478688],"type":"Polygon","coordinates":[[[35.94701530687843,14.772483134047746],[35.93877311131874,14.7627691178524],[35.93582947004742,14.757470563564027],[35.93582947004742,14.750700188639994],[35.93877311131874,14.744812906097364],[35.942011116717204,14.739514351808992],[35.94318857322571,14.736276346410563],[35.93965620370014,14.727445422596617],[35.92817600274202,14.704190656553209],[35.90050577479165,14.66150785811911],[35.89638467701178,14.645023466999731],[35.895207220503266,14.61970815206641],[35.89079175859629,14.628244711753242],[35.88784811732498,14.644729102872617],[35.88048901414669,14.667983868915995],[35.88402138367226,14.677109156857085],[35.89138048685055,14.685351352416776],[35.898445225901725,14.695654096866377],[35.92582108972496,14.777487324208975],[35.923466176707905,14.79691535659967],[35.88578756843504,14.833710872491137],[35.873424275095516,14.852255812500431],[35.87519045985832,14.87492185028958],[35.89785649764744,14.914955371579481],[35.901683231300154,14.935560860478688],[35.908453606224185,14.873744393781038],[35.915223981148216,14.852255812500431],[35.92905909512339,14.831061595346966],[35.941716752590054,14.816343388990362],[35.94995894814974,14.800742090252387],[35.949370219895485,14.77719296008186],[35.94701530687843,14.772483134047746]]]}},{"type":"Feature","properties":{"name":"M'Bakaou Reservoir","name_ar":"خزان إمباكو","name_fr":"Mbakaou","scalerank":8},"geometry":{"bbox":[12.611004764388213,6.283316071697527,13.016638531575637,6.533231215632328],"type":"Polygon","coordinates":[[[12.722274404443965,6.5223397429284375],[12.744057349851715,6.506444080063346],[12.76113046922535,6.486132955291254],[12.784385235268758,6.472297841316077],[12.80557945242225,6.499968069266458],[12.808228729566423,6.486132955291254],[12.811172370837738,6.472297841316077],[12.842669332440835,6.477302031477308],[12.872105745153988,6.483189314019938],[12.862097364831527,6.466999287027704],[12.828245490211373,6.461112004485074],[12.795571072099762,6.4511036241625845],[12.777614860344727,6.427848858119177],[12.80204708289665,6.408420825728484],[12.833249680372603,6.427848858119177],[12.834427136881146,6.418429206050973],[12.833249680372603,6.405477184457169],[12.844141153076492,6.412541923508343],[12.855326989907496,6.42225593970369],[12.858270631178812,6.419312298432374],[12.861214272450127,6.416663021288173],[12.853560805144696,6.387520972702134],[12.877698663569504,6.383399874922304],[12.885352130874935,6.364854934913012],[12.900070337231512,6.3610282012602966],[12.914494179460945,6.342777625378147],[12.927740565181892,6.322172136478912],[12.931861662961724,6.337479071089774],[12.92921238581755,6.353963462209123],[12.93245039121598,6.365738027294412],[12.938926402012896,6.3722140380913],[12.939809494394268,6.401944814931596],[12.944519320428384,6.427848858119177],[12.947168597572585,6.424905216847861],[12.9501122388439,6.42225593970369],[12.951584059479558,6.430792499390492],[12.955705157259388,6.43903469495018],[12.986613390608227,6.431969955899035],[13.016638531575637,6.43903469495018],[12.996621770930687,6.407832097474227],[12.972189548378765,6.3722140380913],[12.983081021082626,6.360145108878897],[12.966596629963277,6.355435282844809],[12.989851396006657,6.334241065691317],[13.001331596964805,6.318051038699082],[12.962769896310562,6.316873582190539],[12.938926402012896,6.283316071697527],[12.920675826130719,6.288320261858787],[12.911256174062515,6.310986299647908],[12.899775973104369,6.300094826944047],[12.88888450040051,6.288908990113043],[12.871811381026873,6.321289044097512],[12.833249680372603,6.294501908528531],[12.802341447023792,6.323055228860312],[12.772316306056354,6.3445438101409195],[12.750827724775746,6.379278777142475],[12.755537550809862,6.399884266041681],[12.690188714586611,6.442861428602896],[12.622190601219216,6.4555190860695575],[12.627783519634704,6.4555190860695575],[12.63337643805022,6.4555190860695575],[12.623662421854874,6.4784794879858225],[12.611004764388213,6.499968069266458],[12.629255340270362,6.488487868308312],[12.650155193296712,6.483189314019938],[12.650155193296712,6.488782232435455],[12.650155193296712,6.494375150850942],[12.670171953941662,6.493786422596685],[12.688716893950954,6.499968069266458],[12.686656345061039,6.529404481979611],[12.722274404443965,6.533231215632328],[12.722274404443965,6.527932661343954],[12.722274404443965,6.5223397429284375]]]}},{"type":"Feature","properties":{"name":"Kainji Reservoir","name_ar":"بحيرة كاينجي","name_fr":"Kainji","scalerank":4},"geometry":{"bbox":[4.330836232301466,9.842767096973688,4.694670293436218,10.665809196433827],"type":"Polygon","coordinates":[[[4.67053243501141,10.397349112489735],[4.678185902316841,10.374683074700613],[4.694670293436218,10.364085966123866],[4.680835179461042,10.336121374046371],[4.663762060087407,10.350545216275806],[4.657286049290491,10.340831200080459],[4.652870587383518,10.295793488629329],[4.623139810543222,10.232505201296021],[4.619018712763392,10.213371533032443],[4.622845446416079,10.214843353668101],[4.632559462611425,10.220141907956474],[4.633736919119968,10.206601158108441],[4.622845446416079,10.193354772387494],[4.6084216041866455,10.188644946353406],[4.598413223864156,10.19983078318441],[4.582517560999065,10.18216893555649],[4.573392273057977,10.162740903165798],[4.563089528608373,10.148022696809221],[4.543072767963423,10.144490327283648],[4.543072767963423,10.138308680613875],[4.549254414633168,10.133893218706902],[4.554847333048684,10.129183392672786],[4.559557159082772,10.123590474257298],[4.56367825686263,10.117703191714668],[4.5586740667014,10.109166632027836],[4.556319153684342,10.099746979959633],[4.558968430828514,10.09268224090846],[4.567504990515346,10.089738599637144],[4.577807734964949,10.093270969162745],[4.5831062892533225,10.10121880059529],[4.586344294651752,10.110638452663494],[4.5916428489401255,10.117703191714668],[4.614014522602133,10.125356659020099],[4.622256718161822,10.117408827587525],[4.620196169271907,10.107694811392179],[4.611365245457961,10.11034408853638],[4.605183598788187,10.11034408853638],[4.608127240059503,10.084734409475914],[4.605772327042445,10.078847126933283],[4.598413223864156,10.083556952967399],[4.596352674974241,10.070310567246452],[4.605772327042445,10.06354019232245],[4.618429984509106,10.056475453271275],[4.625789087687394,10.042051611041813],[4.623728538797479,10.034986871990668],[4.619018712763392,10.026155948176722],[4.608127240059503,10.01173210594726],[4.606066691169588,10.00584482340463],[4.607538511805245,9.999663176734856],[4.610187788949418,9.99259843768371],[4.611365245457961,9.98406187799688],[4.613720158475019,9.975230954182933],[4.623728538797479,9.96581130211473],[4.625789087687394,9.960218383699214],[4.621667989907564,9.953448008775183],[4.608127240059503,9.951093095758127],[4.605183598788187,9.942556536071322],[4.6063610552967305,9.922834139553487],[4.611070881330818,9.911648302722483],[4.621667989907564,9.910176482086825],[4.639329837535456,9.9190074059008],[4.643450935315315,9.900756830018622],[4.638152381026941,9.890159721441876],[4.629910185467253,9.88132879762793],[4.625789087687394,9.867493683652754],[4.619018712763392,9.861606401110123],[4.603123049898272,9.852775477296149],[4.584872474016095,9.845122009990746],[4.571037360040918,9.842767096973688],[4.5730979089308335,9.849243107770576],[4.575452821947891,9.85454166205895],[4.579279555600607,9.859251488093065],[4.584872474016095,9.864550042381438],[4.584872474016095,9.857190939203122],[4.591054120685868,9.869259868415526],[4.590171028304468,9.880740069373672],[4.584872474016095,9.890748449696133],[4.577219006710692,9.89810755287445],[4.57192045242232,9.894575183348849],[4.567504990515346,9.893397726840334],[4.563089528608373,9.892808998586077],[4.557496610192857,9.891042813823276],[4.56279516448123,9.910470846213968],[4.562500800354087,9.933431248130233],[4.556024789557199,9.946971997978295],[4.543072767963423,9.93902416654575],[4.5392460343107075,9.955802921792241],[4.549843142887426,9.96669439449613],[4.5642669851168876,9.977291503072848],[4.571037360040918,9.993481530065111],[4.5686824470238605,10.003784274514715],[4.563089528608373,10.011437741820117],[4.556613517811456,10.017325024362776],[4.550431871141712,10.021446122142606],[4.540717854946365,10.03439814373641],[4.534536208276592,10.034103779609268],[4.5227616431913304,10.021446122142606],[4.5159912682673,10.029099589448037],[4.527765833352561,10.039107969770498],[4.536596757166507,10.054120540254218],[4.536596757166507,10.070016203119337],[4.5227616431913304,10.083556952967399],[4.512458898741727,10.080024583441798],[4.502744882546381,10.083556952967399],[4.494502686986692,10.07178238788211],[4.467421187290569,10.042051611041813],[4.470364828561884,10.049410714220102],[4.474780290468857,10.06942747486508],[4.45417480156965,10.060596551051107],[4.447404426645619,10.055592360889875],[4.458590263476623,10.07531475740771],[4.493913958732406,10.09533151805266],[4.4953857793680925,10.11034408853638],[4.490381589206834,10.110638452663494],[4.465949366654911,10.121824289494498],[4.464477546019253,10.124473566638699],[4.450348067916934,10.127711572037128],[4.442988964738646,10.125945387274356],[4.4332749485433,10.117703191714668],[4.439750959340188,10.138603044741018],[4.462416997129339,10.143901599029391],[4.488026676189776,10.13801431648676],[4.502744882546381,10.124473566638699],[4.508926529216126,10.124473566638699],[4.5139307193773845,10.13624813172396],[4.5168743606487,10.139486137122418],[4.5227616431913304,10.144490327283648],[4.517757453030072,10.154498707606109],[4.515696904140157,10.165095816182856],[4.5168743606487,10.175692924759602],[4.5227616431913304,10.185406940954948],[4.477135203485915,10.17628165301386],[4.455352258078165,10.179519658412318],[4.447404426645619,10.19983078318441],[4.483316850155688,10.190705495243323],[4.50509979556341,10.20483497334564],[4.510103985724669,10.228384103516163],[4.4953857793680925,10.248106500033998],[4.499801241275065,10.260469793373517],[4.486260491427004,10.286962564815383],[4.481845029520031,10.306096233078934],[4.475369018723114,10.31345533625722],[4.448287519027019,10.35437194992852],[4.444166421247161,10.364085966123866],[4.429742579017727,10.37026761279364],[4.405310356465776,10.39793784074402],[4.3929470631262575,10.405296943922309],[4.377640128515424,10.400587117888193],[4.3635106504131045,10.38940128105719],[4.3487924440565,10.380864721370386],[4.330836232301466,10.384691455023074],[4.342316433259612,10.389695645184332],[4.354385362472016,10.397349112489735],[4.375285215498366,10.415599688371914],[4.3885316012192845,10.4220756991688],[4.400600530431689,10.417660237261828],[4.416201829169665,10.405296943922309],[4.429448214890584,10.40205893852385],[4.442400236484389,10.396466020108363],[4.4535860733153925,10.393228014709905],[4.461239540620795,10.398232204871135],[4.461239540620795,10.410595498210682],[4.440634051721588,10.453572660771897],[4.445049513628561,10.45121774775484],[4.461239540620795,10.446213557593609],[4.460356448239423,10.45975430744167],[4.463005725383596,10.472411964908332],[4.468009915544826,10.484186529993593],[4.474780290468857,10.494489274443197],[4.461239540620795,10.499199100477313],[4.4512311602983345,10.507735660164116],[4.4332749485433,10.529224241444723],[4.447993154899876,10.532756610970324],[4.4556466222053075,10.541293170657127],[4.461533904747938,10.553067735742388],[4.471247920943284,10.566608485590452],[4.491559045715377,10.58574215385403],[4.497740692385122,10.598105447193547],[4.4850830349184605,10.603698365609063],[4.4741915622146,10.606347642753235],[4.465066274273511,10.612823653550123],[4.45829589934948,10.621360213236954],[4.454469165696764,10.6310742294323],[4.453880437442507,10.64019951737339],[4.456529714586708,10.64520370753462],[4.461828268875081,10.651679718331508],[4.467421187290569,10.665809196433827],[4.482728121901431,10.635784055466388],[4.488615404444062,10.6310742294323],[4.49597450762235,10.635489691339274],[4.5018617901649804,10.64608679991602],[4.508926529216126,10.665809196433827],[4.5159912682673,10.665809196433827],[4.519229273665758,10.652562810712908],[4.52099545842853,10.636372783720674],[4.5248221920812455,10.623126397999727],[4.533064387640934,10.617533479584239],[4.543072767963423,10.615178566567181],[4.552786784158741,10.608702555770293],[4.5601458873370575,10.600165996083462],[4.56367825686263,10.590157615761003],[4.575452821947891,10.597222354812146],[4.581928832744779,10.595456170049374],[4.584283745761837,10.5866252462354],[4.584872474016095,10.573378860514481],[4.5875217511602955,10.56837467035325],[4.5939977619571835,10.570729583370309],[4.600768136881214,10.576322501785796],[4.62637781594168,10.603698365609063],[4.639329837535456,10.612529289423009],[4.644628391823829,10.614884202440066],[4.64963258198506,10.615472930694324],[4.654636772146318,10.61341238180438],[4.6566973210362335,10.608996919897407],[4.655519864527719,10.603698365609063],[4.651987495002118,10.598694175447804],[4.647866397222288,10.595456170049374],[4.6458058483323725,10.589863251633858],[4.624317267051737,10.554245192250931],[4.621373625780421,10.543648083674185],[4.623728538797479,10.531579154461781],[4.625789087687394,10.527458056681951],[4.628144000704452,10.524220051283493],[4.631676370230053,10.521865138266435],[4.6357974680098835,10.520687681757922],[4.641096022298257,10.52157077413932],[4.6566973210362335,10.526574964300552],[4.6599353264346925,10.529224241444723],[4.656991685163376,10.51480039921529],[4.647866397222288,10.506263839528458],[4.638152381026941,10.50067092111297],[4.632559462611425,10.494489274443197],[4.633148190865711,10.481242888722278],[4.639035473408342,10.466819046492816],[4.647866397222288,10.45298393251764],[4.656402956909091,10.442681188068036],[4.665528244850179,10.423253155677344],[4.67053243501141,10.397349112489735]]]}},{"type":"Feature","properties":{"name":"Lake Kariba","name_ar":"بحيرة كاريبا","name_fr":"Kariba","scalerank":5},"geometry":{"bbox":[27.02071751573769,-17.983768204910177,29.00061063482531,-16.478095694631662],"type":"Polygon","coordinates":[[[28.97470659163773,-16.597901894374274],[28.991485346884218,-16.60408354104402],[29.00061063482531,-16.614680649620766],[28.988541705612903,-16.615269377875023],[28.956456015755553,-16.623805937561855],[28.946153271305942,-16.628810127723085],[28.935850526856342,-16.637052323282774],[28.92966888018657,-16.645294518842462],[28.933495613839284,-16.650298709003692],[28.952334917975715,-16.649415616622292],[28.94026598876331,-16.661484545834696],[28.930551972567972,-16.675025295682758],[28.92466469002534,-16.691215322674992],[28.924959054152453,-16.712115175701342],[28.891990271913727,-16.667960556631613],[28.880510070955584,-16.662367638216097],[28.864908772217607,-16.668843649012985],[28.849307473479627,-16.683267491242447],[28.844008919191253,-16.697396969344766],[28.86019894618349,-16.704167344268797],[28.869029869997433,-16.720651735388174],[28.864025679836203,-16.753620517626928],[28.842537098555592,-16.77716964779745],[28.802209213138553,-16.765983810966446],[28.80603594679127,-16.78394002272148],[28.799854300121495,-16.794242767171085],[28.78925719154475,-16.802484962730773],[28.78101499598506,-16.81396516368892],[28.76305878423005,-16.810138430036204],[28.738037833423846,-16.81131588654472],[28.71596052388898,-16.807783517019146],[28.706540871820746,-16.78982730526411],[28.703302866422316,-16.778641468433108],[28.695943763244035,-16.774226006526135],[28.688584660065743,-16.770693637000562],[28.68534665466729,-16.762451441440874],[28.688879024192854,-16.752737425245527],[28.705952143566492,-16.734192485236235],[28.71272251849052,-16.72447846904089],[28.690350844828515,-16.72359537665949],[28.690645208955658,-16.707994077921516],[28.693294486099834,-16.68856604553082],[28.678576279743254,-16.67679148044556],[28.654438421318446,-16.68267876298819],[28.637659666071954,-16.715941909354058],[28.61734854129986,-16.712115175701342],[28.607634525104515,-16.719768643006773],[28.59203322636654,-16.717413729989715],[28.581730481916935,-16.719179914752516],[28.589089585095223,-16.738313583016065],[28.57554883524716,-16.73448684936335],[28.5637742701619,-16.73536994174475],[28.554354618093697,-16.73448684936335],[28.54876169967818,-16.72447846904089],[28.534632221575862,-16.73124884396492],[28.541402596499893,-16.745672686194354],[28.537281498720063,-16.749205055719955],[28.525801297761916,-16.756564158898243],[28.5210914717278,-16.758624707788158],[28.50107471108285,-16.756564158898243],[28.4837072275821,-16.773342914144735],[28.45898064090304,-16.81396516368892],[28.45309335836041,-16.81632007670595],[28.446911711690632,-16.814259527816034],[28.4419075215294,-16.81396516368892],[28.438963880258086,-16.82073553861295],[28.44073006502086,-16.827505913536953],[28.44602861930923,-16.83398192433387],[28.451915901851862,-16.839280478622243],[28.455742635504578,-16.841341027512158],[28.463690466937123,-16.848405766563303],[28.473110119005355,-16.895209662777262],[28.456920092013092,-16.884612554200515],[28.449855352961947,-16.84899449481759],[28.43543151073249,-16.841341027512158],[28.42159639675731,-16.840163571003615],[28.402168364366617,-16.836631201478042],[28.384506516738725,-16.829272098299754],[28.376853049433294,-16.81720316908735],[28.37567559292478,-16.80984406590906],[28.37067140276352,-16.799541321459458],[28.369493946255005,-16.78982730526411],[28.373615044034835,-16.785117479229996],[28.38215160372167,-16.777758376051708],[28.389510706899955,-16.76892745223776],[28.39068816340847,-16.758624707788158],[28.379502326577466,-16.74861632746567],[28.365078484348032,-16.753031789372642],[28.35300955513563,-16.767455631602104],[28.34888845735577,-16.786589299865653],[28.33387588687208,-16.78187947383157],[28.323573142422447,-16.788649848755597],[28.316802767498448,-16.801896234476516],[28.315036582735644,-16.81720316908735],[28.307383115430213,-16.819558082104408],[28.260873583343425,-16.827505913536953],[28.259696126834882,-16.807489152892003],[28.226727344596128,-16.811610250671862],[28.16520524202562,-16.834276288460984],[28.131942095659753,-16.8398692068765],[28.11663516104889,-16.846050853546274],[28.103977503582232,-16.87224926086097],[28.093969123259768,-16.886967467217573],[28.091908574369825,-16.900213852938492],[28.109864786124863,-16.90933914087958],[28.088376204844252,-16.920524977710585],[28.075129819123333,-16.93171081454159],[28.067476351817902,-16.947312113279565],[28.06158906927527,-16.970861243450088],[28.055996150859784,-16.980280895518295],[28.050108868317125,-16.986756906315208],[28.052463781334183,-16.99028927584078],[28.072480541979132,-16.991466732349295],[28.08572692770008,-16.989111819332265],[28.109276057870602,-16.97939780313692],[28.123699900100064,-16.97763161837412],[28.113102791523318,-16.989700547586523],[28.097795856912455,-16.99529346600201],[28.090142389607053,-17.001769476798927],[28.101328226438056,-17.017665139664018],[28.099562041675256,-17.01943132442682],[28.09661840040394,-17.025024242842306],[28.096324036276798,-17.025612971096592],[28.10338877532797,-17.025612971096592],[28.10338877532797,-17.03297207427488],[28.08307765055588,-17.03621007967331],[28.06571016705513,-17.044452275233],[28.05305250958847,-17.05887611746246],[28.04804831942721,-17.08095342699733],[28.03980612386752,-17.07477178032758],[28.021555547985372,-17.051517014284173],[28.016256993697,-17.05387192730123],[28.010075347027225,-17.053577563174088],[28.00713170575591,-17.050045193648515],[28.007426069883053,-17.04209736221594],[28.006837341628795,-17.036798807927596],[28.004188064484595,-17.03385516665628],[27.996828961306306,-17.03297207427488],[27.963860179067552,-17.022374965698134],[27.958267260652065,-17.022374965698134],[27.956501075889264,-17.03120588951208],[27.95620671176215,-17.03974244919891],[27.959150353033465,-17.039153720944626],[27.96121090192338,-17.039153720944626],[27.962977086686152,-17.042686090470227],[27.962977086686152,-17.0479846447586],[27.959150353033465,-17.053577563174088],[27.952968706363695,-17.055049383809745],[27.94619833143966,-17.052400106665573],[27.940016684769887,-17.048573373012857],[27.935012494608657,-17.046512824122942],[27.926181570794714,-17.049456465394258],[27.926181570794714,-17.05622684031826],[27.93206885333734,-17.06711831302215],[27.91617319047222,-17.09567163335393],[27.90763663078542,-17.10479692129499],[27.892035332047442,-17.11480530161748],[27.870546750766835,-17.12393058955857],[27.82845268058699,-17.135410790516687],[27.837283604400938,-17.14983463274615],[27.849352533613345,-17.16337538259421],[27.835223055511022,-17.167790844501184],[27.82580340344282,-17.160137377195753],[27.817855572010245,-17.14924590449189],[27.807847191687788,-17.142769893694975],[27.795483898348238,-17.145419170839176],[27.760160203092454,-17.169557029263956],[27.710118301480065,-17.19016251816319],[27.69392827448783,-17.20075962673991],[27.71217885036998,-17.203703268011253],[27.705702839573092,-17.21341728420657],[27.68951281258083,-17.227841126436033],[27.684214258292485,-17.239026963267037],[27.663314405266135,-17.230490403580234],[27.662431312884735,-17.243736789301153],[27.67450024209714,-17.273173202014306],[27.664197497647507,-17.276411207412764],[27.65212856843513,-17.283770310591052],[27.6444751011297,-17.29377869091354],[27.646830014146758,-17.304081435363145],[27.653011660816503,-17.315856000448406],[27.64771310652816,-17.324098196008094],[27.629756894773124,-17.33469530458484],[27.61180068301809,-17.363248624916594],[27.575593895380877,-17.478050634497947],[27.568823520456846,-17.478050634497947],[27.573827710618104,-17.452735319564624],[27.57176716172819,-17.443021303369278],[27.562053145532843,-17.437134020826647],[27.562936237914215,-17.45332404781888],[27.554399678227412,-17.495418117998724],[27.547040575049124,-17.502777221177013],[27.52908436329409,-17.508075775465386],[27.496704309309592,-17.512196873245216],[27.46903408135921,-17.512196873245216],[27.45961442929101,-17.514846150389417],[27.457553880401093,-17.52102779705919],[27.45873133690961,-17.52779817198322],[27.45873133690961,-17.53280236214445],[27.424879462289482,-17.57430770407001],[27.440775125154573,-17.573130247561494],[27.451077869604205,-17.56518241612892],[27.460203157545266,-17.554585307552202],[27.472566450884813,-17.546343111992513],[27.46550171183364,-17.561650046603347],[27.450783505477062,-17.579017530104124],[27.433416021976285,-17.58873154629947],[27.41810908736545,-17.58107807899404],[27.41045562006002,-17.58784845391807],[27.388967038779413,-17.573130247561494],[27.350699702252285,-17.600800475511875],[27.219413301551555,-17.735913609865293],[27.21411474726321,-17.743567077170724],[27.212054198373266,-17.755930370510242],[27.21617529615313,-17.7591683759087],[27.224711855839928,-17.7609345606715],[27.232070959018216,-17.76593875083273],[27.23236532314536,-17.780362593062193],[27.215292203771725,-17.77418094639242],[27.200868361542263,-17.77741895179085],[27.159068655489563,-17.808032821012546],[27.15818556310819,-17.816569380699377],[27.165250302159336,-17.825400304513323],[27.171137584701967,-17.8410016032513],[27.156713742472537,-17.86366764104045],[27.097546552919056,-17.91135462963578],[27.095191639901998,-17.93048829789933],[27.084300167198137,-17.9246010153567],[27.07546924338419,-17.928133384882273],[27.06781577607876,-17.938436129331876],[27.061339765281872,-17.95227124330708],[27.070465053222932,-17.95315433568848],[27.078412884655506,-17.956686705214054],[27.084300167198137,-17.962868351883827],[27.088421264977967,-17.97140491157063],[27.073408694494248,-17.9672838137908],[27.06781577607876,-17.9646345366466],[27.0645777706803,-17.968166906172172],[27.057513031629156,-17.97464291696909],[27.054275026230698,-17.97817528649466],[27.039851184001236,-17.97405418871483],[27.025721705898917,-17.983768204910177],[27.02071751573769,-17.97140491157063],[27.023366792881887,-17.948150145527222],[27.05456939035784,-17.919008096941184],[27.061339765281872,-17.895753330897804],[27.07193687385859,-17.901051885186178],[27.08017906941828,-17.90193497756755],[27.084005803070994,-17.89781387978772],[27.080767797672564,-17.890160412482288],[27.080767797672564,-17.882801309304],[27.09048181386791,-17.879857668032688],[27.099901465936114,-17.875736570252855],[27.104905656097344,-17.86955492358308],[27.10196201482603,-17.862195820404793],[27.114325308165547,-17.85513108135362],[27.125216780869437,-17.846300157539673],[27.133458976429125,-17.83511432070867],[27.136108253573298,-17.820690478479207],[27.12551114499655,-17.82598903276758],[27.11285348752989,-17.834525592454412],[27.100195830063228,-17.8410016032513],[27.088421264977967,-17.8410016032513],[27.080767797672564,-17.83275940769161],[27.083122710689597,-17.822162299114865],[27.08959872148651,-17.813037011173805],[27.095191639901998,-17.807149728631174],[27.088421264977967,-17.807149728631174],[27.088421264977967,-17.800673717834258],[27.109026753877203,-17.793903342910227],[27.10225637895317,-17.79007660925754],[27.094014183393483,-17.783011870206366],[27.088421264977967,-17.780362593062193],[27.104316927843087,-17.76829366384979],[27.1396406230989,-17.72826014255986],[27.14788281865856,-17.714719392711828],[27.154947557709733,-17.69823500159245],[27.163484117396564,-17.68734352888856],[27.177613595498887,-17.690875898414163],[27.182912149787228,-17.68057315396453],[27.182029057405856,-17.6773351485661],[27.177613595498887,-17.67056477364207],[27.187916339948487,-17.664971855226554],[27.20410636694072,-17.646426915217262],[27.22794986123839,-17.6373016272762],[27.22794986123839,-17.626115790445198],[27.229716046001187,-17.616401774249855],[27.246200437120535,-17.61522431774131],[27.24502298061202,-17.609042671071535],[27.246200437120535,-17.601389203766132],[27.246200437120535,-17.5946188288421],[27.257680638078686,-17.604332845037447],[27.265334105384113,-17.60786521456302],[27.27416502919806,-17.608453942817277],[27.286233958410463,-17.604332845037447],[27.290355056190293,-17.59873992662193],[27.29094378444455,-17.591380823443643],[27.298008523495724,-17.569597878035893],[27.296242338732924,-17.56282750311189],[27.297125431114324,-17.558117677077774],[27.308016903818213,-17.553113486916544],[27.31331545810656,-17.554585307552202],[27.342163142565482,-17.56694860089172],[27.344223691455397,-17.564593687874662],[27.344223691455397,-17.563121867239005],[27.345106783836798,-17.562533138984747],[27.348933517489513,-17.560472590094832],[27.348933517489513,-17.553113486916544],[27.33362658287865,-17.54516565548397],[27.334804039387194,-17.53692345992428],[27.346578604472455,-17.533979818652966],[27.36276863146469,-17.54016146532274],[27.371010827024378,-17.525737623093278],[27.371599555278635,-17.513668693880902],[27.369833370515867,-17.501011036414212],[27.37042209877012,-17.484821009421978],[27.375720653058497,-17.469514074811144],[27.38131357147398,-17.460977515124313],[27.37954738671121,-17.455973324963082],[27.36276863146469,-17.45067477067471],[27.34952224574377,-17.45155786305611],[27.338336408912767,-17.457150781471597],[27.328916756844535,-17.463038064014228],[27.32185201779339,-17.464509884649885],[27.312432365725186,-17.453912776073167],[27.3144929146151,-17.440077662097963],[27.322735110174794,-17.4283030970127],[27.344812419709655,-17.415939803673183],[27.386612125762355,-17.365309173806537],[27.434299114357685,-17.32880802204221],[27.449311684841405,-17.311440538541433],[27.431061108959227,-17.307319440761574],[27.435770934993343,-17.297311060439114],[27.438420212137544,-17.29377869091354],[27.417520359111194,-17.276705571539907],[27.43223856546777,-17.266697191217418],[27.45873133690961,-17.262576093437588],[27.472566450884813,-17.262281729310445],[27.482280467080162,-17.252273348987956],[27.502002863597966,-17.240498783902694],[27.517309798208828,-17.224897485164718],[27.51407179281037,-17.203703268011253],[27.517604162335942,-17.199287806104255],[27.519370347098743,-17.19487234419728],[27.520253439480143,-17.18927942578179],[27.520253439480143,-17.180448501967845],[27.524374537259973,-17.1707344857725],[27.533499825201062,-17.166907752119783],[27.54262511314215,-17.16573029561127],[27.54821803155764,-17.16337538259421],[27.55175040108321,-17.154250094653122],[27.551161672828954,-17.14806844798335],[27.54939548806618,-17.141886801313603],[27.54821803155764,-17.13246714924537],[27.551161672828954,-17.130112236228314],[27.564702422677016,-17.124224953685683],[27.568823520456846,-17.121870040668625],[27.571472797601047,-17.11392220923608],[27.572061525855304,-17.10656310605779],[27.573238982363847,-17.099498367006618],[27.578831900779335,-17.090961807319815],[27.58501354744911,-17.0871350736671],[27.59767120491577,-17.083602704141526],[27.602969759204143,-17.08095342699733],[27.624458340484754,-17.050633921902772],[27.636527269697154,-17.039153720944626],[27.658898943359162,-17.061819758733776],[27.66007639986768,-17.071828139056265],[27.650068019545188,-17.087723801921356],[27.666552410664565,-17.0862519812857],[27.682448073529685,-17.079481606361668],[27.71217885036998,-17.059464845716718],[27.686569171309515,-17.038564992690368],[27.673322785588596,-17.030617161257823],[27.657427122723504,-17.025612971096592],[27.67185096495294,-17.01118912886713],[27.713650671005638,-17.00088638441753],[27.732784339269188,-16.984990721552407],[27.73719980117616,-16.969978151068688],[27.730135062125015,-16.957909221856283],[27.714239399259895,-16.950550118677995],[27.691573361470773,-16.950550118677995],[27.698343736394808,-16.94024737422839],[27.71894922529401,-16.925823531998958],[27.725719600218042,-16.91581515167647],[27.732784339269188,-16.91581515167647],[27.74308708371882,-16.93494881994002],[27.771640404050572,-16.931416450414446],[27.821976669790104,-16.90933914087958],[27.84846944123194,-16.904629314845465],[27.86348201171566,-16.899625124684235],[27.86995802251255,-16.891971657378804],[27.862010191080003,-16.886967467217573],[27.815206294866073,-16.875192902132284],[27.804314822162183,-16.868716891335396],[27.776938958338945,-16.846050853546274],[27.77723332246609,-16.841341027512158],[27.78812479516995,-16.837514293859442],[27.78989097993275,-16.829272098299754],[27.787830431042835,-16.820146810358665],[27.787830431042835,-16.81396516368892],[27.79401207771258,-16.80631169638349],[27.794306441839723,-16.80483987574783],[27.795189534221123,-16.80631169638349],[27.860244006317203,-16.81720316908735],[27.86995802251255,-16.81043279416332],[27.87172420727535,-16.78894421288271],[27.868191837749777,-16.780996381450166],[27.856122908537372,-16.77216545763622],[27.86848620187689,-16.76863308811062],[27.881438223470695,-16.768338723983504],[27.904104261259818,-16.77216545763622],[27.90763663078542,-16.77039927287342],[27.913229549200906,-16.766866903347847],[27.919705559997823,-16.764217626203646],[27.925004114286168,-16.765983810966446],[27.925592842540453,-16.76892745223776],[27.92441538603191,-16.77716964779745],[27.925004114286168,-16.779818924941623],[27.923532293650513,-16.78187947383157],[27.917645011107883,-16.800130049713715],[27.93295194571874,-16.793654038916827],[27.949141972710976,-16.78982730526411],[27.963271450813295,-16.790710397645512],[27.97298546700864,-16.800130049713715],[27.974162923517156,-16.81632007670595],[27.96798127684741,-16.82662282115558],[27.96621509208461,-16.83574810909664],[27.979755841932672,-16.84811140243619],[28.006542977501653,-16.853704320851676],[28.040100487994664,-16.84722831005479],[28.07071435721636,-16.831038283062554],[28.089553661352795,-16.80719478876489],[28.07660163975899,-16.80307369098503],[28.073657998487676,-16.80395678336643],[28.069242536580703,-16.80719478876489],[28.06394398229233,-16.796303316061],[28.066887623563645,-16.791887854154027],[28.072774906106275,-16.78894421288271],[28.076012911504733,-16.783351294467224],[28.076012911504733,-16.762451441440874],[28.08219455817448,-16.74449522968584],[28.097207128658198,-16.74125722428738],[28.115457704540376,-16.747438870957154],[28.1304702750241,-16.758624707788158],[28.134297008676782,-16.752737425245527],[28.13635755756673,-16.745967050321497],[28.13753501407524,-16.728010838566462],[28.14018429121944,-16.71947427887963],[28.146954666143472,-16.716530637608315],[28.155785589957418,-16.715058816972657],[28.16520524202562,-16.712115175701342],[28.18934310045043,-16.698868789980423],[28.200823301408548,-16.689154773785077],[28.20523876331552,-16.67679148044556],[28.175802350602368,-16.690920958547878],[28.174624894093824,-16.677380208699816],[28.178745991873683,-16.654714170910665],[28.16520524202562,-16.642056513444004],[28.16520524202562,-16.63587486677426],[28.18581073092483,-16.630576312485886],[28.199057116645776,-16.636169230901373],[28.219368241417843,-16.662367638216097],[28.225549888087613,-16.649415616622292],[28.244389192224048,-16.657069083927723],[28.248215925876764,-16.645294518842462],[28.24586101285971,-16.625277758197512],[28.246449741113963,-16.607910274696735],[28.265289045250398,-16.617918655019224],[28.278241066844174,-16.61438628549365],[28.293253637327897,-16.60584972580682],[28.318274588134102,-16.601139899772704],[28.328871696710824,-16.59407516072156],[28.322690050041075,-16.57906259023784],[28.305028202413155,-16.564638748008377],[28.280890343988375,-16.560223286101404],[28.280890343988375,-16.55315854705026],[28.29148745256512,-16.553452911177374],[28.295019822090694,-16.55315854705026],[28.295019822090694,-16.54638817212623],[28.288249447166663,-16.545505079744828],[28.2738256049372,-16.539617797202197],[28.293548001455036,-16.536085427676625],[28.311209849082932,-16.537557248312282],[28.324161870676733,-16.546093807999085],[28.329166060837963,-16.563461291499863],[28.333581522744936,-16.565521840389778],[28.35536446815269,-16.55580782419443],[28.363312299585232,-16.55315854705026],[28.371848859272063,-16.555513460067317],[28.375381228797636,-16.560517650228547],[28.37332067990772,-16.56669929689832],[28.363312299585232,-16.572880943568066],[28.37243758752632,-16.582889323890555],[28.391865619917013,-16.5917202477045],[28.3974585383325,-16.601139899772704],[28.40746691865499,-16.591425883577358],[28.433665325969713,-16.557574008957232],[28.438963880258086,-16.542855802600656],[28.446911711690632,-16.539617797202197],[28.463690466937123,-16.538440340693654],[28.4801748580565,-16.53166996576965],[28.48694523298053,-16.51224193337896],[28.50519580886271,-16.520484128938648],[28.509905634896796,-16.536674155930882],[28.509022542515424,-16.552864182923116],[28.510788727278197,-16.560223286101404],[28.523740748872,-16.55580782419443],[28.535515313957262,-16.547565628634743],[28.547878607296784,-16.542267074346373],[28.56259681365339,-16.54638817212623],[28.567306639687473,-16.541678346092112],[28.57113337334019,-16.536968520057997],[28.57378265048439,-16.53166996576965],[28.57554883524716,-16.525782683226993],[28.564068634289043,-16.526665775608393],[28.553177161585154,-16.526077047354136],[28.543463145389808,-16.523427770209963],[28.534632221575862,-16.517834851794447],[28.546701150788266,-16.513419389887474],[28.620880910825434,-16.501056096547956],[28.6464905898859,-16.48221679241152],[28.661503160369623,-16.478095694631662],[28.680342464506055,-16.48133370003012],[28.684463562285885,-16.49045898797121],[28.683286105777366,-16.50311664543787],[28.68534665466729,-16.517834851794447],[28.698298676261057,-16.532553058151024],[28.713016882617666,-16.532847422278167],[28.728029453101385,-16.53078687338825],[28.74009838231376,-16.539617797202197],[28.757760229941685,-16.53225869402391],[28.780720631857942,-16.530198145133994],[28.847246924589715,-16.534613607040967],[28.860493310310627,-16.540795253710712],[28.87285660365015,-16.549626177524658],[28.890812815405184,-16.560223286101404],[28.886986081752468,-16.561989470864205],[28.88610298937107,-16.562578199118462],[28.88610298937107,-16.563755655626977],[28.88404244048115,-16.566993661025435],[28.87138478301449,-16.561106378482805],[28.858138397293573,-16.559634557847147],[28.845775103954054,-16.561695106737062],[28.836355451885826,-16.566993661025435],[28.864025679836203,-16.57994568261924],[28.879038250319923,-16.582889323890555],[28.897583190329215,-16.580534410873497],[28.912595760812938,-16.574941492457985],[28.952334917975715,-16.55315854705026],[28.959694021154007,-16.560223286101404],[28.94791945606872,-16.57670767722078],[28.93879416812766,-16.59407516072156],[28.955278559247034,-16.59495825310296],[28.97470659163773,-16.597901894374274]]]}},{"type":"Feature","properties":{"name":"Lake Nasser","name_ar":"بحيرة ناصر","name_fr":"Nasser","scalerank":5},"geometry":{"bbox":[31.090595937460165,21.60908998668077,33.06430740987798,23.987846498031786],"type":"Polygon","coordinates":[[[32.22772456056978,22.651433360854014],[32.2418540386721,22.67203884975322],[32.24833004946902,22.67851486055014],[32.21771618024732,22.68616832785554],[32.211240169450406,22.69293870277957],[32.22154291390004,22.705890724373376],[32.205352886907775,22.70795127326329],[32.1932839576954,22.71619346882298],[32.18150939261011,22.72590748501833],[32.166202457999276,22.733266588196614],[32.1488349744985,22.734444044705157],[32.132644947506265,22.730028582798184],[32.099381801140396,22.710011822153206],[32.09437761097914,22.707656909136176],[32.08937342081791,22.706479452627633],[32.084074866529534,22.705890724373376],[32.07701012747839,22.704418903737718],[32.077598855732646,22.700886534212145],[32.07965940462256,22.69617670817803],[32.077598855732646,22.692349974525314],[32.06965102430007,22.6902894256354],[32.06229192112179,22.69058378976254],[32.055815910324895,22.68970069738114],[32.05022299190941,22.684696507219886],[32.04433570936675,22.670861393244707],[32.0472793506381,22.663796654193565],[32.05316663318073,22.65526009450673],[32.05699336683341,22.637598246878838],[32.036682242061346,22.647312263074184],[32.02049221506908,22.651727724981157],[32.00430218807685,22.6484897195827],[31.985168519813303,22.63436024148038],[31.969567221075327,22.614637844962573],[31.968978492821066,22.599919638605968],[31.9757488677451,22.58431833986799],[31.981341786160588,22.561946666205984],[31.952199737574546,22.579608513833904],[31.943957542014857,22.57843105732536],[31.94013080836214,22.561946666205984],[31.942780085506342,22.5648903074773],[31.954554650591604,22.528389155712972],[31.974571411236553,22.493654188711446],[31.95131664519315,22.49718655823702],[31.94130826487068,22.489533090931587],[31.934832254073772,22.478641618227726],[31.92305768898851,22.473343063939353],[31.903629656597815,22.466572689015322],[31.89479873278387,22.450677026150235],[31.89244381976681,22.43036590137814],[31.89244381976681,22.41123223311459],[31.83357099434048,22.42035752105565],[31.811788048932755,22.418296972165734],[31.824151342272277,22.404167494063415],[31.816792239093985,22.396808390885127],[31.830038624814907,22.390626744215353],[31.84093009751876,22.37855781500295],[31.845051195298623,22.364133972773516],[31.83798645624745,22.349710130544054],[31.822385157509473,22.341467934984365],[31.812671141314127,22.347943945781253],[31.805312038135835,22.360601603247915],[31.796481114321892,22.37031561944326],[31.76881088637151,22.37620290198592],[31.741435022548274,22.37119871182466],[31.68638893077466,22.342351027365766],[31.697280403478516,22.32616100037353],[31.693159305698686,22.318213168940957],[31.68050164823202,22.320862446085158],[31.66607780600256,22.335875016568878],[31.665489077748305,22.328221549263446],[31.65930743107853,22.308793516872754],[31.646061045357612,22.322334266720816],[31.643411768213443,22.311737158144073],[31.637818849797924,22.303789326711524],[31.629282290111124,22.298196408296008],[31.618096453280117,22.294958402897578],[31.648415958374667,22.272881093362685],[31.652242692027386,22.266993810820054],[31.65489196917156,22.254630517480535],[31.66166234409559,22.247271414302247],[31.672259452672332,22.24491650128519],[31.68638893077466,22.246682686047965],[31.667843990765363,22.240206675251073],[31.648710322501785,22.243444680649535],[31.629576654238235,22.24992069144642],[31.61132607835609,22.253453060971992],[31.596313507872367,22.248743234937905],[31.542444872607263,22.212536447300693],[31.545094149751463,22.20576607237666],[31.544799785624317,22.202528066978232],[31.543327964988666,22.199290061579774],[31.542444872607263,22.191930958401485],[31.531553399903405,22.196935148562716],[31.517718285928197,22.189576045384428],[31.44000615636546,22.126582122178263],[31.39261353189724,22.052991090395324],[31.385548792846095,22.03503487864029],[31.38260515157478,22.00824774307131],[31.38731497760887,21.95643965669615],[31.385548792846095,21.932007434144225],[31.37818968966781,21.911696309372132],[31.344337815047655,21.85635585347137],[31.333151978216648,21.846053109021767],[31.33079706519959,21.843109467750452],[31.329619608691075,21.83781091346208],[31.329913972818193,21.824270163614017],[31.33079706519959,21.822209614724102],[31.303421201376352,21.794833750900864],[31.29782828296084,21.78482537057838],[31.29753391883372,21.77864372390863],[31.295179005816664,21.773345169620256],[31.28311007660426,21.76686915882334],[31.280166435332948,21.76863534358614],[31.27192423977326,21.77864372390863],[31.26868623437483,21.781293001052802],[31.26309331595931,21.778938088035748],[31.258383489925194,21.77422826200163],[31.25543984865388,21.769224071840398],[31.255145484526764,21.76686915882334],[31.24395964769576,21.767457887077626],[31.23660054451747,21.76951843596754],[31.23012453372056,21.76863534358614],[31.2209992457795,21.76009878389931],[31.21540632736398,21.751562224212506],[31.21305141434692,21.743320028652818],[31.214817599109725,21.734783468965986],[31.2209992457795,21.72595254515204],[31.200982485134517,21.705641420379976],[31.181848816870968,21.656188247021845],[31.158888414954706,21.643824953682326],[31.138282926055496,21.640881312410983],[31.121504170808976,21.634699665741238],[31.106491600325253,21.624396921291634],[31.090595937460165,21.60908998668077],[31.097366312384167,21.62645747018155],[31.107374692706657,21.644413681936584],[31.121209806681833,21.658543160038903],[31.138282926055496,21.664430442581533],[31.158594050827563,21.66590226321719],[31.166836246387252,21.671200817505564],[31.180965724489567,21.718004713719495],[31.178905175599656,21.734783468965986],[31.17478407781982,21.750679131831106],[31.17331225718417,21.76686915882334],[31.178316447345395,21.782470457561317],[31.186264278777944,21.79601120740938],[31.191562833066314,21.808668864876044],[31.186853007032198,21.822209614724102],[31.201571213388803,21.81691106043573],[31.211285229584153,21.81749978868999],[31.219233061016695,21.82191525059696],[31.2277696207035,21.828979989648133],[31.232479446737617,21.835750364572164],[31.23453999562753,21.852823483945798],[31.23807236515313,21.859299494742686],[31.24307655531436,21.862537500141144],[31.25573421278102,21.866952962048117],[31.261915859450795,21.869896603319432],[31.281343891841487,21.885497902057413],[31.336978711869364,21.96085511860312],[31.34404345092051,21.9876422541721],[31.344337815047655,22.04769253610695],[31.366120760455406,22.109214638677486],[31.365532032201145,22.121577932017004],[31.361999662675544,22.133941225356555],[31.358172929022828,22.143655241551897],[31.38113333093912,22.14630451869607],[31.40085572745693,22.16043399679839],[31.417340118576302,22.181922578078996],[31.430292140170113,22.20576607237666],[31.44442161827243,22.221073006987524],[31.51506900878402,22.260223435896023],[31.65930743107853,22.383856369291323],[31.646061045357612,22.390626744215353],[31.658424338697134,22.396514026757984],[31.686683294901794,22.399752032156442],[31.693748033952943,22.404167494063415],[31.672848180926596,22.45950794996418],[31.689038207918827,22.463629047744007],[31.70522823491109,22.456858672819976],[31.72082953364907,22.44773338487892],[31.72995482159013,22.44773338487892],[31.7370195606413,22.456858672819976],[31.748205397472308,22.466572689015322],[31.755858864777736,22.469516330286638],[31.756447593031996,22.47540361282927],[31.755270136523446,22.48158525949904],[31.752915223506424,22.487472542041672],[31.748499761599444,22.493654188711446],[31.789416375270747,22.475109248702154],[31.811199320678465,22.472754335685096],[31.816792239093985,22.493654188711446],[31.804428945754438,22.502779476652535],[31.73819701714982,22.53162716111143],[31.66931581140102,22.592266171300565],[31.6560694256801,22.614049116708287],[31.660190523459928,22.626412410047834],[31.667843990765363,22.636715154497438],[31.66607780600256,22.651433360854014],[31.67461436568939,22.64260243704007],[31.681384740613424,22.63112223608192],[31.690510028554485,22.620819491632318],[31.703756414275432,22.616698393852488],[31.716119707614947,22.61434348083543],[31.73113227809867,22.6093392906742],[31.74526175620099,22.60256891575017],[31.755270136523446,22.596092904953252],[31.773226348278484,22.571366318274215],[31.78294036447383,22.56312412271453],[31.796775478449035,22.5657733998587],[31.8103162282971,22.571955046528476],[31.824151342272277,22.57489868779979],[31.83622027148468,22.571955046528476],[31.84475683117148,22.561946666205984],[31.85623703212963,22.570188861765672],[31.85623703212963,22.577253600816846],[31.848583564824196,22.582257790978076],[31.83798645624745,22.583140883359476],[31.83886954862885,22.600508366860225],[31.84740610831568,22.613166024326887],[31.861535586417997,22.620819491632318],[31.878903069918778,22.62346876877652],[31.8895001784955,22.628767323064892],[31.878608705791635,22.652022089108275],[31.89244381976681,22.657615007523788],[31.933066069310996,22.662619197685018],[31.957498291862922,22.67704303991448],[32.00253600331408,22.726496213272583],[31.994882536008642,22.733266588196614],[32.01637111728925,22.736798957722215],[32.04286388873109,22.734444044705157],[32.06229192112179,22.740331327247787],[32.06376374175744,22.767412826943886],[32.076715763351245,22.759170631384222],[32.09055087732642,22.754166441222964],[32.10409162717448,22.755932625985764],[32.11527746400549,22.76800155519817],[32.12822948559929,22.77800993552063],[32.14412514846441,22.77977612028343],[32.15825462656673,22.78566340282606],[32.166202457999276,22.80832944061521],[32.16885173514345,22.79890978854698],[32.170323555779106,22.790373228860176],[32.16914609927059,22.78213103330049],[32.166202457999276,22.7747719301222],[32.20476415865352,22.767412826943886],[32.22566401167987,22.769473375833826],[32.2418540386721,22.7815423050462],[32.25097932661319,22.769179011706683],[32.258044065664365,22.742391876137702],[32.26599189709691,22.72973421867104],[32.2715848155124,22.725318756764068],[32.2845368371062,22.718254017712894],[32.289835391394575,22.712661099297407],[32.2854199294876,22.703535811356318],[32.2836537447248,22.695882344050887],[32.286303021869,22.6885232408726],[32.29336776092015,22.683519050711368],[32.30749723902247,22.676748675787337],[32.31044088029378,22.671744485626107],[32.30926342378527,22.64878408370984],[32.31044088029378,22.643779893548583],[32.32133235299767,22.63524333386178],[32.335756195227106,22.629650415446264],[32.35106312983797,22.62788423068349],[32.3654869720674,22.630827871954807],[32.386681189220894,22.6467235348199],[32.399338846687556,22.669683936736195],[32.40964159113716,22.69441052341523],[32.423476705112364,22.716487832950122],[32.44643710702863,22.731794767560956],[32.50413247594642,22.75858190312994],[32.516201405158824,22.7747719301222],[32.54593218199912,22.765941006308225],[32.559767295974325,22.78566340282606],[32.563888393754155,22.817160364429157],[32.5641827578813,22.843064407616737],[32.5718362251867,22.88574720605084],[32.571541861059586,22.897816135263213],[32.56742076327973,22.903114689551586],[32.55947293184718,22.909885064475617],[32.55270255692315,22.919010352416706],[32.550642008033236,22.93196237401051],[32.56800949153401,22.92254272194228],[32.58361079027199,22.91930471654385],[32.59921208900997,22.92342581432368],[32.615696480129344,22.93520037940894],[32.62776540934172,22.950507314019802],[32.63630196902856,22.96934661815621],[32.63689069728281,22.98553664514847],[32.62541049632469,22.994073204835274],[32.63012032235878,23.002609764522106],[32.635713240774294,23.01055759595465],[32.649253990622356,23.02468707405697],[32.65102017538513,23.03116308485386],[32.642483615698325,23.047058747718978],[32.642483615698325,23.05559530740581],[32.67221439253862,23.06472059534687],[32.68045658809831,23.070902242016643],[32.65955673507196,23.075906432177874],[32.65955673507196,23.08326553535619],[32.68133968047968,23.08562044837322],[32.69370297381923,23.10151611123834],[32.696057886836286,23.123593420773204],[32.6869325988952,23.144787637926697],[32.69576352270914,23.154501654122043],[32.6981184357262,23.166276219207305],[32.69841279985335,23.17922824080111],[32.70076771287037,23.192474626522028],[32.71960701700681,23.193946447157685],[32.72490557129518,23.1960069960476],[32.72726048431224,23.20189427859023],[32.72049010938821,23.213080115421235],[32.721078837642466,23.219850490345266],[32.76906019036494,23.278134587517343],[32.7799516630688,23.279606408153],[32.789371315137004,23.260767104016566],[32.80085151609515,23.283138777678573],[32.810271168163354,23.290203516729747],[32.81969082023159,23.282255685297173],[32.831171021189704,23.260767104016566],[32.84265122214785,23.276074038627428],[32.837058303732334,23.286671147204174],[32.82675555928273,23.296679527526635],[32.82498937451996,23.309337184993296],[32.832937205952504,23.3187568370615],[32.854131423106,23.321700478332815],[32.865317259937,23.329648309765393],[32.87355945549666,23.319051201188643],[32.88386219994629,23.293441522128177],[32.89298748788735,23.28873169609409],[32.9053507812269,23.294324614509577],[32.90947187900673,23.30639354372198],[32.90858878662534,23.319934293570043],[32.90682260186256,23.329648309765393],[32.8941649443959,23.34966507041034],[32.87032145009823,23.370270559309546],[32.84441740691065,23.384400037411865],[32.82498937451996,23.38498876566615],[32.828816108172674,23.398529515514184],[32.83911885262228,23.412070265362246],[32.86207925453854,23.435619395532797],[32.87002708597109,23.447099596490915],[32.88003546629358,23.466527628881607],[32.885628384709065,23.48654438952656],[32.87944673803932,23.50037950350176],[32.865611624064115,23.50008513937462],[32.833820298333904,23.47859655809401],[32.82116264086724,23.473003639678495],[32.80732752689204,23.47918528634827],[32.79731914656958,23.493903492704845],[32.788782586882746,23.51097661207848],[32.779657298941686,23.524811726053684],[32.77641929354323,23.522456813036626],[32.761995451313766,23.525400454307942],[32.74874906559285,23.530699008596315],[32.74904342971999,23.535114470503288],[32.7408012341603,23.531582100977715],[32.721078837642466,23.514214617476938],[32.71754646811689,23.50685551429865],[32.71666337573549,23.498024590484704],[32.71489719097269,23.49007675905213],[32.70783245192155,23.4868387536537],[32.699884620489,23.4850725688909],[32.69164242492931,23.48095147111107],[32.67721858269985,23.47005999840718],[32.6451328928425,23.45828543332192],[32.61393029536654,23.469176906025808],[32.55741238295727,23.508032970807164],[32.57831223598362,23.518041351129654],[32.62364431156189,23.524811726053684],[32.6460159852239,23.531582100977715],[32.652491996020785,23.53599756288469],[32.660734191580474,23.545122850825777],[32.666621474123104,23.548949584478464],[32.67074257190296,23.548360856224207],[32.68133968047968,23.542473573681576],[32.6869325988952,23.54217920955446],[32.73461958749053,23.560724149563754],[32.73932941352464,23.561607241945126],[32.736091408126185,23.56366779083507],[32.72490557129518,23.573087442903272],[32.71607464748124,23.576031084174588],[32.703416990014574,23.576914176555988],[32.69193678905643,23.579269089573046],[32.6869325988952,23.586628192751334],[32.67957349571691,23.601052034980796],[32.66485528936033,23.600757670853653],[32.654258180783586,23.587216921005595],[32.65955673507196,23.562490334326526],[32.63689069728281,23.563962154962184],[32.62099503441769,23.576031084174588],[32.612458474730886,23.595164752438137],[32.61186974647663,23.617830790227288],[32.63689069728281,23.611649143557514],[32.65366945252933,23.629310991185434],[32.66485528936033,23.6531544854831],[32.67368621317428,23.66492905056836],[32.68281150111537,23.668461420093934],[32.69223115318357,23.67493743089082],[32.70135644112466,23.67905852867068],[32.711070457320005,23.675820523272222],[32.72637739193084,23.64550101817767],[32.728437940820754,23.63814191499938],[32.7296153973293,23.625778621659833],[32.73314776685487,23.617536426100145],[32.73932941352464,23.611060415303257],[32.74904342971999,23.603406947997826],[32.756108168771135,23.599285850217996],[32.76729400560214,23.595753480692423],[32.77641929354323,23.59045492640405],[32.78407276084866,23.58221273084436],[32.79054877164555,23.572498714649015],[32.79849660307809,23.56455088321647],[32.8105655322905,23.562490334326526],[32.820573912612986,23.566611432106384],[32.8226344615029,23.574264899411787],[32.81851336372304,23.58280145909862],[32.8105655322905,23.59045492640405],[32.82822737991839,23.59869712196374],[32.83617521135096,23.604290040379226],[32.84117940151219,23.610471687049],[32.84441740691065,23.62136315975286],[32.844711771037765,23.629899719439692],[32.84412304278351,23.637847550872237],[32.844711771037765,23.64491228992341],[32.8644341675556,23.6914218220102],[32.865317259937,23.706434392493918],[32.8523652383432,23.69642601217146],[32.841473765639336,23.69995838169703],[32.81733590721453,23.720269506469126],[32.852953966597454,23.716148408689264],[32.871498906606746,23.737931354097018],[32.87826928153078,23.772960685225684],[32.87944673803932,23.808873108735753],[32.87709182502226,23.825651863982245],[32.87002708597109,23.84213625510162],[32.85913561326723,23.856854461458198],[32.837058303732334,23.873633216704718],[32.831171021189704,23.88599651004424],[32.82498937451996,23.891589428459753],[32.81527535832461,23.893944341476782],[32.79408114117112,23.894827433858183],[32.78318966846726,23.898359803383755],[32.80497261387501,23.906013270689186],[32.820573912612986,23.900125988146556],[32.834703390715305,23.896593618620983],[32.851482145961796,23.911900553231817],[32.85942997739434,23.929268036732594],[32.87002708597109,23.96900719389538],[32.87944673803932,23.987846498031786],[32.88945511836178,23.966946645005436],[32.888277661853266,23.95134534626746],[32.88268474343775,23.936627139910883],[32.87944673803932,23.91867092815585],[32.88209601518349,23.910134368469045],[32.8950480367773,23.898654167510898],[32.89916913455713,23.891589428459753],[32.89858040630287,23.883347232900064],[32.89445930852301,23.87952049924735],[32.89122130312458,23.874810673213233],[32.89298748788735,23.864213564636486],[32.9035845964641,23.848023537644252],[32.92948863965168,23.82123640207527],[32.94038011235557,23.778259239514057],[32.954803954585,23.76942831570011],[32.97246580221292,23.76501285379311],[32.989244557459415,23.75441574521639],[32.97040525332301,23.752943924580734],[32.97305453046718,23.740286267114072],[32.98747837269664,23.724390604248953],[33.00278530730748,23.71320476741795],[32.996014932383446,23.709672397892376],[32.990127649840815,23.704668207731117],[32.9854178238067,23.698780925188487],[32.982474182535384,23.692893642645856],[32.98453473142533,23.6914218220102],[32.98865582920516,23.68906690899314],[32.99336565523927,23.686123267721825],[32.99542620412919,23.682590898196253],[32.99336565523927,23.67817543628928],[32.989244557459415,23.67640925152648],[32.98482909555244,23.675231795017964],[32.982474182535384,23.67228815374665],[32.975115079357096,23.63725882261798],[32.975115079357096,23.62401243689706],[32.96863906856021,23.62401243689706],[32.960102508873376,23.637847550872237],[32.93302100917728,23.64638411055907],[32.92713372663465,23.658747403898587],[32.91918589520208,23.64491228992341],[32.91006060726099,23.633726453092407],[32.902407139955585,23.62224625213426],[32.89622549328581,23.59045492640405],[32.89916913455713,23.585156372115677],[32.91006060726099,23.58280145909862],[32.91741971043931,23.57956345370016],[32.924190085363335,23.571909986394758],[32.93478719394005,23.555131231148238],[32.95450959045789,23.569260709250557],[32.95215467744083,23.56278469845367],[32.94950540029666,23.548655220351353],[32.94773921553386,23.54217920955446],[32.952449041567974,23.543945394317234],[32.96363487839898,23.546594671461435],[32.96863906856021,23.548949584478464],[32.97305453046718,23.529815916214915],[32.991010742222215,23.51774698700251],[33.012793687629966,23.51450898160408],[33.030161171130715,23.521573720655226],[33.03722591018189,23.514214617476938],[33.01632605715554,23.503028780645934],[32.99366001936639,23.49949641112036],[32.97040525332301,23.501556960010276],[32.94773921553386,23.508032970807164],[32.91006060726099,23.52363426954514],[32.89534240090441,23.522162448909487],[32.89916913455713,23.50037950350176],[32.90593950948116,23.49272603619633],[32.91447606916799,23.489488030797876],[32.92301262885479,23.487427481907957],[32.93096046028734,23.483600748255245],[32.9350815580672,23.476241645076954],[32.92978300377882,23.47182618316998],[32.922423900600535,23.467116357135865],[32.92036335171062,23.459462889830462],[32.93272664505014,23.443567226965342],[32.949211036169515,23.43238139013434],[32.958336324110604,23.424727922828907],[32.94773921553386,23.418546276159162],[32.954215226330746,23.397940787259927],[32.96628415554315,23.38999295582738],[32.97452635110284,23.394408417734354],[32.96863906856021,23.41177590123513],[32.98453473142533,23.41148153710799],[32.99248256285787,23.4032393415483],[33.00278530730748,23.377629662487834],[32.98453473142533,23.37085928756383],[32.97246580221292,23.362911456131258],[32.97040525332301,23.351725619300254],[32.982474182535384,23.335829956435163],[32.991893834603616,23.32699903262119],[32.99454311174779,23.325821576112673],[32.997781117146246,23.32817648912973],[33.00985004635865,23.329648309765393],[33.01838660604545,23.326115940239816],[33.01720914953694,23.318168108807242],[33.009261318104365,23.301978081815008],[33.006023312705935,23.292264065619662],[33.00160785079896,23.28372750593283],[32.99807548127336,23.275779674500285],[32.999252937781904,23.268126207194854],[33.004257127943134,23.26194456052511],[33.01043877461291,23.256646006236736],[33.01573732890128,23.249875631312705],[33.01662042128265,23.2404559792445],[33.00808386159585,23.22338285987084],[32.99248256285787,23.22191103923518],[32.95450959045789,23.233979968447585],[32.95715886760206,23.239278522735958],[32.95951378061912,23.25016999543982],[32.96127996538192,23.25458545734682],[32.95038849267803,23.25370236496542],[32.93949701997417,23.254291093219678],[32.92948863965168,23.256351642109593],[32.92036335171062,23.260767104016566],[32.91594788980365,23.255174185601078],[32.91182679202379,23.248109446549904],[32.90858878662534,23.240750343371616],[32.90682260186256,23.233979968447585],[32.92036335171062,23.22868141415921],[32.92801681901602,23.21602375669255],[32.93390410155865,23.20012809382746],[32.94096884060983,23.18511552334374],[32.96392924252609,23.15921148015616],[32.97040525332301,23.144493273799554],[32.95774759585632,23.138017263002666],[32.92595627012611,23.146553822689498],[32.892398759633096,23.16156639317319],[32.86296234691994,23.16833676809722],[32.844711771037765,23.15096928459647],[32.844711771037765,23.137134170621266],[32.85030468945328,23.122415964264693],[32.865317259937,23.097100649331367],[32.867377808826916,23.08915281789882],[32.86678908057266,23.08238244297479],[32.867377808826916,23.076200796305017],[32.87267636311529,23.069136057253843],[32.880624194547835,23.065898051855413],[32.900640955192785,23.065014959474013],[32.9359646504486,23.041760193430605],[32.94685612315246,23.029985628345344],[32.944206846008285,23.01791669913294],[32.92801681901602,23.00790831881048],[32.92271826472768,23.00202103626785],[32.92389572123619,22.993484476581017],[32.92801681901602,22.98524228102133],[32.93184355266874,22.980532454987216],[32.93773083521137,22.980826819114355],[32.94773921553386,22.98641973752987],[32.95715886760206,22.971407167046156],[32.973348894594324,22.965814248630636],[32.99248256285787,22.963459335613578],[33.009261318104365,22.959043873706605],[33.06430740987798,22.918127260035305],[33.039580823198946,22.914594890509733],[33.00072475841756,22.920482173052363],[32.96275178601758,22.93196237401051],[32.94096884060983,22.945503123858543],[32.93684774283,22.932256738137625],[32.93714210695711,22.926663819722137],[32.94096884060983,22.918127260035305],[32.92801681901602,22.924897634959336],[32.885628384709065,22.96522552037638],[32.809682439909096,23.011735052463195],[32.803795157366466,23.01791669913294],[32.799674059586636,23.02468707405697],[32.791137499899804,23.02645325881977],[32.7817178478316,23.02645325881977],[32.77641929354323,23.02792507945543],[32.77465310878043,23.03646163914223],[32.77641929354323,23.069136057253843],[32.73991814177891,23.056184035660067],[32.728437940820754,23.04853056835464],[32.74050687003316,23.043232014066263],[32.746982880830046,23.035284182633717],[32.74786597321145,23.02557016643837],[32.74168432654167,23.014384329607367],[32.75551944051688,23.014384329607367],[32.750220886228504,23.00467031341202],[32.74403923955873,23.000254851505048],[32.736974500507586,23.00113794388645],[32.728437940820754,23.007613954683336],[32.731087217964955,22.989069014674044],[32.7287323049479,22.97022971053761],[32.71489719097269,22.93196237401051],[32.70430008239598,22.950801678146917],[32.692525517310685,22.955511504181032],[32.686638234768054,22.946386216239944],[32.69370297381923,22.924897634959336],[32.683400229369624,22.925486363213594],[32.665738381741704,22.930490553374852],[32.6563187296735,22.93196237401051],[32.64954835474947,22.929901825120567],[32.63365269188435,22.92107090130662],[32.62541049632469,22.918127260035305],[32.632475235375836,22.909885064475617],[32.634241420138636,22.903997781932986],[32.632475235375836,22.89016266795781],[32.61599084425646,22.91017942860276],[32.61186974647663,22.918127260035305],[32.60303882266268,22.906647059077187],[32.59832899662857,22.893106309229125],[32.59744590424717,22.87838810287252],[32.59832899662857,22.863669896515944],[32.60863174107817,22.867790994295802],[32.61510775187506,22.865141717151605],[32.61834575727352,22.8574882498462],[32.61952321378203,22.846302413015195],[32.61010356171383,22.841298222853936],[32.60274445853554,22.836294032692706],[32.59832899662857,22.830112386022932],[32.59832899662857,22.795083054894263],[32.59626844773865,22.781836669173344],[32.58714315979756,22.77153392472374],[32.58508261090765,22.76064245201988],[32.56594894264407,22.740920055502045],[32.48853117720844,22.715604740568722],[32.48176080228441,22.698531621195087],[32.46351022640226,22.69617670817803],[32.44967511242706,22.6885232408726],[32.423476705112364,22.66114737704936],[32.4172950584426,22.647312263074184],[32.407581042247244,22.610516747182718],[32.399338846687556,22.602863279877283],[32.343409662532544,22.605512557021484],[32.33134073332013,22.602863279877283],[32.32604217903176,22.590794350664908],[32.321626717124786,22.54987773699358],[32.31779998347207,22.534570802382746],[32.33693365173565,22.528683519840115],[32.34429275491394,22.528389155712972],[32.326630907286045,22.51985259602617],[32.31456197807364,22.525445514441657],[32.30278741298838,22.53574825889126],[32.286303021869,22.541341177306776],[32.27835519043643,22.537808807781204],[32.26452007646125,22.52250187317034],[32.25568915264731,22.521030052534684],[32.25039059835893,22.5266229709502],[32.246269500579075,22.536925715399803],[32.2418540386721,22.555176291281953],[32.26952426662248,22.558119932553268],[32.29336776092015,22.57077759001993],[32.31044088029378,22.591088714792022],[32.31779998347207,22.616698393852488],[32.30779160314962,22.61257729607263],[32.29748885870001,22.61022238305557],[32.28689175012326,22.609633654801314],[32.2760002774194,22.61022238305557],[32.27776646218217,22.614932209089687],[32.28041573932637,22.62582368179355],[32.283065016470545,22.630827871954807],[32.26599189709691,22.63436024148038],[32.24244276692639,22.653199545616815],[32.22772456056978,22.651433360854014]]]}},{"type":"Feature","properties":{"name":"Lake Volta","name_ar":"بحيرة فولتا","name_fr":"Volta","scalerank":5},"geometry":{"bbox":[-1.712753661838832,6.338362163471146,0.32983901632781,9.116570795339868],"type":"Polygon","coordinates":[[[0.32086091045030685,7.514052487235033],[0.3073201606022451,7.480200612614908],[0.2945153210720264,7.458712031334302],[0.302463152504572,7.449292379266069],[0.30452370139448703,7.443405096723438],[0.30158006012317173,7.441933276087781],[0.2945153210720264,7.445171281486239],[0.2828879380503224,7.426331977349805],[0.28951113091079606,7.417501053535859],[0.30231597044101477,7.410436314484685],[0.30805607092008813,7.397189928763765],[0.30158006012317173,7.396306836382365],[0.2717021012193186,7.36922533668627],[0.26728663931234564,7.362454961762239],[0.26728663931234564,7.3556845868382075],[0.28627312551233786,7.357745135728123],[0.28391821249527993,7.3489142119141775],[0.27317392185497624,7.335079097939001],[0.26728663931234564,7.320949619836682],[0.27346828598211914,7.30829196237002],[0.2870090358301525,7.299166674428933],[0.3027575166317149,7.2941624842677015],[0.31570953822549086,7.2941624842677015],[0.3196834539417921,7.28385973981807],[0.3217440028317071,7.280033006165383],[0.30805607092008813,7.275323180131267],[0.2886280385293958,7.285920288708014],[0.2746457424906339,7.280033006165383],[0.2684640958208604,7.267964076952979],[0.26640354693094537,7.250302229325059],[0.26728663931234564,7.211740528670817],[0.27229082947357597,7.21203489279796],[0.27346828598211914,7.213212349306475],[0.27317392185497624,7.215272898196388],[0.2746457424906339,7.2190996318491045],[0.28156329947822206,7.21615599057779],[0.28303512011387966,7.213506713433618],[0.2834766663045798,7.21380107756073],[0.2877449461479955,7.2190996318491045],[0.2945153210720264,7.2190996318491045],[0.29083576948286805,7.208796887399502],[0.2850956690038231,7.2026152407297275],[0.26728663931234564,7.1917237680258665],[0.26728663931234564,7.184364664847578],[0.28730339995729537,7.184364664847578],[0.2920132259914112,7.175533741033632],[0.2825935739231795,7.1678802737282],[0.26036908232475753,7.170823914999516],[0.279502750588307,7.15021842610031],[0.2733211039185335,7.132850942599532],[0.26242963121467255,7.115777823225898],[0.26728663931234564,7.095761062580948],[0.2756760169355914,7.106358171157694],[0.28686185376659523,7.109596176556124],[0.298342054724742,7.110773633064667],[0.30805607092008813,7.116072187353041],[0.31306026108131846,7.105475078776294],[0.3112940763185179,7.096055426708062],[0.30481806552162993,7.088107595275517],[0.2945153210720264,7.081925948605743],[0.3001082394875141,7.0786879432073135],[0.30290469869527215,7.075449937808855],[0.30496524758518717,7.071917568283283],[0.30805607092008813,7.067796470503424],[0.2995195112332567,7.065441557486395],[0.295251231389841,7.063086644469337],[0.293926592817769,7.057788090180964],[0.2945153210720264,7.047190981604217],[0.2906885874193108,7.0498402587483895],[0.28097457122396463,7.054550084782505],[0.2799442967790071,7.046896617477074],[0.2761175631262916,7.039243150171672],[0.2746457424906339,7.033650231756155],[0.26728663931234564,7.033650231756155],[0.26728663931234564,7.054550084782505],[0.25963317200691455,7.032767139374755],[0.26316554153248717,7.011572922221291],[0.27067182677436114,6.990378705067798],[0.2767062913805489,6.9577042869561865],[0.28009147884256436,6.94710717837944],[0.28097457122396463,6.938276254565494],[0.2746457424906339,6.93121151551435],[0.2677281855030458,6.932977700277121],[0.26110499264257214,6.941514259963952],[0.2530099791464693,6.959176107591844],[0.22386793056043075,6.880875249774817],[0.2200411969077152,6.83936990784926],[0.23991077548910766,6.8211193319670835],[0.2341706750100343,6.803751848466334],[0.23652558802709223,6.784323816075641],[0.24682833247669578,6.745467751294257],[0.244914965650338,6.728100267793479],[0.2403523216798078,6.7083778712756725],[0.23902768310770742,6.690421659520638],[0.24682833247669578,6.6774696379268335],[0.24020513961622214,6.665695072841573],[0.2400579575526649,6.655981056646226],[0.24682833247669578,6.6500937741035955],[0.26036908232475753,6.6500937741035955],[0.2727323756642761,6.657158513154769],[0.2827407559867652,6.670699263002803],[0.2945153210720264,6.6983694909531835],[0.30614270409373034,6.76666196844775],[0.31570953822549086,6.786678729092699],[0.3217440028317071,6.786678729092699],[0.3186531794968346,6.764012691303549],[0.3112940763185179,6.736931191607425],[0.3090863453650457,6.71397078969116],[0.3217440028317071,6.704551137622957],[0.31409053552627597,6.694837121427611],[0.30982225568286026,6.684828741105122],[0.30982225568286026,6.674231632528404],[0.31570953822549086,6.663634523951657],[0.30805607092008813,6.64302903505245],[0.3014328780596145,6.64302903505245],[0.30187442425031463,6.653331779502054],[0.3014328780596145,6.663634523951657],[0.28686185376659523,6.654509236010568],[0.2767062913805489,6.638024844891191],[0.2668450931216455,6.62625027980593],[0.2530099791464693,6.630077013458646],[0.2530099791464693,6.622717910280358],[0.24682833247669578,6.630077013458646],[0.2438846912053805,6.620951725517557],[0.23946922929840755,6.613003894085011],[0.23358194675577695,6.606822247415238],[0.22622284357748865,6.602112421381123],[0.22681157183174602,6.612415165830754],[0.22622284357748865,6.615947535356327],[0.21268209372942692,6.612415165830754],[0.20296807753408075,6.607999703923781],[0.19619770261004987,6.600640600745465],[0.19163505863949126,6.588571671533089],[0.1848646837154888,6.601229328999751],[0.16941056704106927,6.616536263610584],[0.16484792307051066,6.630077013458646],[0.14380088798060342,6.602112421381123],[0.1505712629046343,6.6018180572540075],[0.15528108893875014,6.599757508364093],[0.1594021867185802,6.597108231219892],[0.16484792307051066,6.594753318202835],[0.1368833309930153,6.547655057861789],[0.14483116242556093,6.5367635851579],[0.1502768987774914,6.53175939499667],[0.15734163782866517,6.527049568962553],[0.14880507814183375,6.514980639750149],[0.13055450225968457,6.505560987681946],[0.12378412733565368,6.492314601961027],[0.12187076050929592,6.477596395604451],[0.12466721971705398,6.46817674353622],[0.13026013813254167,6.458757091468016],[0.1368833309930153,6.444627613365697],[0.14188752115424563,6.411953195254085],[0.1355586924209149,6.385166059685105],[0.10950746716977733,6.341600168869604],[0.10332582050000383,6.338362163471146],[0.09581953525815834,6.404299727948654],[0.10347300256356107,6.400767358423082],[0.10303145637286093,6.393408255244793],[0.10332582050000383,6.389875885719192],[0.10950746716977733,6.389875885719192],[0.10612227970776189,6.4558134501967],[0.09420053255891503,6.477596395604451],[0.0685908534984776,6.465527466392047],[0.07168167683335014,6.4540472654339],[0.07124013064265002,6.437857238441666],[0.06756057905352009,6.421961575576546],[0.06123175032018935,6.410481374618428],[0.056080378095373355,6.410481374618428],[0.0412149896752112,6.418723570178116],[0.034591796814765985,6.417251749542459],[0.03208970173415082,6.4131306517626],[0.02944042458995,6.401061722550196],[0.0045666558473271834,6.349253636175035],[-0.010593096699949456,6.338950891725432],[-0.027666216073583882,6.362500021895954],[-0.033406316552657245,6.389581521592078],[-0.033406316552657245,6.412541923508343],[-0.03561404750615793,6.4325586841532925],[-0.04871325116349112,6.451397988289727],[-0.08756931594487584,6.47494711846025],[-0.10493679944565315,6.489370960689712],[-0.11641700040379988,6.512920090860234],[-0.14408722835415233,6.505855351809089],[-0.1779391029743067,6.5223397429284375],[-0.21179097759446108,6.544417052463331],[-0.24004993379909936,6.554425432785791],[-0.23975556967195646,6.569438003269511],[-0.24873367554945958,6.583273117244715],[-0.2621272433339641,6.594458954075719],[-0.2746377187370683,6.602112421381123],[-0.2725771698471249,6.607116611542381],[-0.27154689540216737,6.607116611542381],[-0.2671314334951944,6.609177160432296],[-0.2696335285758096,6.612709529957868],[-0.27213562365645316,6.615064442974926],[-0.2739018084192253,6.618008084246242],[-0.2746377187370683,6.622717910280358],[-0.29436011525487515,6.616830627737727],[-0.34293019623160603,6.624189730916016],[-0.359708951478126,6.619185540754785],[-0.3707476062455442,6.623012274407472],[-0.3881150897463215,6.6392023013997346],[-0.42064232579437544,6.677764002053976],[-0.4427196353292402,6.689244203012095],[-0.48628552614474074,6.704551137622957],[-0.49717699884860167,6.705728594131473],[-0.5313232375958705,6.704551137622957],[-0.541920346172617,6.707789143021416],[-0.548396356969505,6.715148246199703],[-0.5541364574485783,6.723979170013649],[-0.5620842888811239,6.731927001446195],[-0.5679715714237545,6.720741164615191],[-0.586516511433075,6.714265153818303],[-0.5962305276284212,6.704551137622957],[-0.6085938209679398,6.728394631920622],[-0.6097712774764545,6.731927001446195],[-0.6175719268454429,6.733104457954738],[-0.626844396850089,6.732221365573339],[-0.6344978641555201,6.73398755033611],[-0.6377358695539783,6.742524110022941],[-0.6393548722531932,6.743701566531456],[-0.6449477906687093,6.763718327176434],[-0.6446534265415664,6.76666196844775],[-0.6499519808299397,6.776375984643096],[-0.6536315324190981,6.779319625914411],[-0.6612849997245007,6.780497082422926],[-0.6690856490934891,6.782557631312841],[-0.6712933800469898,6.787267457346957],[-0.6721764724283901,6.79168291925393],[-0.6754144778268198,6.794037832270988],[-0.6764447522717774,6.795215288779503],[-0.6951368743446551,6.800219478940762],[-0.6992579721244851,6.800808207195018],[-0.7052924367307014,6.809639131008964],[-0.7110325372097464,6.822296788475626],[-0.719716278960135,6.849083924044606],[-0.7054396187942586,6.841724820866319],[-0.7024959775229433,6.845257190391891],[-0.7013185210144002,6.8487895599174635],[-0.7005826106965856,6.852616293570179],[-0.6992579721244851,6.85526557071438],[-0.6939594178361119,6.841430456739175],[-0.6858644043400092,6.835837538323688],[-0.6776222087803205,6.83848681546786],[-0.6718821083012472,6.849083924044606],[-0.6645230051229589,6.849083924044606],[-0.6633455486144157,6.844079733883376],[-0.6618737279787581,6.841724820866319],[-0.660107543215986,6.839664271976403],[-0.6583413584531854,6.834954445942287],[-0.6364112309818779,6.836131902450802],[-0.6193381116082435,6.814643321170195],[-0.604619905251667,6.787856185601214],[-0.5893129706408047,6.773432343371752],[-0.581659503335402,6.786678729092699],[-0.5706208485679554,6.781674538931441],[-0.558404737291994,6.7775534411516105],[-0.548396356969505,6.794037832270988],[-0.548396356969505,6.815820777678739],[-0.5525174547493634,6.837898087213603],[-0.551192816177263,6.856737391350038],[-0.5348556071214432,6.869100684689556],[-0.5348556071214432,6.831422076416715],[-0.532647876167971,6.820236239585712],[-0.5226394958454819,6.807872946246164],[-0.5205789469555668,6.797275837669417],[-0.5194014904470521,6.760185957650833],[-0.5157219388578937,6.745173387167114],[-0.5074797432982052,6.731927001446195],[-0.4999734580563598,6.731927001446195],[-0.4883460750346557,6.729572088429137],[-0.46847649645326334,6.718091887471019],[-0.44904846406257093,6.715736974453961],[-0.43859853754941014,6.739286104624483],[-0.4310922523075363,6.739286104624483],[-0.4240275132563909,6.723390441759392],[-0.41725713833236,6.715442610326818],[-0.40989803515407175,6.712498969055503],[-0.4010671113400974,6.712204604928389],[-0.3954741929246097,6.718680615725276],[-0.39974247276802544,6.733398822081853],[-0.41122267372614374,6.756359223998118],[-0.4131360405525015,6.77166615860898],[-0.419317687222275,6.794626560525245],[-0.4181402307137603,6.808167310373307],[-0.41254731229824415,6.820530603712825],[-0.3845827202207488,6.85526557071438],[-0.36132795417734087,6.777259077024468],[-0.3548519433804529,6.733398822081853],[-0.356618128143225,6.691010387774895],[-0.3451379271851067,6.697192034444669],[-0.3307140849556447,6.714559517945446],[-0.31879233780679783,6.718091887471019],[-0.30525158795876456,6.720446800488077],[-0.29862839509829087,6.725156626522164],[-0.29362420493706054,6.72986645255628],[-0.2843517349324145,6.731927001446195],[-0.27802290619908376,6.728100267793479],[-0.27213562365645316,6.720446800488077],[-0.2647765204781365,6.713382061436903],[-0.25359068364713266,6.712204604928389],[-0.24299357507041464,6.717503159216761],[-0.236370382209941,6.727511539539222],[-0.23313237681148277,6.739874832878769],[-0.23313237681148277,6.753121218599688],[-0.2284225507773954,6.750766305582631],[-0.21664798569213417,6.747528300184172],[-0.21208534172157556,6.745467751294257],[-0.21208534172157556,6.759891593523719],[-0.20575651298824482,6.759891593523719],[-0.19280449139446887,6.735165006844653],[-0.1838263855169373,6.728688996047765],[-0.1710215459867186,6.731927001446195],[-0.1648398993169451,6.725156626522164],[-0.1586582526471716,6.71308769730976],[-0.16410398899913048,6.70808350714853],[-0.17308209487663362,6.703668045241557],[-0.1779391029743067,6.694837121427611],[-0.1776447388471638,6.662162703316],[-0.17440673344873403,6.657452877281884],[-0.15762797820221408,6.640674122035392],[-0.1511519674053261,6.636258660128419],[-0.1439400462905951,6.633609382984218],[-0.1361393969216067,6.631843198221446],[-0.1273084731076608,6.632137562348561],[-0.11641700040379988,6.636258660128419],[-0.11641700040379988,6.615947535356327],[-0.11200153849679852,6.616536263610584],[-0.1093522613526261,6.618008084246242],[-0.1034649788099955,6.622717910280358],[-0.09846078864876517,6.619479904881899],[-0.09654742182240739,6.6177137201191],[-0.09448687293246394,6.618302448373385],[-0.08904113658053348,6.622717910280358],[-0.08698058769061845,6.621246089644701],[-0.08418412848286039,6.618596812500499],[-0.0822707616565026,6.616536263610584],[-0.0828594899107884,6.615947535356327],[-0.04576960989217582,6.625072823297415],[-0.03399504480691462,6.6565697849004835],[-0.03443659099761476,6.731927001446195],[-0.01898247432319522,6.723096077632249],[-0.013978284161964893,6.718091887471019],[-0.018246564005380606,6.738697376370226],[-0.020159930831738393,6.759891593523719],[-0.046947066400718995,6.762246506540748],[-0.0643145499014679,6.76666196844775],[-0.07550038673247172,6.773432343371752],[-0.08359540022860303,6.782263267185726],[-0.07447011228751421,6.7860900008384135],[-0.06078218037589522,6.786973093219814],[-0.05489489783326462,6.794037832270988],[-0.06181245482085274,6.801691299576419],[-0.07402856609681407,6.805518033229106],[-0.08536158499140356,6.812288408153137],[-0.08904113658053348,6.828184071018256],[-0.0828594899107884,6.828184071018256],[-0.07535320466891449,6.81847005482291],[-0.06343145752009605,6.814643321170195],[-0.05092098211699181,6.817881326568653],[-0.04135414798520287,6.828184071018256],[-0.047094248464276234,6.831422076416715],[-0.049890707672034296,6.83436571768803],[-0.05165689243480642,6.837898087213603],[-0.05489489783326462,6.841724820866319],[-0.04135414798520287,6.841724820866319],[-0.04135414798520287,6.849083924044606],[-0.04871325116349112,6.849083924044606],[-0.04871325116349112,6.85526557071438],[-0.03885205290458771,6.857031755477152],[-0.03384786274335738,6.862919038019783],[-0.03267040623481421,6.8720443259608714],[-0.03443659099761476,6.883524526919018],[-0.027666216073583882,6.883524526919018],[-0.02060147702243853,6.878225972630645],[-0.018688110196080743,6.871749961833757],[-0.01780501781468047,6.864096494528326],[-0.013978284161964893,6.85526557071438],[-0.003528357648804104,6.841724820866319],[0.0032420172752267717,6.835837538323688],[0.01398630791553046,6.828184071018256],[0.01398630791553046,6.85526557071438],[0.019726408394603823,6.850555744680264],[0.02531932681011995,6.847023375154691],[0.03194251967056516,6.844079733883376],[0.040626261420953824,6.841724820866319],[0.03370870443336571,6.855559934841494],[0.0412149896752112,6.85938666849421],[0.055491649841115986,6.859681032621353],[0.0685908534984776,6.862919038019783],[0.06947394587984945,6.872633054215129],[0.08286751366435396,6.883524526919018],[0.09935190478373102,6.889117445334506],[0.10950746716977733,6.883524526919018],[0.11642502415736546,6.883524526919018],[0.12172357844573868,6.908545477725198],[0.11951584749223798,6.917670765666287],[0.10950746716977733,6.924146776463175],[0.09640826351241572,6.926207325353091],[0.08507524461785465,6.92208622757326],[0.07580277461318019,6.914138396140714],[0.0685908534984776,6.903835651691082],[0.06329229921010437,6.9047187440724835],[0.057993744921731157,6.907073657089541],[0.05298955476050082,6.911194754869399],[0.048132546662827735,6.917376401539144],[0.03694670983182391,6.911194754869399],[0.025466508873677185,6.907073657089541],[0.013250397597715846,6.904424379945368],[-0.0002903522503459044,6.903835651691082],[0.008834935690742896,6.916787673284887],[0.013544761724858745,6.927384781861633],[0.020609500776004097,6.935038249167064],[0.037535438086081285,6.93798189043838],[0.052400826506215026,6.94386917298101],[0.05460855745971571,6.958293015210444],[0.048132546662827735,6.9927336180848565],[0.10626946177131913,6.968301395532934],[0.11642502415736546,6.968595759660076],[0.11863275511083772,6.952405732667813],[0.12348976320851078,6.957115558701929],[0.12849395336976954,6.973894313948421],[0.13055450225968457,6.9927336180848565],[0.12628622241626886,6.991261797449199],[0.12555031209845424,6.990378705067798],[0.12569749416201148,6.989201248559283],[0.12378412733565368,6.98566887903371],[0.11259829050464987,6.995677259356172],[0.10950746716977733,7.000092721263144],[0.10332582050000383,6.9927336180848565],[0.06579439429071954,7.01481092761975],[0.06123175032018935,7.019815117780979],[0.06903239968917774,7.0268798568321245],[0.08257314953721107,7.02658549270501],[0.09758572002093047,7.024819307942209],[0.10950746716977733,7.0268798568321245],[0.07536122842250847,7.047190981604217],[0.09258152985970014,7.046307889222817],[0.10847719272481983,7.043658612078644],[0.12172357844573868,7.044541704460045],[0.13055450225968457,7.054550084782505],[0.09846881240233074,7.073978117173198],[0.08904916033412746,7.081925948605743],[0.08713579350776968,7.079571035588714],[0.0862527011263694,7.078099214953056],[0.08536960874496913,7.0766273943173985],[0.08286751366435396,7.074566845427455],[0.08757733969846981,7.086341410512716],[0.08846043207984167,7.095466698453805],[0.08272033160079673,7.101059616869321],[0.0685908534984776,7.102531437504979],[0.0685908534984776,7.109890540683267],[0.0862527011263694,7.114600366717383],[0.09331744017751475,7.120193285132871],[0.09581953525815834,7.1290242089468165],[0.09037379890619945,7.136383312125105],[0.0803654185837388,7.139032589269306],[0.07491968223180834,7.143742415303394],[0.08286751366435396,7.15698880102434],[0.07124013064265002,7.16199299118557],[0.06079020412948922,7.159638078168513],[0.05284237269691516,7.152573339117367],[0.048132546662827735,7.143448051176279],[0.04033189729383935,7.152867703244482],[0.03650516364112377,7.162876083566972],[0.03665234570468102,7.173767556270831],[0.040626261420953824,7.184364664847578],[0.034591796814765985,7.184364664847578],[0.02605523712793456,7.172590099762317],[0.016046856805473908,7.170529550872403],[0.006480022673684971,7.175533741033632],[-0.0002903522503459044,7.184364664847578],[-0.0013206266953034176,7.195550501678583],[0.0019173787031547818,7.209679979780901],[0.007657479182199722,7.223220729628963],[0.01398630791553046,7.232934745824308],[0.013839125851973222,7.222337637247564],[0.006480022673684971,7.201732148348355],[0.011042666644215162,7.1920181321530094],[0.021492593157404375,7.192312496280124],[0.032972794115522674,7.1981997788227545],[0.040626261420953824,7.205558882001043],[0.04563045158218415,7.199965963585556],[0.0473966363449847,7.20202651247547],[0.05490292158685861,7.205558882001043],[0.05843529111243129,7.199082871204155],[0.0650584839728765,7.190546311517352],[0.0685908534984776,7.184364664847578],[0.07536122842250847,7.184364664847578],[0.08242596747365383,7.200849055966955],[0.09258152985970014,7.203792697238271],[0.1009709074829459,7.195256137551439],[0.10332582050000383,7.177594289923547],[0.13055450225968457,7.225870006773135],[0.13703051305657254,7.223809457883221],[0.1508656270317772,7.221160180739048],[0.15734163782866517,7.2190996318491045],[0.15734163782866517,7.225870006773135],[0.147627621633319,7.231757289315766],[0.14541989067984673,7.241471305511113],[0.1505712629046343,7.266197892190178],[0.15954936878216586,7.2632542509188625],[0.16425919481625328,7.257366968376232],[0.16573101545191093,7.249124772816542],[0.16484792307051066,7.239116392494054],[0.18736677879610397,7.260899337901805],[0.19649206673716435,7.274145723622724],[0.18824987117750425,7.280033006165383],[0.1872195967325183,7.286214652835127],[0.16484792307051066,7.320949619836682],[0.16205146386278102,7.3159454296754225],[0.15954936878216586,7.312118696022708],[0.1577831840193653,7.307997598242879],[0.15734163782866517,7.301227223318847],[0.1505712629046343,7.301227223318847],[0.14630298306121858,7.303582136335906],[0.14232906734494577,7.305053956971563],[0.13776642337441558,7.3026990439545045],[0.13055450225968457,7.2941624842677015],[0.1277580430519265,7.317711614438224],[0.12496158384416844,7.329780543650628],[0.12010457574649536,7.335079097939001],[0.10671100796201927,7.339200195718832],[0.09626108144883005,7.3489142119141775],[0.08286751366435396,7.36922533668627],[0.08904916033412746,7.376290075737416],[0.07653868493102323,7.389536461458364],[0.052548008569800686,7.42927561862112],[0.034591796814765985,7.438106542435065],[0.06123175032018935,7.452530384664527],[0.05048745967985724,7.451941656410269],[0.04401144888296926,7.454002205300185],[0.03944880491243907,7.458712031334302],[0.034591796814765985,7.465482406258332],[0.04577763364576981,7.466954226893989],[0.05298955476050082,7.472252781182363],[0.056080378095373355,7.481672433250566],[0.05490292158685861,7.493446998335826],[0.051223369997700274,7.49020899293737],[0.04754381840854194,7.487854079920339],[0.04401144888296926,7.484910438649024],[0.040626261420953824,7.479317520233508],[-0.0033811755852184433,7.507576476438146],[-0.020159930831738393,7.513463758980777],[-0.025458485120111618,7.509931389455204],[-0.028696490518541395,7.509048297073804],[-0.03281758829839987,7.509931389455204],[-0.04135414798520287,7.513463758980777],[-0.050037889735591534,7.509048297073804],[-0.07447011228751421,7.512875030726519],[-0.08904113658053348,7.513463758980777],[-0.049596343544891404,7.461655672605616],[-0.036055593696829646,7.434279808782349],[-0.05489489783326462,7.424565792587032],[-0.05533644402396476,7.441933276087781],[-0.06681664498211148,7.458123303080015],[-0.08182921546580246,7.468426047529647],[-0.09257350610613457,7.469014775783904],[-0.11155999230612679,7.453413477045927],[-0.12289301120068787,7.447526194503297],[-0.1334901197774343,7.445171281486239],[-0.1380527637479645,7.448409286884698],[-0.13128238882393362,7.455768390062986],[-0.12127400850147296,7.462833129114131],[-0.11641700040379988,7.465482406258332],[-0.11936064167511518,7.486087895157539],[-0.1334901197774343,7.499923009132715],[-0.15203505978672638,7.511108845963718],[-0.16793072265181763,7.524060867557524],[-0.1811771083727649,7.526415780574581],[-0.2007523228270145,7.519056677396293],[-0.23313237681148277,7.4996286450056004],[-0.23475137951072614,7.508753932946689],[-0.23784220284559865,7.514346851362177],[-0.24402384951537212,7.51787922088775],[-0.25359068364713266,7.5202341339048075],[-0.25359068364713266,7.527593237083096],[-0.24520130602388693,7.527004508828839],[-0.22783382252313797,7.528181965337353],[-0.2194444448998638,7.527593237083096],[-0.22135781172622163,7.532008698990069],[-0.2243014529975369,7.5431945358210735],[-0.2262148198238947,7.5476099977280455],[-0.21326279823011876,7.546138177092389],[-0.21002479283166053,7.544666356456731],[-0.20575651298824482,7.540545258676901],[-0.19839740980995657,7.540545258676901],[-0.19206858107662583,7.561150747576108],[-0.18529820615259496,7.561150747576108],[-0.18176583662702228,7.546726905346674],[-0.17057999979601846,7.5411339869311576],[-0.13687530723944974,7.540545258676901],[-0.14114358708283703,7.5499649107451035],[-0.14364568216348061,7.55379164439782],[-0.1299577502518332,7.567921122500138],[-0.1243648318363455,7.554086008524962],[-0.11362054119604181,7.546138177092389],[-0.10096288372938034,7.544077628202473],[-0.08904113658053348,7.5476099977280455],[-0.08756931594487584,7.542900171693958],[-0.0828594899107884,7.534363612007128],[-0.07550038673247172,7.536129796769926],[-0.07226238133404195,7.537307253278443],[-0.06902437593558375,7.5370128891513275],[-0.06122372656659536,7.534363612007128],[-0.05489489783326462,7.540545258676901],[-0.0584272673588373,7.548787454236589],[-0.05857444942242296,7.551731095507904],[-0.05695544672317965,7.554380372652076],[-0.05489489783326462,7.561150747576108],[-0.04871325116349112,7.561150747576108],[-0.04753579465497637,7.553202916143562],[-0.04591679195576148,7.549376182490847],[-0.043856243065818035,7.546138177092389],[-0.04135414798520287,7.540545258676901],[-0.03443659099761476,7.55379164439782],[-0.02369230035731107,7.539367802168356],[-0.01456701241622227,7.539367802168356],[-0.005000178284461754,7.544666356456731],[0.006480022673684971,7.5476099977280455],[0.048132546662827735,7.534363612007128],[0.03974316903955355,7.548787454236589],[0.025466508873677185,7.559090198686192],[0.010306756326400546,7.56733239424588],[-0.0002903522503459044,7.575280225678426],[-0.01324237384415028,7.601478632993149],[-0.02207329765809618,7.612075741569896],[-0.037968960523187434,7.616491203476869],[-0.05239280275264946,7.617963024112527],[-0.05563080815110766,7.6223784860195],[-0.05415898751545001,7.628854496816388],[-0.05489489783326462,7.636802328248961],[-0.05312871307046407,7.6356248717404185],[-0.05563080815110766,7.644750159681507],[-0.05931035974023757,7.654464175876854],[-0.06122372656659536,7.653875447622596],[-0.06917155799914099,7.661823279055143],[-0.08712776975417569,7.657702181275312],[-0.10581989182705343,7.647399436825679],[-0.11641700040379988,7.636802328248961],[-0.12392328564564536,7.636802328248961],[-0.1270141089805179,7.648576893334224],[-0.1351091224766492,7.651226170478396],[-0.14438159248129523,7.646810708571423],[-0.1511519674053261,7.636802328248961],[-0.15806952439291422,7.639745969520276],[-0.16101316566422955,7.641217790155934],[-0.1648398993169451,7.644161431427249],[-0.17970528773710726,7.639451605393135],[-0.222682450298322,7.658879637783827],[-0.24667312665954455,7.650637442224138],[-0.23857811316344166,7.650343078096994],[-0.2194444448998638,7.644161431427249],[-0.22400708887042245,7.638274148884618],[-0.2315133741122679,7.631798138087703],[-0.24667312665954455,7.6226728501466425],[-0.26978071063939524,7.634447415231904],[-0.28876719683938745,7.625027763163673],[-0.30407413145022133,7.614430654586955],[-0.3157015144719253,7.6226728501466425],[-0.3218831611416988,7.6226728501466425],[-0.3352767289261749,7.617668659985383],[-0.42196696436644743,7.613841926332668],[-0.44065908643932516,7.605894094900122],[-0.4559660210501591,7.590881524416404],[-0.4664159475633482,7.567921122500138],[-0.4683293143897061,7.574691497424168],[-0.4708314094703212,7.5808731440939425],[-0.472744776296679,7.587643519017974],[-0.472744776296679,7.595885714577662],[-0.4784848767757524,7.592942073306347],[-0.4876101647168127,7.589704067907888],[-0.49614672440364416,7.588820975526488],[-0.4999734580563598,7.592353345052062],[-0.5039473737726325,7.602950453628806],[-0.5123367513958783,7.600595540611749],[-0.5207261290191241,7.593236437433461],[-0.5242584985447252,7.589115339653632],[-0.5266134115617547,7.5829336929838576],[-0.5508984520501201,7.554969100906363],[-0.5620842888811239,7.5476099977280455],[-0.562820199198967,7.554086008524962],[-0.5645863839617675,7.558501470431934],[-0.5667941149152398,7.562622568211766],[-0.5690018458687405,7.567921122500138],[-0.5760665849198859,7.559090198686192],[-0.5875467858780327,7.554969100906363],[-0.6203683860532011,7.55379164439782],[-0.6342035000284056,7.547904361855189],[-0.646419611304367,7.537601617405586],[-0.6584885405167427,7.531714334862953],[-0.6718821083012472,7.540545258676901],[-0.6595188149617286,7.559384562813336],[-0.6390605081260787,7.56733239424588],[-0.572092669203613,7.5688042148815375],[-0.5617899247540095,7.572336584407111],[-0.5514871803044059,7.578812595204028],[-0.5408900717276595,7.589115339653632],[-0.5411844358547739,7.591470252670689],[-0.5425090744268743,7.595591350450519],[-0.5430978026811318,7.6017729971202925],[-0.5408900717276595,7.608837736171437],[-0.5366217918842437,7.61325319807841],[-0.5304401452144702,7.61737429585827],[-0.5244056806082824,7.6223784860195],[-0.5205789469555668,7.630031953324931],[-0.5136613899679787,7.630031953324931],[-0.5086571998067484,7.625322127290815],[-0.5060079226625476,7.623850306655157],[-0.5023283710734177,7.625322127290815],[-0.49379181138658623,7.630031953324931],[-0.486432708208298,7.618846116493928],[-0.4746581431230368,7.61737429585827],[-0.4639138524827331,7.6226728501466425],[-0.45905684438506,7.633564322850504],[-0.45169774120677175,7.633564322850504],[-0.43477180389669456,7.635919235867561],[-0.4162268638874025,7.641512154283049],[-0.4043051167385556,7.650637442224138],[-0.40886776070911424,7.655347268258254],[-0.41092830959902926,7.660940186673741],[-0.41122267372614374,7.677718941920262],[-0.4043051167385556,7.677718941920262],[-0.3797257121230757,7.653875447622596],[-0.36294695687655576,7.6479881650799655],[-0.34925902496493677,7.663589463817942],[-0.3130522373277529,7.6488712574613364],[-0.28685383001302966,7.661234550800884],[-0.26271597158822146,7.683900588590007],[-0.23313237681148277,7.698913159073727],[-0.23313237681148277,7.705094805743499],[-0.2447597598331868,7.705094805743499],[-0.25579841460063335,7.708332811141958],[-0.26595397698667966,7.713631365430332],[-0.2746377187370683,7.719518647972962],[-0.26065542269830644,7.722462289244278],[-0.23107182792156777,7.719518647972962],[-0.2194444448998638,7.726289022896992],[-0.21134943140376095,7.718635555591561],[-0.19957486631847132,7.711865180667531],[-0.18853621155105318,7.707155354633414],[-0.18147147249987938,7.705094805743499],[-0.17646728233864906,7.701562436217928],[-0.17278773074949072,7.695380789548153],[-0.16763635852470316,7.692437148276838],[-0.1573336140750996,7.698913159073727],[-0.17131591011383307,7.714514457811703],[-0.1645455351898022,7.723051017498534],[-0.1540956086766414,7.7312932130582235],[-0.1573336140750996,7.7466001476690565],[-0.11200153849679852,7.735708674965196],[-0.0913960495975914,7.737769223855111],[-0.0828594899107884,7.757197256245803],[-0.09566432944100711,7.762790174661319],[-0.1567448858208138,7.764261995296977],[-0.1779391029743067,7.773976011492324],[-0.16793072265181763,7.773387283238037],[-0.1596885270921291,7.774859103873695],[-0.14364568216348061,7.781040750543468],[-0.15041605708748307,7.790460402611672],[-0.1592469809014574,7.797819505789989],[-0.1779391029743067,7.807533521985334],[-0.16101316566422955,7.811360255638022],[-0.13878867406580753,7.811948983892307],[-0.1240704677092026,7.817541902307795],[-0.1299577502518332,7.83549811406283],[-0.15041605708748307,7.832260108664371],[-0.16837226884251777,7.8402079400969455],[-0.1739651872580339,7.854631782326379],[-0.1573336140750996,7.870233081064357],[-0.1648398993169451,7.877003455988387],[-0.16248498629988717,7.907617325210082],[-0.16675326614330288,7.9235129880752035],[-0.1658701737619026,7.9279284499821765],[-0.16675326614330288,7.930872091253492],[-0.17440673344873403,7.931755183634891],[-0.18176583662702228,7.929400270617834],[-0.19442349409368376,7.919391890295345],[-0.19839740980995657,7.917331341405429],[-0.20884733632311736,7.925279172837976],[-0.18470947789833758,7.962957781110845],[-0.1779391029743067,7.986212547154253],[-0.18397356758049455,7.9826801776286525],[-0.19986923044561422,7.976204166831764],[-0.20575651298824482,7.97267179730619],[-0.20575651298824482,7.986212547154253],[-0.22371272474327952,7.985918183027111],[-0.24137457237117133,7.998575840493771],[-0.2550625042827903,8.018003872884464],[-0.26036105857116354,8.038020633529413],[-0.26919198238510944,8.051855747504618],[-0.31231632700990986,8.091889268794517],[-0.3293894463835443,8.103075105625521],[-0.3296838105106872,8.088062535141804],[-0.3236493459044709,8.065985225606937],[-0.3218831611416988,8.051561383377475],[-0.34602101956647857,7.999458932875171],[-0.34955338909207967,7.996220927476714],[-0.3488174787742367,7.982974541755795],[-0.3529385765540951,7.98003090048448],[-0.36103359005019797,7.981502721120138],[-0.36912860354632926,7.986212547154253],[-0.3770764349788749,7.986212547154253],[-0.43859853754941014,7.97267179730619],[-0.4411006326300253,7.969433791907734],[-0.4434555456470832,7.963546509365103],[-0.4469879151726559,7.958836683330986],[-0.45272801565172927,7.958542319203872],[-0.4575850237494024,7.962957781110845],[-0.45920402644861724,7.970316884289133],[-0.45670193136800213,7.977087259213165],[-0.44904846406257093,7.98003090048448],[-0.43182816262537926,7.982974541755795],[-0.4022445678486406,7.996220927476714],[-0.38752636149206415,7.999458932875171],[-0.3626525927494413,8.012999682723233],[-0.3582371308424399,8.040964274800729],[-0.36780396497422885,8.06363031258988],[-0.3845827202207488,8.061864127827079],[-0.3981234700687822,8.070106323386767],[-0.4131360405525015,8.088062535141804],[-0.42491060563776273,8.09542163832009],[-0.4384513554858245,8.097776551337148],[-0.45449420041450134,8.096893458955748],[-0.46950677089822085,8.09365545355729],[-0.4795151512207099,8.090123084031717],[-0.4999734580563598,8.06863450275111],[-0.5330894223586711,8.011527862087576],[-0.5545780036392786,7.993277286205399],[-0.5501625417323055,8.00681803605346],[-0.5454527156981896,8.035076992258098],[-0.5408900717276595,8.048323377979017],[-0.5348556071214432,8.055682481157305],[-0.5173409415571086,8.072461236403825],[-0.5136613899679787,8.079231611327856],[-0.513808572031536,8.106313111023951],[-0.5171937594935514,8.13045096944876],[-0.5292626887059555,8.151939550729367],[-0.5545780036392786,8.171367583120059],[-0.5507512699865629,8.124269322778986],[-0.5591406476098086,8.108962388168152],[-0.6013818998532088,8.098070915464291],[-0.6399436005074506,8.075699241802283],[-0.6583413584531854,8.068340138623967],[-0.6583413584531854,8.075699241802283],[-0.6474498857493245,8.08453016561623],[-0.6358225027276205,8.100720192608463],[-0.632731679392748,8.11632149134644],[-0.647744249876439,8.123386230397614],[-0.6499519808299397,8.120442589126299],[-0.6787996652888353,8.103075105625521],[-0.6880721352934813,8.100131464354206],[-0.7067642573663591,8.097482187210005],[-0.7160367273710051,8.092772361175918],[-0.7239845588035507,8.09130054054026],[-0.7319323902360964,8.09542163832009],[-0.7378196727787554,8.101603284989864],[-0.7401745857957849,8.106018746896837],[-0.7432654091306858,8.108962388168152],[-0.7500357840547167,8.102780741498378],[-0.7607800746950204,8.090123084031717],[-0.7743208245430823,8.102780741498378],[-0.7706412729539238,8.119265132617755],[-0.7569533410423048,8.134572067228618],[-0.7401745857957849,8.143991719296821],[-0.7089719883198313,8.123974958651871],[-0.6858644043400092,8.129862241194502],[-0.6624624562330439,8.146052268186736],[-0.6303767663756901,8.157532469144883],[-0.6218402066888586,8.15458882787357],[-0.6156585600190851,8.148112817076651],[-0.6082994568407969,8.144580447551078],[-0.5962305276284212,8.150173365966594],[-0.5965248917555357,8.155766284382082],[-0.5918150657214198,8.181670327569663],[-0.5893129706408047,8.18490833296812],[-0.5993213509632938,8.195211077417724],[-0.6147754676377133,8.199332175197583],[-0.6508350732113399,8.199332175197583],[-0.6492160705120966,8.225530582512278],[-0.6974917873617131,8.250845897445629],[-0.7054396187942586,8.281165402540182],[-0.7147120887989047,8.279104853650267],[-0.7200106430872779,8.278810489523124],[-0.7328154826174966,8.281165402540182],[-0.7420879526221427,8.278810489523124],[-0.7431182270671002,8.28587522857427],[-0.7425294988128428,8.297355429532416],[-0.7470921427834014,8.308541266363422],[-0.7569533410423048,8.313839820651793],[-0.7706412729539238,8.315606005414594],[-0.8323105575880163,8.316194733668851],[-0.8482062204531076,8.320021467321567],[-0.8501195872794655,8.328852391135513],[-0.8377562939399468,8.333856581296743],[-0.7880087564547011,8.328852391135513],[-0.766667357237651,8.332090396533943],[-0.7601913464407346,8.3353284019324],[-0.7743208245430823,8.35622825495875],[-0.8016966883663201,8.417750357529258],[-0.812882525197324,8.43305729214012],[-0.8686645272887574,8.493696302329255],[-0.8810278206283044,8.5016441337618],[-0.897806575874796,8.506942688050174],[-0.8936854780949659,8.524604535678067],[-0.8989840323833391,8.539322742034642],[-0.9072262279430277,8.554335312518361],[-0.9148796952484305,8.58936464364703],[-0.9235634369988192,8.603788485876493],[-0.9347492738298229,8.615268686834611],[-0.9462294747879697,8.623805246521442],[-0.9499090263770995,8.628515072555558],[-0.9499090263770995,8.632930534462531],[-0.9522639393941573,8.636168539860961],[-0.963008230034461,8.637345996369504],[-0.9725750641662501,8.639700909386562],[-0.9887650911584842,8.648826197327622],[-0.99715446878173,8.65118111034468],[-1.0055438464050042,8.655302208124539],[-1.0156994087910505,8.664721860192742],[-1.0286514303848264,8.674141512260945],[-1.0452830035677607,8.67855697416792],[-1.0594124816700798,8.680323158930719],[-1.0705983185010837,8.683266800202034],[-1.083550340094888,8.684149892583434],[-1.1034199186762805,8.67855697416792],[-1.1347696982157913,8.664133131938485],[-1.1468386274281954,8.654124751615996],[-1.1516956355258685,8.640878365895077],[-1.1450724426653949,8.609675768419123],[-1.134622516152234,8.581122448087342],[-1.134180969961534,8.555807133154019],[-1.157877282195642,8.534318551873412],[-1.1602321952127,8.573763344909054],[-1.184517235701037,8.656479664633054],[-1.1927594312607255,8.670903506862516],[-1.2099797326979456,8.6644274960656],[-1.2547230800219609,8.671492235116773],[-1.271207471141338,8.6679598655912],[-1.2816573976544987,8.662661311302827],[-1.2868087698793147,8.667665501464057],[-1.2887221367056725,8.678262610040804],[-1.2888693187692297,8.68885971861755],[-1.2932847806762027,8.695335729414438],[-1.3230155575164986,8.705638473864042],[-1.3636378070606838,8.740667804992711],[-1.370260999921129,8.750381821188057],[-1.3814468367521329,8.75391419071363],[-1.4528301375815715,8.753619826586515],[-1.4722581699722639,8.745671995153941],[-1.4850630095024826,8.734191794195823],[-1.4921277485536564,8.71800176720356],[-1.4943354795071286,8.695630093541581],[-1.50287203919396,8.685032984964835],[-1.5224472536482097,8.670609142735373],[-1.555857582077664,8.65118111034468],[-1.5639525955737668,8.650003653836166],[-1.566454690654382,8.65206420272608],[-1.5686624216078828,8.655596572251653],[-1.5763158889133138,8.657951485268711],[-1.6117867662326546,8.657362757014454],[-1.6403400865644358,8.671492235116773],[-1.655647021175298,8.667371137336914],[-1.6924425370667393,8.633813626843903],[-1.7011262788171282,8.630575621445473],[-1.712753661838832,8.630575621445473],[-1.6763996921380624,8.681206251312119],[-1.6519674695861397,8.695924457668696],[-1.6172325025846135,8.67855697416792],[-1.6088431249613393,8.683855528456291],[-1.5886791822528323,8.680028794803578],[-1.5763158889133138,8.68532734909195],[-1.5393731909582868,8.675024604642346],[-1.5192092482497515,8.700634283702813],[-1.5078762293551904,8.735957978958595],[-1.4974263028420012,8.753619826586515],[-1.4877122866466834,8.756857831984945],[-1.463132882031175,8.771281674214407],[-1.4492977680559989,8.774519679612865],[-1.414857165181587,8.775991500248523],[-1.4011692332699681,8.78158441866401],[-1.3913080350110363,8.794536440257815],[-1.3885115758033066,8.789237885969442],[-1.3805637443707326,8.779818233901239],[-1.3776201030994173,8.774519679612865],[-1.3714384564296724,8.792181527240757],[-1.3721743667474868,8.808665918360134],[-1.3776201030994173,8.84340088536166],[-1.3649624456327558,8.828977043132227],[-1.3609885299164832,8.816908113919823],[-1.35657306800951,8.78070132628261],[-1.3480365083226786,8.762745114527576],[-1.3330239378389876,8.74478890277257],[-1.31433181576611,8.73478052245008],[-1.2950509654390034,8.73978471261131],[-1.2748870227304678,8.707699022753957],[-1.2638483679630212,8.694452637033038],[-1.2473639768436726,8.68532734909195],[-1.2291134009614952,8.681206251312119],[-1.208949458252988,8.680028794803578],[-1.0613258484964376,8.704755381482641],[-1.0523477426189345,8.709170843389614],[-1.0486681910297762,8.715941218313645],[-1.0439583649956887,8.716529946567903],[-1.01393322402825,8.692686452270237],[-1.0130501316468496,8.73065942467025],[-1.0168768652995652,8.745966359281084],[-1.0282098841941263,8.753619826586515],[-1.0165825011724223,8.763922571036119],[-1.0254134249863682,8.774519679612865],[-1.0423393622964456,8.783350603426811],[-1.0555857480173927,8.788354793588042],[-1.0697152261197118,8.7915927989865],[-1.1653835674374875,8.797774445656245],[-1.1806905020483498,8.804250456453161],[-1.1723011244250756,8.81573065741128],[-1.1593491028312997,8.816319385665565],[-1.0970910899429498,8.808665918360134],[-1.1144585734436987,8.835158689801972],[-1.1723011244250756,8.90433425967791],[-1.1812792303026072,8.927589025721318],[-1.1848115998281799,8.953493068908898],[-1.1837813253832223,8.980574568605022],[-1.1790714993491065,9.007361704174002],[-1.1647948391832301,8.973215465426733],[-1.140656980758422,9.025906644183294],[-1.1380077036142495,9.045334676573987],[-1.1399210704406073,9.06741198610888],[-1.1487519942545532,9.09832021945769],[-1.1516956355258685,9.116570795339868],[-1.1284408694824606,9.104796230254578],[-1.1100431115367257,9.082130192465456],[-1.098857274705722,9.053282508006532],[-1.0970910899429498,9.020902454022064],[-1.1073938343925533,8.999119508614314],[-1.1437478040933229,8.962618356849989],[-1.1516956355258685,8.935242493026749],[-1.1437478040933229,8.917580645398857],[-1.1001819132778223,8.849582532031434],[-1.085610888984803,8.84428397774306],[-1.060589938178623,8.821029211699653],[-1.0452830035677607,8.81573065741128],[-1.0370408080080722,8.823678488843854],[-1.0207035989522808,8.87754712410893],[-1.022911329905753,8.825444673606626],[-1.0193789603801804,8.799246266291902],[-1.0070156670406618,8.78070132628261],[-1.0008340203708883,8.788354793588042],[-0.9920030965569424,8.771576038341552],[-0.9880291808406697,8.758918380874888],[-0.9871460884592692,8.722711593237676],[-0.9847911754422113,8.705638473864042],[-0.9784623467088808,8.689154082744665],[-0.9697786049584921,8.675024604642346],[-0.9599174066995887,8.664721860192742],[-0.9278317168422348,8.650592382090423],[-0.9116416898500007,8.640878365895077],[-0.9047241328623842,8.6270432519199],[-0.9014861274639544,8.617917963978812],[-0.8941270242856661,8.613208137944696],[-0.886915103170935,8.61026449667338],[-0.8836770977724769,8.606437763020665],[-0.8823524592004048,8.594957562062547],[-0.8791144538019466,8.58848155126563],[-0.8748461739585309,8.583182996977257],[-0.8705778941151152,8.576118257926112],[-0.8663096142717279,8.559045138552477],[-0.863218790936827,8.552274763628446],[-0.8563012339492388,8.548153665848588],[-0.8459984894996353,8.547270573467216],[-0.842318937910477,8.552863491882704],[-0.8396696607663047,8.562283143950907],[-0.8326049217151308,8.572585888400539],[-0.7965453161415041,8.599667388096634],[-0.7885974847089585,8.614679958580354],[-0.7955150416965467,8.637345996369504],[-0.8072896067818078,8.648826197327622],[-0.8230380875833703,8.657657121141568],[-0.8367260194949893,8.667371137336914],[-0.8426133020376199,8.681794979566376],[-0.8417302096562196,8.694158272905895],[-0.8383450221942041,8.701517376084212],[-0.8309859190159159,8.704755381482641],[-0.8187698077399546,8.705638473864042],[-0.8125881610701811,8.709465207516757],[-0.8072896067818078,8.718296131330703],[-0.7963981340779469,8.753325462459372],[-0.7949263134422893,8.763333842781861],[-0.7955150416965467,8.774519679612865],[-0.7704940908903666,8.754502918967916],[-0.7816799277213704,8.727715783398907],[-0.82215499520197,8.68532734909195],[-0.7840348407383999,8.680323158930719],[-0.7660786289833936,8.657951485268711],[-0.7538625177074039,8.630575621445473],[-0.7328154826174966,8.609970132546238],[-0.7332570288081968,8.627926344301272],[-0.7300190234097387,8.64441073542065],[-0.7213352816593783,8.657068392887311],[-0.7054396187942586,8.664721860192742],[-0.713240268163247,8.63116434969973],[-0.7113269013368893,8.616446143343154],[-0.6992579721244851,8.609970132546238],[-0.7195690968965778,8.591719556664088],[-0.7492998737368737,8.582594268723],[-0.7762341913694115,8.571114067764881],[-0.7937488569337461,8.532258002983497],[-0.8067008785275506,8.52578199218658],[-0.8203888104391694,8.521366530279607],[-0.828925370126001,8.514596155355605],[-0.8303971907616585,8.499289220744743],[-0.824215544091885,8.486042835023826],[-0.8127353431337383,8.476623182955592],[-0.7716715473988813,8.463376797234673],[-0.7535681535802894,8.440416395318408],[-0.7266338359477515,8.390963221960277],[-0.7213352816593783,8.38625339592619],[-0.7054396187942586,8.376539379730845],[-0.6994051541880708,8.370063368933927],[-0.6964615129167555,8.363292994009925],[-0.6921932330733398,8.358288803848666],[-0.6671722822671313,8.352695885433178],[-0.657016719881085,8.347691695271948],[-0.6500991628934969,8.35034097241612],[-0.6446534265415664,8.369180276552555],[-0.6402379646345935,8.359171896230066],[-0.6403851466981507,8.339155135585116],[-0.6377358695539783,8.328852391135513],[-0.6321429511384622,8.32443692922854],[-0.6227232990702589,8.319432739067281],[-0.613892375256313,8.313251092397536],[-0.6056501796966245,8.296472337151016],[-0.5962305276284212,8.293823060006844],[-0.5868108755601895,8.289701962226985],[-0.5825425957167738,8.27763303301461],[-0.5776855876191007,8.26762465269212],[-0.5664997507880969,8.268213380946378],[-0.5548723677664213,8.274689391743294],[-0.548396356969505,8.281165402540182],[-0.5408900717276595,8.281165402540182],[-0.5423618923633171,8.264681011420805],[-0.5507512699865629,8.252317718081287],[-0.5612011964997521,8.24083751712314],[-0.5690018458687405,8.22582494663942],[-0.5397126152191163,8.20404200123167],[-0.5254359550532399,8.202864544723155],[-0.5136613899679787,8.22582494663942],[-0.513808572031536,8.20080399583324],[-0.5120423872687638,8.18902943074795],[-0.5074797432982052,8.17813795804409],[-0.4895235315431706,8.185791425349521],[-0.4818700642377678,8.193444892654952],[-0.4795151512207099,8.205513821867328],[-0.4690652247075207,8.199037811070442],[-0.445368912473441,8.17813795804409],[-0.4355077142145092,8.18402524058672],[-0.4266767904005633,8.185791425349521],[-0.4203479616672326,8.181964691696805],[-0.4181402307137603,8.171367583120059],[-0.39782910594166765,8.178432322171233],[-0.39032282069979374,8.191973072019294],[-0.38973409244553636,8.207868734884386],[-0.3907643668904939,8.222586941240962],[-0.3940023722889521,8.227002403147964],[-0.4001840189587256,8.231417865054937],[-0.4043051167385556,8.236422055216167],[-0.4010671113400974,8.243192430140198],[-0.39326646197110904,8.247019163792913],[-0.3719250627540873,8.250845897445629],[-0.3627997748129985,8.253789538716944],[-0.35470476131686723,8.245252979030113],[-0.3488174787742367,8.235244598707624],[-0.3414583755959484,8.227591131402221],[-0.3293894463835443,8.22582494663942],[-0.3210000687602985,8.229651680292136],[-0.31658460685332557,8.237305147597567],[-0.3151127862176679,8.24760789204717],[-0.3157015144719253,8.25997118538669],[-0.3023079466874492,8.253495174589801],[-0.28685383001302966,8.249668440937086],[-0.26036105857116354,8.246430435538628],[-0.2556512325370761,8.244664250775855],[-0.2465259445959873,8.237010783470424],[-0.24004993379909936,8.233478413944852],[-0.2404914799897995,8.236422055216167],[-0.23416265125646876,8.24083751712314],[-0.2256260915696373,8.244369886648713],[-0.2194444448998638,8.246430435538628],[-0.22680354807815206,8.227885495529335],[-0.1889777577417533,8.220232028223933],[-0.1779391029743067,8.202275816468898],[-0.1838263855169373,8.175783045027032],[-0.21635362156499127,8.196094169799126],[-0.23313237681148277,8.17813795804409],[-0.25653432491844796,8.193739256782067],[-0.26919198238510944,8.196977262180525],[-0.2746377187370683,8.188440702493693],[-0.28258555016961395,8.181081599315405],[-0.30024739779750576,8.182259055823948],[-0.31879233780679783,8.18902943074795],[-0.3293894463835443,8.199332175197583],[-0.33086126701920193,8.166952121213086],[-0.3360126392440179,8.136632616118533],[-0.3218831611416988,8.143991719296821],[-0.31069732431069497,8.133394610720075],[-0.30113049017890603,8.133688974847217],[-0.29332984080991764,8.140459349771248],[-0.28773692239442994,8.150173365966594],[-0.2827327322331712,8.135160795482875],[-0.2797890909618559,8.121914409761956],[-0.2731658981014107,8.112789121820867],[-0.2569758711091481,8.109256752295295],[-0.24799776523164496,8.10543001864258],[-0.2432879391975291,8.096010366574347],[-0.24284639300682898,8.085118893870487],[-0.24667312665954455,8.075699241802283],[-0.22606763776033745,8.065396497352651],[-0.21591207537429116,8.062747220208479],[-0.2020769613991149,8.061864127827079],[-0.19383476583942638,8.055682481157305],[-0.18853621155105318,8.043319187817787],[-0.18147147249987938,8.036254448766641],[-0.16793072265181763,8.045085372580589],[-0.15129914946888334,8.04685155734336],[-0.13422603009524892,8.027423524952667],[-0.109646625479769,7.986212547154253],[-0.1152395438952567,7.977970351594564],[-0.11229590262394142,7.970611248416276],[-0.10287625055573812,7.966195786509303],[-0.08904113658053348,7.96590142238216],[-0.08904113658053348,7.958542319203872],[-0.09492841912316408,7.952949400788356],[-0.09507560118674974,7.946473389991468],[-0.09095450340689126,7.939114286813179],[-0.0828594899107884,7.931755183634891],[-0.0913960495975914,7.921452439185288],[-0.09051295721619113,7.906439868701568],[-0.08403694641930315,7.8905442058364486],[-0.07550038673247172,7.877003455988387],[-0.07844402800381545,7.873471086462815],[-0.08168203340224522,7.8717049017000145],[-0.08904113658053348,7.870233081064357],[-0.0825651257836455,7.867583803920184],[-0.07903275625807282,7.863462706140325],[-0.07550038673247172,7.8490388639108915],[-0.07564756879605739,7.841679760732603],[-0.07829684594022979,7.834909385808573],[-0.08124048721154509,7.829905195647314],[-0.0828594899107884,7.8287277391388],[-0.07785529974952965,7.812537712146566],[-0.062106818947995635,7.784867484196183],[-0.05489489783326462,7.767205636568292],[-0.03914641703173061,7.780157658162069],[-0.033111952425514346,7.786928033086099],[-0.027666216073583882,7.7951702286457865],[-0.01927683845033812,7.7907547667388135],[-0.009710004318549181,7.796642049281444],[0.0013286504488689845,7.806650429603935],[0.01398630791553046,7.814892625163623],[0.020756682839561336,7.807533521985334],[0.011337030771358059,7.803118060078333],[0.0035363814023696705,7.796347685154331],[-0.002498083203818169,7.786633668958984],[-0.006619180983676642,7.773976011492324],[0.011042666644215162,7.773387283238037],[0.020903864903147,7.780746386416325],[0.027232693636477734,7.791637859120215],[0.034591796814765985,7.801351875315561],[0.03547488919616626,7.7907547667388135],[0.03930162284885341,7.784278755941927],[0.04577763364576981,7.783395663560525],[0.05490292158685861,7.7883998537217565],[0.057993744921731157,7.784573120069042],[0.05902401936668867,7.781040750543468],[0.05975992968450328,7.7772140168907535],[0.06123175032018935,7.773976011492324],[0.06638312254497691,7.773387283238037],[0.08286751366435396,7.773976011492324],[0.0709457665155071,7.7895773102303],[0.07491968223180834,7.799291326425647],[0.08448651636356885,7.806356065476791],[0.08904916033412746,7.814892625163623],[0.08404497017286872,7.826667190248884],[0.07550841048606571,7.835792478189973],[0.06888521762559208,7.846683950893834],[0.0685908534984776,7.862873977886069],[0.05843529111243129,7.860813428996153],[0.04783818253568484,7.864345798521726],[0.040479079357396586,7.871999265827157],[0.040626261420953824,7.88318510265816],[0.04754381840854194,7.890838569963592],[0.05505010365041585,7.888778021073648],[0.0624092068287041,7.884068195039561],[0.0685908534984776,7.88318510265816],[0.07227040508760751,7.894076575362022],[0.06417539159150465,7.908500417591483],[0.040626261420953824,7.938525558558923],[0.0535782830147582,7.932932640143405],[0.06079020412948922,7.938819922686036],[0.05990711174808894,7.949417031262783],[0.048132546662827735,7.958542319203872],[0.048132546662827735,7.96590142238216],[0.06991549207054959,7.966195786509303],[0.09037379890619945,7.9738492538147066],[0.10479764113566148,7.987390003662768],[0.10950746716977733,8.00681803605346],[0.10332582050000383,8.018298237011606],[0.07271195127830765,8.00505185129066],[0.05490292158685861,8.00681803605346],[0.06020147587520342,8.011527862087576],[0.06991549207054959,8.02271369891858],[0.07536122842250847,8.027423524952667],[0.05446137539615847,8.041553003054986],[0.03959598697599631,8.056565573538705],[0.039154440785296174,8.073933057039483],[0.06123175032018935,8.09542163832009],[0.06314511714651871,8.085707622124744],[0.06873803556203484,8.077171062437941],[0.07653868493102323,8.073933057039483],[0.09022661684264222,8.081880888472028],[0.09434771462250069,8.082175252599171],[0.09861599446588798,8.081586524344914],[0.10332582050000383,8.082469616726314],[0.10950746716977733,8.103075105625521],[0.12643340447985452,8.106018746896837],[0.1395326081371877,8.100720192608463],[0.14453679829844646,8.087768171014659],[0.1368833309930153,8.068340138623967],[0.18250977069843088,8.084235801489086],[0.19163505863949126,8.090123084031717],[0.18589495816044632,8.10042582848132],[0.14380088798060342,8.136632616118533],[0.14998253465037692,8.140459349771248],[0.1505712629046343,8.143402991042564],[0.14380088798060342,8.150173365966594],[0.15410363243020697,8.153411371365024],[0.15999091497283757,8.161064838670455],[0.1629345562441813,8.171956311374316],[0.16484792307051066,8.18490833296812],[0.1505712629046343,8.18078723518829],[0.13467560003951462,8.186968881858036],[0.12172357844573868,8.19992090345184],[0.11642502415736546,8.216110930444074],[0.10641664383487637,8.215522202189817],[0.0891963423976847,8.226119310766563],[0.08404497017286872,8.23583332696191],[0.10950746716977733,8.233478413944852],[0.10729973621627664,8.238776968233225],[0.10332582050000383,8.253789538716944],[0.11142083399613512,8.244369886648713],[0.12010457574649536,8.241131881250283],[0.12878831749688402,8.244369886648713],[0.1368833309930153,8.253789538716944],[0.16867465672322624,8.243781158394455],[0.18309849895268826,8.266447196183606],[0.18295131688913102,8.301476527312275],[0.17088238767672692,8.328852391135513],[0.18089076799918757,8.336505858440944],[0.19119351244881955,8.340921320347917],[0.20267371340693785,8.342687505110689],[0.21562573500074222,8.343276233364946],[0.22857775659451818,8.346514238763405],[0.22857775659451818,8.35534516257735],[0.22298483817903048,8.367414091789755],[0.2194524686534578,8.380071749256416],[0.2070891753139108,8.385664667671932],[0.13055450225968457,8.369180276552555],[0.10317863843644659,8.370652097188215],[0.08890197827054182,8.380660477510673],[0.08375060604575425,8.39802796101145],[0.08286751366435396,8.420988362927716],[0.0800710544565959,8.43394038452152],[0.07477250016822268,8.441888215954066],[0.07168167683335014,8.44895295500524],[0.07536122842250847,8.459255699454843],[0.08213160334651093,8.463671161361816],[0.11642502415736546,8.47309081343002],[0.11642502415736546,8.479272460099793],[0.10082372541938867,8.483687922006766],[0.08904916033412746,8.48986956867654],[0.08095414683799618,8.499583584871885],[0.07536122842250847,8.514596155355605],[0.07845205175738101,8.521955258533893],[0.08478088049071175,8.531080546474954],[0.08743015763488415,8.538734013780385],[0.07241758715116477,8.544915660450158],[0.0774217773124235,8.551097307119933],[0.08566397287211203,8.556101497281162],[0.08904916033412746,8.555512769026905],[0.10965464923333458,8.594663197935404],[0.11642502415736546,8.60261102936795],[0.13040732019612733,8.607320855402065],[0.1395326081371877,8.602905393495092],[0.14924662433253388,8.594957562062547],[0.16484792307051066,8.589070279519916],[0.1594021867185802,8.607320855402065],[0.14483116242556093,8.624099610648585],[0.13335096146744263,8.64352764303925],[0.1368833309930153,8.670903506862516],[0.1460086189341041,8.68208934369352],[0.15734163782866517,8.689742810998922],[0.16705565402401135,8.698868098940011],[0.17088238767672692,8.715941218313645],[0.1688218387868119,8.72801014752605],[0.16573101545191093,8.737429799594253],[0.16705565402401135,8.743905810391169],[0.17794712672787227,8.747438179916742],[0.18928014562246176,8.752442370077972],[0.20046598245346559,8.753619826586515],[0.2106215448395119,8.751559277696572],[0.2194524686534578,8.747438179916742],[0.20340962372478089,8.730070696415964],[0.19840543356352214,8.726243962763249],[0.2057645367418388,8.710642664025272],[0.19752234118215029,8.70210610433847],[0.1845703195883459,8.694452637033038],[0.17794712672787227,8.681794979566376],[0.1717654800581272,8.675318968769488],[0.1604324611635377,8.657657121141568],[0.1535149041759496,8.639112181132276],[0.16116837148138075,8.630575621445473],[0.17971331149067282,8.619095420487326],[0.18089076799918757,8.596429382698204],[0.16455355894339618,8.580533719833085],[0.13055450225968457,8.589070279519916],[0.1136285649496074,8.554629676645504],[0.10950746716977733,8.5416776550517],[0.10877155685193429,8.534318551873412],[0.10950746716977733,8.51076942170289],[0.11186238018683525,8.5016441337618],[0.11745529860232296,8.500466677253257],[0.12422567352635384,8.500172313126143],[0.13055450225968457,8.493401938202112],[0.13438123591240014,8.481921737243965],[0.13467560003951462,8.471324628667247],[0.13114323051394194,8.461316248344758],[0.12378412733565368,8.451896596276555],[0.11745529860232296,8.450719139768012],[0.09964626891084549,8.452485324530812],[0.09581953525815834,8.448658590878097],[0.09891035859303088,8.439533302937008],[0.10494482319921872,8.430702379123062],[0.10906592097907719,8.422460183563373],[0.10641664383487637,8.414217988003685],[0.10862437478837705,8.399499781647108],[0.1414459749635455,8.397733596884308],[0.2334347646921913,8.405092700062596],[0.24726987866739591,8.40214905879128],[0.2530099791464693,8.394201227358735],[0.25978035407050015,8.369180276552555],[0.26081062851545767,8.354756434323093],[0.2530099791464693,8.343276233364946],[0.26272399534181545,8.331501668279685],[0.2759703810627343,8.328263662881255],[0.28789212821155274,8.332384760661085],[0.2945153210720264,8.343276233364946],[0.3014328780596145,8.343276233364946],[0.2981948726611563,8.322082016211482],[0.28597876138519496,8.31854964668591],[0.26934718820226067,8.320610195575824],[0.2530099791464693,8.315311641287451],[0.23814459072630714,8.322082016211482],[0.2204827430984153,8.326497478118455],[0.20355680578833815,8.327086206372712],[0.19163505863949126,8.32267074446574],[0.19973007213562255,8.31854964668591],[0.2073835394410537,8.315900369541708],[0.21577291706429946,8.314722913033194],[0.22622284357748865,8.315311641287451],[0.2210714713526727,8.30942435874482],[0.2092969062674115,8.300299070803732],[0.2057645367418388,8.294706152388244],[0.20473426229685288,8.284992136192898],[0.20723635737749646,8.26350355491229],[0.2057645367418388,8.253789538716944],[0.1936956075294347,8.23995442474174],[0.1577831840193653,8.226119310766563],[0.14380088798060342,8.212872925045616],[0.16190428179919536,8.21405038155416],[0.2207771072255298,8.203158908850298],[0.2181278300813574,8.19815471868904],[0.21017999864881176,8.193444892654952],[0.2057645367418388,8.191678707892152],[0.18824987117750425,8.161064838670455],[0.1773583984736149,8.128979148813102],[0.20488144436043854,8.114260942456525],[0.26728663931234564,8.109256752295295],[0.26934718820226067,8.11220039356661],[0.27096619090150403,8.115144034837925],[0.27420419629993376,8.116910219600697],[0.28097457122396463,8.116027127219297],[0.26934718820226067,8.086296350379001],[0.2639014518503302,8.082469616726314],[0.2530099791464693,8.08453016561623],[0.23564249564569195,8.093361089430175],[0.2296080310395041,8.09542163832009],[0.2132708219836843,8.09041744815886],[0.19502024610150673,8.067162682115452],[0.1307016843232418,8.048912106233303],[0.12378412733565368,8.048323377979017],[0.12466721971705398,8.033016443368183],[0.13496996416665755,8.013882775104634],[0.14968817052323402,7.997987112239513],[0.16484792307051066,7.993277286205399],[0.15542827100230738,7.982385813501537],[0.12922986368758416,7.974143617941848],[0.12378412733565368,7.962074688729445],[0.1176024806658802,7.958247955076729],[0.08669424731706954,7.946767754118611],[0.07536122842250847,7.944707205228666],[0.11936866542868074,7.938525558558923],[0.13055450225968457,7.931755183634891],[0.13246786908604236,7.92233553156666],[0.12039893987363826,7.90231877092171],[0.11642502415736546,7.88995547758219],[0.12378412733565368,7.88995547758219],[0.13703051305657254,7.902907499175996],[0.15793036608292255,7.911149694735656],[0.17691685228291476,7.907617325210082],[0.18530622990616052,7.886717472183734],[0.18236258863484522,7.884068195039561],[0.16779156434182596,7.845800858512433],[0.16190428179919536,7.83549811406283],[0.15734163782866517,7.815775717544995],[0.1505712629046343,7.807533521985334],[0.1505712629046343,7.801351875315561],[0.16749720021471148,7.8048842448411335],[0.17750558053717214,7.819896815324854],[0.18574777609686066,7.837558662952745],[0.19840543356352214,7.8490388639108915],[0.19163505863949126,7.862873977886069],[0.197963887372822,7.866111983284525],[0.20090752864416572,7.868172532174441],[0.2041455340425955,7.8672894397930415],[0.2119461834115839,7.862873977886069],[0.21017999864881176,7.875531635352729],[0.20885536007671135,7.879064004878331],[0.2057645367418388,7.88318510265816],[0.2116518192844694,7.893487847107764],[0.2200411969077152,7.899669493777537],[0.23049112342087597,7.902907499175996],[0.24329596295112307,7.903790591557367],[0.24771142485809605,7.908500417591483],[0.25948598994335725,7.931166455380633],[0.26728663931234564,7.938525558558923],[0.2746457424906339,7.917331341405429],[0.2687584599480033,7.907911689337226],[0.2615465388332723,7.900846950286052],[0.252126886765069,7.8973145807604785],[0.23991077548910766,7.897608944887622],[0.23991077548910766,7.88995547758219],[0.24432623739608064,7.889072385200791],[0.24682833247669578,7.887600564565133],[0.2530099791464693,7.88318510265816],[0.24712269660383868,7.882007646149646],[0.23314040056507682,7.877003455988387],[0.24270723469683728,7.877003455988387],[0.25094943025652583,7.875531635352729],[0.26728663931234564,7.870233081064357],[0.26728663931234564,7.862873977886069],[0.2483001531123534,7.86228524963181],[0.23902768310770742,7.856103602962037],[0.24211850644257993,7.849921956292291],[0.26036908232475753,7.8490388639108915],[0.26036908232475753,7.8422684889868615],[0.2510966123201115,7.8378530270798885],[0.25065506612941135,7.835792478189973],[0.24682833247669578,7.8287277391388],[0.23711431628134957,7.832260108664371],[0.22916648484880398,7.831082652155857],[0.21974683278057228,7.829022103265943],[0.2057645367418388,7.8287277391388],[0.21798064801780015,7.806650429603935],[0.23564249564569195,7.803118060078333],[0.25389307152784113,7.801940603569818],[0.26728663931234564,7.7883998537217565],[0.26728663931234564,7.7951702286457865],[0.27346828598211914,7.790166038484557],[0.2764119272534345,7.7886942178489],[0.28097457122396463,7.7883998537217565],[0.2727323756642761,7.779274565780668],[0.2687584599480033,7.770443641966722],[0.26920000613870343,7.762201446407034],[0.2746457424906339,7.754253614974488],[0.28097457122396463,7.754253614974488],[0.28391821249527993,7.757491620372946],[0.2877449461479955,7.760435261644261],[0.2890695847200959,7.729232664168308],[0.2856843972580805,7.7171637349559035],[0.2746457424906339,7.711865180667531],[0.27773656582550643,7.708038447014815],[0.279502750588307,7.704800441616357],[0.28200484566892214,7.701856800345042],[0.2877449461479955,7.698913159073727],[0.2789140223340496,7.690670963514037],[0.2740570142363765,7.680956947318692],[0.26728663931234564,7.65740781714817],[0.2824463918596223,7.652992355241197],[0.2864203075758951,7.642689610791591],[0.2858315793216377,7.6294432250706725],[0.2877449461479955,7.616491203476869],[0.2746457424906339,7.6226728501466425],[0.2746457424906339,7.611781377442752],[0.2770006555076918,7.602950453628806],[0.28332948424102256,7.597651899340434],[0.2945153210720264,7.595885714577662],[0.288775220592953,7.589704067907888],[0.28391821249527993,7.5823449647296],[0.28097457122396463,7.572925312661369],[0.28097457122396463,7.561150747576108],[0.2687584599480033,7.569981671390054],[0.24726987866739591,7.594119529814861],[0.23314040056507682,7.602656089501692],[0.23932204723482187,7.588820975526488],[0.24638678628599564,7.579401323458285],[0.25036070200226845,7.571159127898596],[0.24682833247669578,7.561150747576108],[0.24064668580692228,7.557912742177678],[0.2057645367418388,7.5476099977280455],[0.2116518192844694,7.537307253278443],[0.22062992516197255,7.529948150100155],[0.23240449024723378,7.527887601210239],[0.24682833247669578,7.534363612007128],[0.25330434327358375,7.514346851362177],[0.24535651184103813,7.501394829768373],[0.23475940326429168,7.489031536428854],[0.23314040056507682,7.472252781182363],[0.2416769602518798,7.4578289389528996],[0.25124379438366873,7.4598894878428155],[0.26051626438831477,7.471369688800962],[0.26831691375730315,7.486382259284682],[0.28494848694023744,7.489914628810255],[0.2917188618642683,7.500806101514114],[0.2917188618642683,7.51464121548932],[0.2877449461479955,7.527593237083096],[0.3014328780596145,7.5202341339048075],[0.30805607092008813,7.539073438041243],[0.30805607092008813,7.5476099977280455],[0.3118828045728037,7.545255084711016],[0.3217440028317071,7.540545258676901],[0.3215968207681499,7.547315633600931],[0.3223327310859645,7.561150747576108],[0.3217440028317071,7.567921122500138],[0.3292502880735526,7.567921122500138],[0.32983901632781,7.547315633600931],[0.32086091045030685,7.514052487235033]],[[0.17088238767672692,6.6983694909531835],[0.18280413482554536,6.722801713505106],[0.1776527626007578,6.742818474150084],[0.1505712629046343,6.780497082422926],[0.14085724670928812,6.767545060829121],[0.13835515162867296,6.761952142413634],[0.1368833309930153,6.753121218599688],[0.13055450225968457,6.759891593523719],[0.12908268162402692,6.7566535881252605],[0.12937704575116982,6.7545930392353455],[0.12864113543332678,6.753415582726802],[0.12378412733565368,6.753121218599688],[0.12378412733565368,6.76666196844775],[0.10803564653411968,6.761952142413634],[0.10332582050000383,6.759891593523719],[0.10523918732636162,6.763423963049291],[0.10759410034341954,6.769899973846179],[0.10950746716977733,6.773432343371752],[0.09581953525815834,6.773432343371752],[0.09581953525815834,6.780497082422926],[0.10568073351706177,6.785501272584156],[0.10950746716977733,6.7937434681438456],[0.10847719272481983,6.803751848466334],[0.10332582050000383,6.814348957043081],[0.09434771462250069,6.814643321170195],[0.08713579350776968,6.813760228788794],[0.08095414683799618,6.811699679898879],[0.07536122842250847,6.808167310373307],[0.08286751366435396,6.794037832270988],[0.0685908534984776,6.800808207195018],[0.0624092068287041,6.782263267185726],[0.06079020412948922,6.77254925099038],[0.06123175032018935,6.759891593523719],[0.04931000317134249,6.765190147812092],[0.04224526412016871,6.774904164007438],[0.03944880491243907,6.787267457346957],[0.040626261420953824,6.800808207195018],[0.034591796814765985,6.800808207195018],[0.006038476482984834,6.760480321777976],[-0.0030868114581039663,6.73487064271751],[0.006480022673684971,6.704551137622957],[0.020756682839561336,6.745467751294257],[0.02767423982717787,6.745467751294257],[0.031500973479865024,6.736342463353168],[0.0326784299884082,6.728100267793479],[0.031353791416307786,6.720446800488077],[0.02767423982717787,6.712204604928389],[0.039154440785296174,6.7169144309624755],[0.04901563904419959,6.7169144309624755],[0.056521924286073506,6.712498969055503],[0.06123175032018935,6.704551137622957],[0.06123175032018935,6.6983694909531835],[0.0535782830147582,6.697486398571783],[0.049604367298485386,6.695425849681868],[0.04621917983646995,6.693365300791953],[0.040626261420953824,6.691010387774895],[0.04563045158218415,6.691304751902038],[0.06123175032018935,6.691010387774895],[0.05490292158685861,6.6774696379268335],[0.06491130190931926,6.673642904274118],[0.07271195127830765,6.6730541760198605],[0.07874641588452391,6.676292181418319],[0.08286751366435396,6.684828741105122],[0.08904916033412746,6.6774696379268335],[0.09317025811395753,6.679824550943891],[0.09567235319457268,6.682179463960949],[0.09846881240233074,6.683651284596607],[0.10332582050000383,6.684828741105122],[0.09581953525815834,6.677764002053976],[0.09096252716048525,6.670110534748545],[0.08875479620698457,6.660985246807456],[0.08904916033412746,6.6500937741035955],[0.09581953525815834,6.6500937741035955],[0.1039145487542612,6.673348540147003],[0.12555031209845424,6.68306255634235],[0.15115999115889167,6.68806674650358],[0.17088238767672692,6.6983694909531835]]]}},{"type":"Feature","properties":{"name":"Lago de Cahora Bassa","name_ar":"بحيرة كاهورا باسا","name_fr":"Cahora Bassa","scalerank":7},"geometry":{"bbox":[30.796526174455607,-15.86110848416371,32.711070457320005,-15.517879911928164],"type":"Polygon","coordinates":[[[32.70430008239598,-15.572631639574666],[32.707538087794404,-15.573220367828924],[32.711070457320005,-15.59529767736379],[32.70282826176032,-15.60795533483045],[32.68722696302234,-15.609132791338993],[32.66985947952156,-15.597358226253734],[32.64277797982544,-15.566449992904893],[32.628354137596006,-15.56262325925218],[32.59008680106888,-15.573514731956067],[32.57095313280533,-15.573514731956067],[32.552113828668894,-15.57115981893901],[32.53680689405803,-15.56703872115915],[32.54357726898206,-15.58381747640567],[32.53916180707509,-15.59559204149093],[32.52679851373558,-15.60295114466922],[32.50943103023479,-15.60795533483045],[32.49059172609839,-15.608544063084736],[32.477050976250325,-15.602362416414962],[32.447614563537144,-15.579990742752956],[32.43054144416351,-15.59559204149093],[32.40964159113716,-15.606777878321937],[32.39580647716198,-15.620024264042854],[32.3996332108147,-15.642101573577749],[32.37225734699143,-15.644162122467662],[32.35194622221937,-15.648871948501748],[32.33958292887982,-15.65564232342578],[32.331635097447275,-15.662412698349812],[32.321626717124786,-15.66388451898547],[32.30337614124264,-15.65564232342578],[32.294839581555806,-15.66741688851107],[32.28100446758063,-15.675953448197873],[32.26540316884265,-15.678602725342074],[32.25186241899459,-15.672715442799415],[32.24097094629073,-15.669477437400984],[32.22684146818841,-15.672421078672299],[32.16414190910936,-15.69567584471571],[32.15295607227836,-15.697147665351366],[32.146185697354326,-15.703623676148254],[32.14559696910007,-15.71745879012343],[32.14235896370161,-15.731293904098637],[32.128523849726406,-15.737475550768378],[32.11410000749697,-15.736298094259865],[32.077598855732646,-15.723934800920347],[32.02284712808614,-15.717164425996316],[32.009895106492365,-15.711865871707943],[31.987817796957472,-15.699796942495539],[31.960736297261377,-15.695087116461425],[31.934832254073772,-15.685373100266077],[31.90922257501333,-15.681252002486245],[31.87213269499475,-15.669477437400984],[31.85476521149397,-15.668299980892442],[31.845934287680027,-15.670949258036643],[31.838280820374592,-15.677425268833533],[31.823562614018016,-15.686550556774622],[31.797658570830436,-15.696853301224223],[31.77028270700717,-15.703918040275399],[31.658129974570016,-15.713926420597856],[31.62869356185684,-15.710688415199401],[31.607793708830485,-15.700385670749796],[31.593369866601055,-15.681840730740504],[31.585127671041366,-15.67654217645213],[31.570409464684786,-15.676247812325016],[31.56275599737935,-15.683606915503306],[31.555985622455324,-15.695381480588567],[31.546271606259978,-15.700974399004053],[31.528904122759204,-15.68978856217308],[31.533319584666174,-15.685078736138962],[31.538912503081686,-15.674187263435073],[31.542444872607263,-15.669477437400984],[31.532730856411913,-15.665356339621127],[31.521545019580913,-15.663590154858353],[31.51212536751271,-15.666533796129668],[31.508298633859994,-15.676247812325016],[31.505649356715793,-15.686550556774622],[31.498290253537505,-15.687139285028875],[31.489459329723562,-15.68419564375756],[31.481511498291017,-15.683018187249047],[31.458256732247605,-15.685078736138962],[31.434707602077083,-15.682723823121904],[31.41233592841508,-15.675659084070729],[31.392907896024383,-15.66300142660407],[31.385548792846095,-15.685373100266077],[31.379661510303464,-15.695970208842821],[31.37083058648949,-15.69420402408005],[31.354640559497255,-15.679485817723446],[31.336978711869364,-15.6706548939095],[31.328736516309675,-15.682723823121904],[31.323437962021302,-15.717164425996316],[31.308425391537583,-15.70568422503817],[31.29400154930815,-15.699796942495539],[31.278694614697287,-15.700385670749796],[31.261915859450795,-15.707156045673829],[31.256322941035283,-15.713926420597856],[31.257500397543822,-15.721874252030405],[31.263387680086453,-15.728644626954432],[31.272218603900395,-15.731293904098637],[31.27722279406163,-15.73512063775135],[31.27192423977326,-15.743951561565297],[31.258383489925194,-15.758081039667614],[31.247492017221333,-15.77574288729551],[31.23660054451747,-15.78427944698234],[31.20716413180429,-15.798997653338917],[31.193329017829118,-15.811360946678436],[31.158888414954706,-15.86110848416371],[31.150351855267875,-15.848156462569904],[31.144758936852387,-15.823724240017981],[31.143875844470983,-15.798408925084658],[31.1485856705051,-15.78192453396528],[31.160065871463214,-15.77692034380405],[31.18803046354074,-15.777509072058308],[31.200393756880263,-15.771621789515677],[31.208635952439952,-15.761319045066044],[31.21305141434692,-15.75013320823507],[31.214228870855464,-15.738064279022666],[31.213640142601175,-15.723934800920347],[31.19126846893917,-15.734826273624208],[31.18243754512523,-15.736886822514125],[31.16948552353145,-15.737475550768378],[31.08882975269736,-15.725995349810262],[31.035549845686518,-15.702740583766854],[30.992867047252446,-15.695970208842821],[30.95960390088655,-15.683018187249047],[30.906323993875734,-15.676247812325016],[30.891900151646272,-15.67212671454516],[30.85098353797497,-15.65564232342578],[30.836265331618396,-15.655053595171523],[30.82360767415173,-15.656231051680066],[30.811244380812212,-15.65387613866301],[30.796526174455607,-15.642101573577749],[30.80977256017653,-15.632681921509516],[30.81801475573622,-15.629149551983943],[30.827434407804446,-15.630032644365345],[31.001697971066395,-15.680663274231991],[31.040848399974895,-15.687139285028875],[31.096188855875653,-15.70656731741957],[31.12474217620743,-15.71098277932654],[31.141226567326814,-15.710688415199401],[31.158005322573302,-15.708627866309484],[31.172134800675618,-15.702740583766854],[31.183026273379514,-15.69008292630019],[31.197450115608945,-15.680074545977732],[31.226592164194987,-15.690377290427335],[31.23453999562753,-15.676247812325016],[31.25308493563682,-15.680957638359105],[31.27162987564614,-15.65240431802735],[31.289880451528287,-15.65240431802735],[31.30783666328332,-15.654170502790125],[31.321671777258505,-15.64386775834052],[31.329619608691075,-15.626500274839742],[31.33079706519959,-15.60795533483045],[31.345809635683313,-15.615608802135883],[31.364648939819745,-15.617080622771539],[31.431175232551485,-15.610898976101765],[31.43706251509414,-15.614725709754481],[31.4461878030352,-15.625322818331227],[31.454724362722033,-15.624439725949829],[31.463555286535982,-15.618552443407198],[31.474741123366982,-15.614725709754481],[31.48357204718093,-15.615608802135883],[31.501528258935966,-15.620907356424254],[31.508298633859994,-15.621496084678514],[31.516540829419682,-15.618846807534341],[31.533908312920463,-15.609721519593252],[31.542739236734405,-15.60795533483045],[31.56305036150647,-15.607660970703336],[31.58130093738865,-15.60942715546611],[31.596313507872367,-15.617080622771539],[31.604555703432055,-15.635331198653716],[31.61014862184754,-15.624145361822714],[31.61927390978863,-15.615903166263026],[31.628104833602578,-15.614431345627366],[31.631931567255293,-15.624734090076972],[31.629871018365378,-15.650638133264552],[31.63458084439947,-15.656819779934326],[31.649299050756074,-15.645339578976179],[31.66048488758707,-15.633565013890918],[31.668432719019624,-15.627383367221144],[31.678146735214963,-15.624145361822714],[31.83062735306916,-15.60560042181342],[31.85623703212963,-15.599124411016504],[31.885379080715662,-15.588232938312643],[31.900097287072242,-15.587349845931243],[31.913049308666046,-15.594120220855274],[31.934537889946654,-15.616197530390137],[31.946606819159058,-15.61972989991574],[31.97898687314353,-15.5879385741855],[32.004007823949735,-15.597652590380848],[32.03050059539157,-15.617374986898682],[32.05699336683341,-15.627677731348287],[32.07053411668147,-15.62561718245837],[32.07877631224116,-15.620612992297112],[32.09437761097914,-15.604422965304876],[32.105857811937284,-15.596769497999446],[32.117632377022545,-15.593531492601016],[32.174444653558965,-15.591470943711073],[32.275705913292256,-15.56851054179481],[32.2854199294876,-15.564389444014978],[32.31367888569225,-15.536424851937452],[32.32427599426899,-15.52936011288631],[32.336639287608506,-15.523178466216535],[32.35194622221937,-15.517879911928164],[32.349885673329425,-15.523767194470794],[32.347530760312395,-15.533186846539023],[32.34429275491394,-15.539074129081653],[32.38403191207672,-15.551731786548316],[32.39580647716198,-15.553203607183976],[32.40964159113716,-15.55025996591266],[32.42730343876505,-15.536424851937452],[32.441138552740256,-15.532303754157626],[32.447025835282886,-15.533775574793282],[32.457034215605375,-15.543195226861485],[32.46174404163946,-15.545844504005686],[32.46998623719915,-15.545550139878543],[32.48176080228441,-15.54025158559017],[32.48853117720844,-15.539074129081653],[32.50030574229371,-15.54025158559017],[32.52650414960843,-15.548199417022742],[32.53680689405803,-15.553203607183976],[32.54416599723635,-15.541134677971572],[32.552113828668894,-15.54025158559017],[32.5606503883557,-15.543489590988628],[32.57095313280533,-15.542312134480083],[32.574191138203766,-15.539368493208768],[32.58361079027199,-15.527888292250651],[32.58508261090765,-15.52523901510645],[32.59303044234019,-15.527593928123506],[32.598034632501424,-15.532009390030481],[32.60127263789988,-15.536424851937452],[32.605688099806855,-15.539074129081653],[32.642483615698325,-15.545255775751398],[32.66279474047039,-15.543489590988628],[32.680750952225424,-15.532303754157626],[32.680750952225424,-15.55938525385375],[32.682517136988224,-15.564683808142092],[32.680750952225424,-15.569099270049064],[32.68045658809831,-15.572042911320409],[32.68722696302234,-15.573220367828924],[32.70430008239598,-15.572631639574666]]]}},{"type":"Feature","properties":{"name":"Roseires Reservoir","name_ar":"خزان الروصيرص","name_fr":"Barrage de Roseires","scalerank":7},"geometry":{"bbox":[34.3191816838403,11.295748428495614,34.77750662978431,11.79911108589076],"type":"Polygon","coordinates":[[[34.3294844282899,11.593939289279973],[34.3191816838403,11.622492609611754],[34.35215046607905,11.6322066258071],[34.345674455282165,11.654872663596251],[34.33507734670542,11.672240147097],[34.328012607654244,11.68990199472492],[34.3312506130527,11.7140398531497],[34.340964629248056,11.73493970617605],[34.35627156385888,11.7584888363466],[34.37422777561392,11.77850559699155],[34.393361443877495,11.789397069695411],[34.420148579446476,11.791751982712471],[34.443697709617,11.7985223576365],[34.46400883438909,11.79911108589076],[34.48255377439838,11.783215423025638],[34.488735421068164,11.759960656982258],[34.489324149322414,11.726697510616363],[34.48167068201698,11.702854016318696],[34.4622426496263,11.707563842352812],[34.45635536708367,11.717277858548158],[34.45223426930383,11.727580602997762],[34.4463469867612,11.732879157286135],[34.43486678580305,11.727874967124905],[34.43045132389608,11.717866586802415],[34.42809641087902,11.68725271758072],[34.42397531309919,11.676655609003973],[34.41720493817516,11.663703587410197],[34.42279785659065,11.65398957121485],[34.441048432472826,11.638388272476874],[34.45547227470226,11.60129839245829],[34.46165392137203,11.5912900121358],[34.48314250265264,11.574216892762168],[34.528768942358056,11.552728311481559],[34.54760824649449,11.529179181311008],[34.56262081697818,11.504452594631971],[34.58087139286036,11.485318926368393],[34.6509300551177,11.437043209518805],[34.67124117988979,11.416143356492455],[34.682427016720794,11.410256073949824],[34.69714522307737,11.405840612042851],[34.71039160879829,11.398775872991678],[34.715984527213806,11.385235123143644],[34.720988717375036,11.355798710430463],[34.73394073896881,11.33224958025994],[34.75366313548665,11.312821547869248],[34.77750662978431,11.296337156749871],[34.73659001611301,11.295748428495614],[34.70685923927272,11.323124292318852],[34.68183828846651,11.361097264718838],[34.65534551702467,11.392005498067647],[34.638861125905294,11.402013878390136],[34.585581218894475,11.42320809554363],[34.56615318650378,11.43498266062889],[34.55025752363866,11.450289595239724],[34.52082111092551,11.484435833986993],[34.50404235567899,11.496210399072282],[34.487852328686756,11.498565312089312],[34.47195666582164,11.497976583835054],[34.455177910575145,11.50180331748777],[34.439282247710025,11.51504970320869],[34.42721331849762,11.530945366073809],[34.41367256864956,11.544191751794727],[34.39365580800461,11.549784670210244],[34.360981389893,11.56361978418542],[34.3294844282899,11.593939289279973]]]}},{"type":"Feature","properties":{"name":"Bloemhof Dam","name_ar":"سد بلومهوف","name_fr":"Bloemhof Dam","scalerank":7},"geometry":{"bbox":[25.614834444556834,-27.848498833346667,26.094647971781455,-27.551191064943684],"type":"Polygon","coordinates":[[[26.09347051527294,-27.6071202490987],[26.094353607654345,-27.612418803387072],[26.094647971781455,-27.613301895768476],[26.09258742289154,-27.623310276090933],[26.089055053365968,-27.631258107523507],[26.08405086320471,-27.638028482447538],[26.077869216534964,-27.64391576499017],[26.072276298119448,-27.65451287356692],[26.07580866764502,-27.664226889762233],[26.083167770823337,-27.673057813576207],[26.087877596857425,-27.68159437326301],[26.08993814574734,-27.703082954543618],[26.086111412094652,-27.720744802171538],[26.07345375462799,-27.7325193672568],[26.050198988584583,-27.73664046503663],[26.0122260161846,-27.722805351061456],[25.99633035331948,-27.661283248490918],[25.961301022190813,-27.64744813451574],[25.94864336472415,-27.644210129117283],[25.926566055189284,-27.630080651014964],[25.90684365867145,-27.626842645616534],[25.89919019136602,-27.628314466252192],[25.89330290882339,-27.631552471650622],[25.886532533899356,-27.633907384667683],[25.876229789449752,-27.633613020540565],[25.864160860237348,-27.629197558633564],[25.856213028804802,-27.621838455455276],[25.849737018007914,-27.613596259895587],[25.842083550702483,-27.60653152084444],[25.82265551831179,-27.597406232903353],[25.802050029412584,-27.594462591632038],[25.781150176386234,-27.598289325284753],[25.76260523637694,-27.6097695262429],[25.750536307164538,-27.625959553235134],[25.75671795383431,-27.63479047704908],[25.770258703682345,-27.64391576499017],[25.780561448131976,-27.660988884363803],[25.716684432544383,-27.648919955151403],[25.704321139204865,-27.654807237694033],[25.711091514128896,-27.665404346270776],[25.744354660494764,-27.70161113390796],[25.749358850656023,-27.709558965340534],[25.759661595105626,-27.717212432645937],[25.774968529716464,-27.73575737265523],[25.788509279564522,-27.757245953935865],[25.794396562107153,-27.7743190733095],[25.800578208776926,-27.786682366649018],[25.815590779260646,-27.79698511109862],[25.835607539905595,-27.804049850149795],[25.855035572296288,-27.80522730665831],[25.8450271919738,-27.81199768158234],[25.823832974820334,-27.815530051107913],[25.814118958624988,-27.81935678476063],[25.81088095322653,-27.826715887938917],[25.801166937031184,-27.840845366041236],[25.791158556708695,-27.848498833346667],[25.78262199702189,-27.82612715968466],[25.7631939646312,-27.814941322853656],[25.75907286685137,-27.808759676183886],[25.757601046215683,-27.79845693173428],[25.753774312562996,-27.78697673077616],[25.749358850656023,-27.777262714580814],[25.745237752876168,-27.770786703783898],[25.711091514128896,-27.750475579011834],[25.69549021539092,-27.73664046503663],[25.686659291576973,-27.73193063900254],[25.67400163411031,-27.7298700901126],[25.648980683304103,-27.729575725985484],[25.630141379167696,-27.725748992332772],[25.618072449955296,-27.713680063120364],[25.614834444556834,-27.6889534764413],[25.62955265091341,-27.656279058329687],[25.661932704897907,-27.62654828148939],[25.69990567729789,-27.602410423064583],[25.793807833852895,-27.561493809393284],[25.852091931024972,-27.551191064943684],[25.859745398330375,-27.555606526850653],[25.86268903960169,-27.56590927130026],[25.86445522436449,-27.57768383638555],[25.868870686271464,-27.585926031945235],[25.880645251356725,-27.59122458623358],[25.89183108818773,-27.590047129725065],[25.903311289145876,-27.58680912432661],[25.917146403121052,-27.585926031945235],[25.93274770185903,-27.590341493852208],[25.955708103775322,-27.603587879573126],[26.000157086972195,-27.611830075132815],[26.01399220094737,-27.617128629421188],[26.019585119362887,-27.62389900434522],[26.018702026981487,-27.654807237694033],[26.022528760634202,-27.66746489516069],[26.03312586921095,-27.67541272659324],[26.051082080965983,-27.638028482447538],[26.053731358110156,-27.630375015142107],[26.05844118414427,-27.62389900434522],[26.080518493679136,-27.607414613225846],[26.087877596857425,-27.59976114592041],[26.09347051527294,-27.6071202490987]]]}},{"type":"Feature","properties":{"name":"Vaal Dam","name_ar":"سد فال","name_fr":"Vaal Dam","scalerank":7},"geometry":{"bbox":[28.093086030878368,-27.188240096190327,28.5210914717278,-26.812042741716056],"type":"Polygon","coordinates":[[[28.505490172989823,-26.973059919257082],[28.518442194583628,-26.990133038630717],[28.5210914717278,-27.000141418953206],[28.515498553312312,-27.005734337368693],[28.504018352354166,-26.99631468530049],[28.48694523298053,-26.975709196401283],[28.46751720058984,-26.976592288782655],[28.428955499935597,-27.00131887546172],[28.411293652307705,-26.99631468530049],[28.415414750087535,-26.988366853867944],[28.41570911421468,-26.97953593005397],[28.411293652307705,-26.972471191002825],[28.401285271985216,-26.96952754973151],[28.39333744055267,-26.965995180205937],[28.39068816340847,-26.958047348773363],[28.388921978645698,-26.94862769670516],[28.38391778848444,-26.94156295765399],[28.37155449514492,-26.938619316382674],[28.35977993005966,-26.94215168590827],[28.346533544338744,-26.948922060832302],[28.329166060837963,-26.95539807162919],[28.322984414168193,-26.946567147815244],[28.30473383828604,-26.92772784367881],[28.295019822090694,-26.92125183288192],[28.257635577944967,-26.909182903669517],[28.246449741113963,-26.900057615728432],[28.242917371588394,-26.90859417541526],[28.235558268410102,-26.91359836557649],[28.225255523960474,-26.915070186212148],[28.212303502366694,-26.914187093830748],[28.212303502366694,-26.92125183288192],[28.22937662174033,-26.932732033840043],[28.244094828096905,-26.96835009322297],[28.261756675724797,-26.978064109418312],[28.25704684969071,-26.982479571325314],[28.247332833495364,-26.9871893973594],[28.225844252214756,-26.991016131012117],[28.217013328400782,-26.994842864664836],[28.209654225222494,-27.00131887546172],[28.20523876331552,-27.009855435148552],[28.223489339197698,-27.011032891657067],[28.23614699666436,-27.020746907852413],[28.25704684969071,-27.047828407548536],[28.26793832239457,-27.04959459231131],[28.27618051795426,-27.036936934844647],[28.283539621132547,-27.019569451343898],[28.29119308843798,-27.006911793877237],[28.31798022400696,-26.99219358752063],[28.33829134877905,-26.996609049427633],[28.35300955513563,-27.015153989436925],[28.363312299585232,-27.04400167389582],[28.35977993005966,-27.059897336760944],[28.361840478949574,-27.068433896447743],[28.38009105483175,-27.07402681486326],[28.385978337374382,-27.078736640897347],[28.39068816340847,-27.083446466931466],[28.39392616880693,-27.085507015821378],[28.409821831672048,-27.08992247772835],[28.415414750087535,-27.099636493923697],[28.413942929451878,-27.109350510119043],[28.399519087222444,-27.11994761869579],[28.399519087222444,-27.134665825052366],[28.40481764151079,-27.161452960621347],[28.403934549129417,-27.17175570507095],[28.40157963611236,-27.178820444122124],[28.39392616880693,-27.183824634283354],[28.376853049433294,-27.188240096190327],[28.361840478949574,-27.152327672680286],[28.355070104025543,-27.12995599901828],[28.35977993005966,-27.119653254568647],[28.37803050594181,-27.113177243771762],[28.370082674509263,-27.09904776566944],[28.343295538940282,-27.078442276770232],[28.321806957659675,-27.048417135802794],[28.3165084033713,-27.050183320565594],[28.310326756701528,-27.10169704281364],[28.30120146876044,-27.106112504720613],[28.29560855034495,-27.097870309160925],[28.30120146876044,-27.085507015821378],[28.28295089287829,-27.073438086608974],[28.20200075791709,-27.04400167389582],[28.1911092852132,-27.061074793269455],[28.1808065407636,-27.068433896447743],[28.168148883296936,-27.061663521523712],[28.16314469313571,-27.04959459231131],[28.161967236627163,-27.036936934844647],[28.157846138847333,-27.0272229186493],[28.14430538899927,-27.023690549123728],[28.16520524202562,-26.986011940850887],[28.170798160441137,-26.982479571325314],[28.196407839501575,-26.978358473545455],[28.20523876331552,-26.975709196401283],[28.215835871892267,-26.95863607702765],[28.204650035061267,-26.9453896913067],[28.181395269017855,-26.937147495747013],[28.15725741059308,-26.934203854475697],[28.160789780118648,-26.92537293066175],[28.16697142678842,-26.91860255573772],[28.17521362234811,-26.915070186212148],[28.18522200267057,-26.914187093830748],[28.173153073458167,-26.90035197985557],[28.15666868233879,-26.902118164618344],[28.1407730194737,-26.911537816686575],[28.1304702750241,-26.92125183288192],[28.113985883904718,-26.951276973849332],[28.106332416599287,-26.953926250993533],[28.096324036276798,-26.934203854475697],[28.093086030878368,-26.91359836557649],[28.097207128658198,-26.897408338584256],[28.106038052472144,-26.884750681117595],[28.13164773153261,-26.859729730311386],[28.139889927092298,-26.848543893480382],[28.14342229661787,-26.834708779505206],[28.14430538899927,-26.812042741716056],[28.16667706266128,-26.82587785569126],[28.18110090489074,-26.8438340674463],[28.198762752518633,-26.887105594134653],[28.215835871892267,-26.88033521921062],[28.231731534757387,-26.876508485557906],[28.27058759953877,-26.873859208413705],[28.280007251606975,-26.88033521921062],[28.31297603384573,-26.908005447160974],[28.33240406623642,-26.914187093830748],[28.402168364366617,-26.910360360178032],[28.418652755485994,-26.914187093830748],[28.423068217392967,-26.927139115424552],[28.419535847867394,-26.944800963052444],[28.418947119613108,-26.96275717480748],[28.43160477707977,-26.975709196401283],[28.444556798673574,-26.955103707502047],[28.46928338535264,-26.943917870671044],[28.492243787268904,-26.94686151194236],[28.500485982828597,-26.96952754973151],[28.505490172989823,-26.973059919257082]]]}},{"type":"Feature","properties":{"name":"Lac de Kossou","name_ar":"بحيرة كوسو","name_fr":"Kossou","scalerank":7},"geometry":{"bbox":[-5.839149995970587,6.93798189043838,-5.302229828082403,8.109256752295295],"type":"Polygon","coordinates":[[[-5.3449126265165035,7.430747439256778],[-5.318419855074638,7.437812178307951],[-5.302229828082403,7.43604599354515],[-5.310913569832792,7.410436314484685],[-5.316948034438981,7.404549031942053],[-5.341085892863788,7.387475912568419],[-5.348739360169219,7.383649178915705],[-5.361544199699438,7.379233717008732],[-5.366989936051368,7.36922533668627],[-5.370963851767642,7.357745135728123],[-5.3792060473273295,7.3489142119141775],[-5.393629889556792,7.34744239127852],[-5.4117332833753835,7.3489142119141775],[-5.42733458211336,7.345970570642862],[-5.433810592910277,7.331841092540544],[-5.438373236880807,7.3159454296754225],[-5.446468250376938,7.30152158744599],[-5.449853437838954,7.289158294106442],[-5.440580967834279,7.280033006165383],[-5.4254212152870025,7.279149913783982],[-5.409819916549026,7.2841541039452125],[-5.395101710192449,7.290924478869243],[-5.367431482242068,7.2985779461746745],[-5.359483650809523,7.29798921792039],[-5.3627216562079525,7.290924478869243],[-5.375820859865314,7.277972457275439],[-5.382885598916488,7.274734451877009],[-5.3928939792389485,7.27385135949561],[-5.390980612412619,7.269141533461493],[-5.388625699395561,7.25795569663049],[-5.386565150505618,7.253245870596374],[-5.400253082417265,7.253245870596374],[-5.395543256383149,7.242943126146771],[-5.3928939792389485,7.239116392494054],[-5.407317821468411,7.232640381697167],[-5.42144729957073,7.233229109951424],[-5.433221864655991,7.2402938490025965],[-5.440580967834279,7.253245870596374],[-5.446468250376938,7.240882577256855],[-5.456035084508699,7.238233300112683],[-5.466485011021888,7.2379389359855395],[-5.474874388645134,7.232934745824308],[-5.475904663090091,7.222337637247564],[-5.467368103403288,7.200260327712697],[-5.4716363832466755,7.188191398500295],[-5.479142668488549,7.1772999257964045],[-5.477082119598606,7.172884463889432],[-5.4716363832466755,7.1678802737282],[-5.468545559911803,7.154045159753025],[-5.4630998235598724,7.153456431498739],[-5.451030894347468,7.16022680642277],[-5.4391091471986215,7.160815534677056],[-5.433810592910277,7.143448051176279],[-5.427628946240503,7.143448051176279],[-5.4261571256048455,7.154928252134397],[-5.420417025125772,7.163170447694086],[-5.411586101311826,7.168469001982459],[-5.400253082417265,7.170823914999516],[-5.40275517749788,7.16199299118557],[-5.403932634006395,7.16022680642277],[-5.407170639404853,7.15698880102434],[-5.400841810671523,7.146980420701851],[-5.399811536226565,7.136972040379391],[-5.404226998133538,7.128435480692559],[-5.413941014328884,7.122842562277072],[-5.413941014328884,7.116072187353041],[-5.405698818769196,7.111656725446068],[-5.396573530828107,7.110184904810382],[-5.387448242887018,7.111656725446068],[-5.3792060473273295,7.116072187353041],[-5.389214427649819,7.0916399648010895],[-5.404815726387795,7.0916399648010895],[-5.4213001175071724,7.100765252742179],[-5.433810592910277,7.102531437504979],[-5.440139421643607,7.0872245028941165],[-5.430866951638961,7.071917568283283],[-5.412763557820341,7.063086644469337],[-5.3928939792389485,7.067796470503424],[-5.390980612412619,7.061026095579393],[-5.389067245586261,7.059259910816622],[-5.389067245586261,7.058671182562364],[-5.3928939792389485,7.054550084782505],[-5.386565150505618,7.047190981604217],[-5.3792060473273295,7.054550084782505],[-5.383327145107188,7.040126242553072],[-5.379353229390915,7.02982349810344],[-5.368461756687026,7.02658549270501],[-5.351977365567649,7.033650231756155],[-5.356098463347507,7.023641851433695],[-5.3593364687459655,6.9927336180848565],[-5.357128737792465,6.993616710466256],[-5.35241891175835,6.9930279822119985],[-5.347856267787819,6.990673069194941],[-5.345648536834318,6.98566887903371],[-5.347267539533561,6.979487232363937],[-5.351094273186277,6.979487232363937],[-5.355656917156807,6.980959052999594],[-5.3593364687459655,6.978898504109679],[-5.359778014936637,6.974777406329821],[-5.358453376364565,6.962414112990302],[-5.3593364687459655,6.959176107591844],[-5.363457566525796,6.958293015210444],[-5.369050484941283,6.958587379337587],[-5.372877218593999,6.960942292354645],[-5.3724356724032996,6.965357754261618],[-5.378175772882372,6.960942292354645],[-5.3843574195521455,6.9577042869561865],[-5.388036971141304,6.951522640286413],[-5.386565150505618,6.93798189043838],[-5.395837620510292,6.940042439328295],[-5.401136174798637,6.940631167582552],[-5.413941014328884,6.93798189043838],[-5.413941014328884,6.9721281291856485],[-5.428953584812604,6.96300284124456],[-5.433810592910277,6.959176107591844],[-5.427628946240503,6.9721281291856485],[-5.433810592910277,6.978898504109679],[-5.441611242279265,6.977132319346879],[-5.445732340059095,6.977721047601136],[-5.447645706885453,6.982725237762395],[-5.448087253076153,6.9927336180848565],[-5.455004810063741,6.9927336180848565],[-5.4555935383179985,6.9850801507794245],[-5.457065358953656,6.980959052999594],[-5.4591259078436,6.977426683474022],[-5.461186456733515,6.9721281291856485],[-5.485765861348995,7.013044742856948],[-5.494449603099384,7.016871476509664],[-5.501661524214114,7.025996764450724],[-5.506960078502488,7.037182601281729],[-5.50960935564666,7.047190981604217],[-5.524033197876122,7.043069883824387],[-5.5391929504233985,7.044836068587159],[-5.548023874237344,7.051312079384076],[-5.5436084123303715,7.06073173145228],[-5.5528808823350175,7.064852829232109],[-5.558768164877648,7.0642641009778515],[-5.564949811547422,7.062203552087937],[-5.574811009806325,7.06073173145228],[-5.5833475694931565,7.064558465104994],[-5.584083479810971,7.072800660664683],[-5.582758841238899,7.081925948605743],[-5.584672208065257,7.088107595275517],[-5.598948868231133,7.091934328928232],[-5.625000093482271,7.086635774639859],[-5.636627476503975,7.091934328928232],[-5.646047128572207,7.093111785436747],[-5.653111867623352,7.0807484920972295],[-5.662089973500883,7.070445747647625],[-5.6775440901752745,7.078393579080171],[-5.681665187955133,7.085458318131344],[-5.683137008590791,7.097232883216606],[-5.688435562879164,7.102531437504979],[-5.697560850820253,7.105180714649152],[-5.704478407807842,7.102531437504979],[-5.708452323524114,7.09841033972512],[-5.708893869714814,7.095761062580948],[-5.71993252448226,7.105769442903409],[-5.719638160355117,7.115777823225898],[-5.695500301930309,7.15610570864294],[-5.69049611176908,7.169940822618116],[-5.691967932404737,7.176416833415034],[-5.721993073372175,7.155516980388683],[-5.7309711792496785,7.156694436897197],[-5.734650730838837,7.1678802737282],[-5.735533823220238,7.188191398500295],[-5.739802103063624,7.207619430890985],[-5.7498104833861134,7.2085025232723865],[-5.761437866407817,7.207325066763844],[-5.770268790221763,7.2190996318491045],[-5.756875222437259,7.220865816611906],[-5.744806293224883,7.225870006773135],[-5.72184589130859,7.239116392494054],[-5.7361225514744945,7.245592403290971],[-5.749663301322556,7.245298039163828],[-5.76129068434426,7.24382621852817],[-5.770268790221763,7.246475495672371],[-5.775125798319436,7.255012055359175],[-5.776891983082237,7.267080984571578],[-5.776450436891537,7.2941624842677015],[-5.7985277464264025,7.265903528063035],[-5.811626950083763,7.254128962977774],[-5.817514232626394,7.263548615046006],[-5.818986053262051,7.285037196326613],[-5.823401515169024,7.300344130937447],[-5.839149995970587,7.32830872301497],[-5.815895229927179,7.322127076345197],[-5.803090390396932,7.320655255709539],[-5.797644654045001,7.324776353489368],[-5.794701012773686,7.337139646828916],[-5.788225001976798,7.339200195718832],[-5.776450436891537,7.335079097939001],[-5.768649787522548,7.333607277303344],[-5.762468140852775,7.3300749077777425],[-5.758199861009359,7.3315467284134],[-5.756728040373702,7.345676206515719],[-5.760113227835717,7.350680396676978],[-5.777480711336494,7.3677535160506125],[-5.783956722133382,7.376290075737416],[-5.761585048471375,7.388359004949819],[-5.762320958789218,7.402194118925024],[-5.765117417996947,7.416912325281601],[-5.74907457306827,7.430747439256778],[-5.760554774026417,7.435457265290894],[-5.7707103364124634,7.433102352273835],[-5.778805349908595,7.426331977349805],[-5.783956722133382,7.417795417663],[-5.78542854276904,7.424860156714147],[-5.786900363404698,7.4278037979854625],[-5.790727097057413,7.430747439256778],[-5.762762504979918,7.479317520233508],[-5.763792779424875,7.484027346267625],[-5.776450436891537,7.4996286450056004],[-5.772034974984564,7.500511737387002],[-5.771151882603164,7.501394829768373],[-5.771446246730278,7.503161014531173],[-5.770268790221763,7.507282112311032],[-5.753784399102386,7.4996286450056004],[-5.7453950214791405,7.50787084056529],[-5.7433344725892255,7.520822862159065],[-5.745836567669841,7.527593237083096],[-5.757905496882245,7.533774883752869],[-5.767030784823305,7.547904361855189],[-5.7707103364124634,7.561739475830365],[-5.766442056569048,7.567921122500138],[-5.757169586564402,7.563800024720309],[-5.732442999885336,7.547904361855189],[-5.72184589130859,7.5476099977280455],[-5.71640015495666,7.556735285669135],[-5.719785342418675,7.567921122500138],[-5.720962798927218,7.577340774568342],[-5.708893869714814,7.581756236475344],[-5.713309331621787,7.5873491548908305],[-5.714339606066744,7.592942073306347],[-5.711837510986129,7.598829355848977],[-5.705361500189241,7.605894094900122],[-5.702565040981483,7.612370105697011],[-5.709924144159771,7.613841926332668],[-5.719196614164417,7.612075741569896],[-5.72184589130859,7.608837736171437],[-5.731854271631079,7.617668659985383],[-5.73906619274581,7.626499583799357],[-5.74274574433494,7.638274148884618],[-5.742304198144268,7.65740781714817],[-5.735533823220238,7.65740781714817],[-5.732884546076036,7.6488712574613364],[-5.728027537978363,7.64239524666445],[-5.721109980990775,7.638274148884618],[-5.712279057176829,7.636802328248961],[-5.702565040981483,7.640334697774534],[-5.702417858917926,7.6479881650799655],[-5.7063917746341986,7.655052904131111],[-5.708893869714814,7.65740781714817],[-5.713014967494644,7.666533105089258],[-5.719638160355117,7.677130213666004],[-5.720962798927218,7.686549865734207],[-5.708893869714814,7.6915540558954385],[-5.708893869714814,7.698913159073727],[-5.714486788130301,7.705094805743499],[-5.712573421303944,7.70921590352333],[-5.708893869714814,7.713631365430332],[-5.708893869714814,7.719518647972962],[-5.715517062575259,7.7312932130582235],[-5.71993252448226,7.735414310838053],[-5.72184589130859,7.729527028295422],[-5.7265557173427055,7.726583387024107],[-5.736711279728752,7.729527028295422],[-5.746130931796955,7.738652316236512],[-5.74907457306827,7.754253614974488],[-5.739360556872924,7.748071968304714],[-5.729057812423321,7.7460114194148],[-5.71860788591016,7.748071968304714],[-5.708893869714814,7.754253614974488],[-5.733178910203179,7.7675000006954065],[-5.7518710322760285,7.7895773102303],[-5.754078763229529,7.805767337222534],[-5.729352176550464,7.801351875315561],[-5.720962798927218,7.792815315628729],[-5.713309331621787,7.78045202228921],[-5.703448133362883,7.769854913712465],[-5.688435562879164,7.767205636568292],[-5.679457457001633,7.774270375619438],[-5.684314465099305,7.786044940704699],[-5.701976312727226,7.807533521985334],[-5.695353119866752,7.808710978493849],[-5.680929277637291,7.814892625163623],[-5.695647483993895,7.820779907706253],[-5.701976312727226,7.821957364214767],[-5.694470027485352,7.838441755334145],[-5.699621399710168,7.846389586766691],[-5.711984693049687,7.8513937769279485],[-5.725525442897748,7.859341608360495],[-5.733326092266736,7.870233081064357],[-5.734945094965952,7.882302010276761],[-5.729352176550464,7.911149694735656],[-5.72184589130859,7.911149694735656],[-5.714781152257444,7.907322961082969],[-5.709776962096214,7.905262412193025],[-5.701976312727226,7.903790591557367],[-5.712720603367529,7.882890738531017],[-5.713162149558229,7.875825999479872],[-5.704625589871398,7.879358369005446],[-5.688435562879164,7.88995547758219],[-5.680929277637291,7.88995547758219],[-5.675336359221802,7.865817619157384],[-5.670332169060572,7.8531599616907215],[-5.66047097080164,7.8422684889868615],[-5.639865481902433,7.862873977886069],[-5.648254859525679,7.885245651548076],[-5.643397851428006,7.906145504574424],[-5.625588821736557,7.938525558558923],[-5.6227923625287985,7.940291743321693],[-5.618376900621826,7.939703015067438],[-5.614402984905553,7.94088047157598],[-5.612636800142752,7.948533938881383],[-5.614697349032667,7.9511832160255835],[-5.618524082685383,7.954715585551157],[-5.621173359829584,7.959425411585271],[-5.619407175066783,7.96590142238216],[-5.608074156172222,7.976792895086022],[-5.596741137277633,7.982385813501537],[-5.588057395527272,7.989156188425568],[-5.57731310488694,8.02860098146121],[-5.561123077894706,8.044791008453444],[-5.544933050902472,8.057154301792963],[-5.537426765660599,8.071872508149568],[-5.538604222169141,8.09630473070149],[-5.535660580897826,8.105724382769694],[-5.526535292956737,8.109256752295295],[-5.4997481573877565,8.107784931659637],[-5.4860602254761375,8.103663833879779],[-5.474874388645134,8.09542163832009],[-5.478406758170706,8.093361089430175],[-5.481497581505607,8.092183632921632],[-5.483263766268379,8.089239991650317],[-5.482233491823422,8.082469616726314],[-5.5018087062776715,8.083647073234829],[-5.512847361045118,8.07363869291234],[-5.520353646286964,8.062158491954222],[-5.523297287558279,8.051561383377475],[-5.528448659783096,8.045085372580589],[-5.538457040105584,8.036548812893756],[-5.5443443226482145,8.024185519554237],[-5.537426765660599,8.00681803605346],[-5.548906966618745,7.999458932875171],[-5.552439336144317,7.992982922078284],[-5.55052596931796,7.969139427780618],[-5.553322428525718,7.956187406186815],[-5.560239985513306,7.949417031262783],[-5.569365273454395,7.944707205228666],[-5.578490561395483,7.938525558558923],[-5.564949811547422,7.932049547762006],[-5.553469610589275,7.933227004270549],[-5.544197140584629,7.940291743321693],[-5.537426765660599,7.952066308406984],[-5.530214844545895,7.946473389991468],[-5.524033197876122,7.939703015067438],[-5.519029007714892,7.932638276016292],[-5.515791002316433,7.924984808710861],[-5.523002923431164,7.924396080456603],[-5.52771274946528,7.92233553156666],[-5.5319810293086675,7.919686254422487],[-5.537426765660599,7.917331341405429],[-5.534483124389283,7.911738422989942],[-5.53006766248231,7.897608944887622],[-5.559356893131934,7.907322961082969],[-5.572897642979968,7.908500417591483],[-5.578490561395483,7.900552586158938],[-5.577018740759826,7.871116173445756],[-5.580845474412541,7.860224700741894],[-5.592178493307102,7.855809238834921],[-5.589970762353602,7.8513937769279485],[-5.586879939018729,7.839913575969803],[-5.584672208065257,7.83549811406283],[-5.597477047595476,7.832554472791514],[-5.60998752299858,7.82637282612174],[-5.620143085384598,7.817836266434938],[-5.625588821736557,7.807533521985334],[-5.617052262049725,7.806650429603935],[-5.611312161570652,7.804001152459734],[-5.598948868231133,7.7951702286457865],[-5.617935354431126,7.786044940704699],[-5.628974009198573,7.773092919110923],[-5.626619096181514,7.762495810534177],[-5.605719243155164,7.760435261644261],[-5.611017797443537,7.754842343228746],[-5.616316351731911,7.744539598779142],[-5.619407175066783,7.739829772745026],[-5.605424879028022,7.740712865126426],[-5.595563680769118,7.745717055287656],[-5.578490561395483,7.760435261644261],[-5.584377843938114,7.775742196255096],[-5.582022930921056,7.7883998537217565],[-5.572603278852853,7.794287136264387],[-5.558032254559834,7.7883998537217565],[-5.495921423735042,7.8287277391388],[-5.505782621993944,7.807827886112449],[-5.536985219469926,7.776625288636495],[-5.5436084123303715,7.750426881321773],[-5.551703425826503,7.728938300041165],[-5.580992656476099,7.6797794908101755],[-5.578490561395483,7.663589463817942],[-5.578490561395483,7.65740781714817],[-5.593061585688503,7.658290909529569],[-5.606160789345864,7.655052904131111],[-5.615727623477625,7.646810708571423],[-5.619407175066783,7.633564322850504],[-5.618229718558268,7.62738267618073],[-5.612636800142752,7.608837736171437],[-5.614844531096253,7.60324481775595],[-5.623675454910199,7.590292796162146],[-5.625588821736557,7.589115339653632],[-5.618082536494683,7.55555782916062],[-5.602334055693149,7.553497280270676],[-5.5812870206032414,7.565566209483081],[-5.558032254559834,7.575280225678426],[-5.56097589583115,7.560856383448994],[-5.575105373933468,7.540839622804014],[-5.578490561395483,7.531125606608697],[-5.571131458217195,7.511991938345119],[-5.572014550598596,7.501394829768373],[-5.584672208065257,7.493446998335826],[-5.586585574891615,7.50286665040403],[-5.5898235802900444,7.506987748183889],[-5.593797496006317,7.5058102916753455],[-5.598948868231133,7.4996286450056004],[-5.605719243155164,7.4996286450056004],[-5.610134705062137,7.5058102916753455],[-5.614697349032667,7.511108845963718],[-5.6199959033210405,7.5161130361249775],[-5.625588821736557,7.5202341339048075],[-5.633095106978402,7.5202341339048075],[-5.637657750948932,7.502277922149772],[-5.647518949207865,7.501983558022659],[-5.659293514293125,7.508753932946689],[-5.670332169060572,7.513463758980777],[-5.686227831925663,7.505515927548231],[-5.693145388913251,7.487559715793196],[-5.691379204150479,7.467248591021104],[-5.680929277637291,7.452530384664527],[-5.688288380815607,7.446643102121897],[-5.693881299231094,7.440461455452123],[-5.69814957907451,7.433396716400978],[-5.701976312727226,7.424565792587032],[-5.69770803288381,7.422799607824231],[-5.684608829226448,7.419561602425773],[-5.680929277637291,7.417795417663],[-5.679163092874518,7.417501053535859],[-5.665622343026456,7.405432124323454],[-5.666652617471414,7.40425466781494],[-5.663120247945841,7.401311026543625],[-5.66002942461094,7.396895564636652],[-5.65546678064041,7.392480102729679],[-5.6473717671442785,7.389830825585476],[-5.619407175066783,7.410436314484685],[-5.627060642372214,7.3742295268475],[-5.634861291741203,7.3633380541436395],[-5.653553413814052,7.36922533668627],[-5.658851968102425,7.358333863982382],[-5.661206881119483,7.347148027151377],[-5.658116057784611,7.338905831591718],[-5.6473717671442785,7.335079097939001],[-5.650756954606294,7.330958000159143],[-5.652670321432652,7.327425630633571],[-5.655172416513267,7.324187625235113],[-5.66047097080164,7.320949619836682],[-5.65178722905128,7.31064687538705],[-5.63957111777529,7.306820141734362],[-5.625588821736557,7.30829196237002],[-5.612636800142752,7.314767973166909],[-5.612636800142752,7.253245870596374],[-5.61543325935051,7.246769859799485],[-5.621173359829584,7.241765669638254],[-5.6251472755458565,7.236172751222739],[-5.622497998401656,7.229402376298708],[-5.613814256651267,7.2235150937560775],[-5.604394604583064,7.22204327312042],[-5.59453340632416,7.2214545448661625],[-5.584672208065257,7.2190996318491045],[-5.578784925522598,7.2126236210522165],[-5.573927917424953,7.203792697238271],[-5.568776545200137,7.1981997788227545],[-5.561417442021849,7.201732148348355],[-5.559945621386191,7.207619430890985],[-5.558032254559834,7.232934745824308],[-5.556707615987733,7.231757289315766],[-5.554205520907118,7.234112202332825],[-5.551703425826503,7.238233300112683],[-5.55052596931796,7.242648762019655],[-5.55273370027146,7.248830408689401],[-5.557737890432691,7.251479685833601],[-5.562594898530364,7.253540234723517],[-5.564802629483864,7.257072604249089],[-5.568482181072995,7.258544424884747],[-5.585996846637329,7.268552805207236],[-5.592178493307102,7.27385135949561],[-5.584083479810971,7.281799190928154],[-5.579668017903998,7.290924478869243],[-5.577901833141226,7.301815951573104],[-5.578490561395483,7.314767973166909],[-5.5689237272636944,7.300344130937447],[-5.551997789953617,7.294456848394816],[-5.532569757562953,7.2950455766490725],[-5.515791002316433,7.301227223318847],[-5.531686665181553,7.335079097939001],[-5.550673151381545,7.357450771601009],[-5.556560433924176,7.368636608432014],[-5.558915346941234,7.381588630025789],[-5.558032254559834,7.397189928763765],[-5.537279583597041,7.368047880177727],[-5.53006766248231,7.362454961762239],[-5.5134360892993755,7.355978950965351],[-5.508579081201702,7.357745135728123],[-5.50960935564666,7.376290075737416],[-5.513583271362961,7.376290075737416],[-5.520500828350549,7.381294265898674],[-5.524474744066822,7.386887184314161],[-5.519470553905592,7.389830825585476],[-5.517851551206348,7.391891374475392],[-5.502691798659072,7.40425466781494],[-5.507843170883888,7.413968684010285],[-5.514907909935033,7.4180897817901155],[-5.537426765660599,7.424565792587032],[-5.547435145983087,7.420739058934315],[-5.547876692173787,7.431630531638177],[-5.5464048715381296,7.448998015138954],[-5.55052596931796,7.465482406258332],[-5.539928860741242,7.475785150707935],[-5.52682965708388,7.497273731988543],[-5.515791002316433,7.507282112311032],[-5.5154966381892905,7.479906248487766],[-5.513877635490076,7.468131683402503],[-5.50960935564666,7.458712031334302],[-5.502691798659072,7.458712031334302],[-5.4973932443706985,7.475196422453679],[-5.495921423735042,7.483732982140481],[-5.495921423735042,7.493446998335826],[-5.48915104881101,7.493446998335826],[-5.480614489124207,7.473135873563734],[-5.476787755471491,7.453413477045927],[-5.470753290865275,7.4487036510118125],[-5.436312687990892,7.501689193895516],[-5.433810592910277,7.510225753582347],[-5.4370485983087065,7.523472139303266],[-5.451619622601726,7.549376182490847],[-5.455004810063741,7.564388752974565],[-5.450589348156768,7.574985861551312],[-5.440286603707165,7.576163318059826],[-5.428806402749018,7.572336584407111],[-5.420711389252915,7.567921122500138],[-5.412616375756784,7.5620338399575076],[-5.406140364959896,7.554969100906363],[-5.40187208511648,7.544960720583874],[-5.400253082417265,7.531125606608697],[-5.4049629084513535,7.482555525631967],[-5.399517172099422,7.462833129114131],[-5.3792060473273295,7.458712031334302],[-5.3792060473273295,7.452530384664527],[-5.403785451942838,7.440755819579266],[-5.423066302269945,7.419267238298658],[-5.432485954338176,7.393657559238193],[-5.427628946240503,7.36922533668627],[-5.420564207189329,7.376290075737416],[-5.3928939792389485,7.397189928763765],[-5.381708142407973,7.4027828471792825],[-5.3724356724032996,7.405726488450598],[-5.366695571924254,7.412791227501742],[-5.366254025733554,7.430747439256778],[-5.3449126265165035,7.430747439256778]]]}},{"type":"Feature","properties":{"name":"Lac de Buyo","name_ar":"بحيرة بويو","name_fr":"Lac de Buyo","scalerank":7},"geometry":{"bbox":[-7.497008759976125,6.2315079853223665,-6.9073974133314096,7.042186791442987],"type":"Polygon","coordinates":[[[-6.929327540802717,6.517041188640093],[-6.9347732771546475,6.512920090860234],[-6.93506764128179,6.504972259427689],[-6.928002902230617,6.4908427813253695],[-6.928444448421317,6.484955498782739],[-6.932565546201147,6.482306221638538],[-6.973629341936032,6.473180933697449],[-6.986286999402694,6.46817674353622],[-6.99732565417014,6.458168363213758],[-6.978191985906562,6.440800879712981],[-6.9802525347964774,6.427848858119177],[-6.9909968254368104,6.415485564779658],[-6.99732565417014,6.400472994295939],[-6.99688410797944,6.3675042120571845],[-6.998503110678656,6.352491641573465],[-7.003507300839885,6.341600168869604],[-7.034562716252282,6.335418522199831],[-7.037947903714297,6.331003060292858],[-7.0392725422863975,6.321289044097512],[-7.038095085777854,6.311575027902165],[-7.028675433709651,6.298917370435504],[-7.032796531489481,6.280372430426212],[-7.044571096574771,6.252702202475831],[-7.056934389914289,6.26182749041692],[-7.071946960398009,6.263004946925463],[-7.109478386607294,6.2588838491456045],[-7.114335394704966,6.255940207874289],[-7.118456492484797,6.250052925331659],[-7.123166318518912,6.246226191678944],[-7.139650709638289,6.254174023111489],[-7.14553799218092,6.250641653585917],[-7.148040087261536,6.24181072977197],[-7.147598541070835,6.2315079853223665],[-7.153927369804166,6.23680653961074],[-7.167026573461526,6.250052925331659],[-7.171147671241386,6.252702202475831],[-7.1820391439452465,6.250641653585917],[-7.193960891094093,6.24181072977197],[-7.202055904590197,6.239161452627798],[-7.217215657137474,6.237100903737854],[-7.215743836501816,6.276545696773496],[-7.213536105548343,6.285376620587471],[-7.208384733323526,6.294207544401417],[-7.202055904590197,6.286848441223128],[-7.197934806810365,6.300977919325447],[-7.205293909988655,6.30451028885102],[-7.218098749518873,6.30451028885102],[-7.230020496667721,6.307453930122335],[-7.238115510163822,6.318051038699082],[-7.243561246515783,6.329825603784343],[-7.250773167630484,6.3357128863269745],[-7.263725189224289,6.327765054894428],[-7.271820202720421,6.332180516801401],[-7.279326487962266,6.33865652759829],[-7.283594767805682,6.34542690252232],[-7.2809454906614794,6.352491641573465],[-7.273880751610335,6.362794386023097],[-7.280209580343666,6.3654436631672695],[-7.290512324793269,6.363971842531612],[-7.2950749687637995,6.362500021895954],[-7.3094988109932615,6.36720984793007],[-7.324069835286281,6.378690048888189],[-7.335550036244427,6.393996983499051],[-7.3399654981513995,6.410481374618428],[-7.359687894669207,6.4072433692199695],[-7.366899815783938,6.419312298432374],[-7.370726549436655,6.435207961297465],[-7.380293383568443,6.444627613365697],[-7.398985505641293,6.441095243840124],[-7.421798725494,6.43403050478895],[-7.441079575821107,6.43491359717035],[-7.449174589317239,6.4549303578153],[-7.451235138207152,6.469059835917619],[-7.456680874559084,6.4699429282990195],[-7.464187159800958,6.466999287027704],[-7.472870901551347,6.468765471790476],[-7.4771391813947625,6.478185123858708],[-7.473018083614904,6.488487868308312],[-7.4663948907544295,6.499084976885058],[-7.462862521228856,6.509682085461777],[-7.464923070118772,6.533231215632328],[-7.471104716788545,6.548832514370304],[-7.481701825365293,6.559135258819907],[-7.497008759976125,6.567377454379596],[-7.497008759976125,6.575030921685027],[-7.458888605512584,6.566788726125338],[-7.438871844867635,6.533819943886584],[-7.425478277083131,6.495552607359457],[-7.407669247391682,6.4720034771889345],[-7.40001578008625,6.469059835917619],[-7.39457004373432,6.46817674353622],[-7.388829943255247,6.469354200044762],[-7.366605451656796,6.47671330322305],[-7.361159715304865,6.480540036875766],[-7.357627345779293,6.486132955291254],[-7.349532332283161,6.4958469714866],[-7.3399654981513995,6.499673705139315],[-7.334814125926584,6.491725873706771],[-7.332900759100227,6.479068216240108],[-7.332459212909527,6.468765471790476],[-7.330545846083169,6.465821830519161],[-7.325688837985496,6.464938738137789],[-7.315238911472335,6.465527466392047],[-7.310676267501775,6.462289460993588],[-7.3122952702010195,6.4549303578153],[-7.316122003853736,6.447865618764126],[-7.31818255274365,6.444627613365697],[-7.306996715912647,6.431086863517635],[-7.263578007160731,6.411953195254085],[-7.2537168089018,6.410481374618428],[-7.237232417782451,6.416368657161058],[-7.227224037459963,6.41813484192383],[-7.222661393489433,6.4137193800168575],[-7.224427578252205,6.378984413015331],[-7.222661393489433,6.368976032692842],[-7.219717752218117,6.3589676523703815],[-7.217215657137474,6.354257826336267],[-7.2123586490398,6.351608549192093],[-7.202055904590197,6.3489592720478925],[-7.198229170937481,6.350725456810693],[-7.193813709030508,6.356024011099066],[-7.188367972678577,6.3613225653874395],[-7.181744779818131,6.362500021895954],[-7.179978595055332,6.360145108878897],[-7.174532858703401,6.3510198209378075],[-7.171147671241386,6.3489592720478925],[-7.172030763622786,6.339833984106804],[-7.166879391397969,6.322466500606055],[-7.1526027312320934,6.311280663775052],[-7.12640432391737,6.320994679970397],[-7.120664223438297,6.3295312396572],[-7.106093199145278,6.368976032692842],[-7.106681927399535,6.377806956506788],[-7.111686117560794,6.393408255244793],[-7.1128635740693085,6.400472994295939],[-7.110655843115808,6.4051828203300545],[-7.106093199145278,6.408420825728484],[-7.101383373111162,6.412541923508343],[-7.099028460094133,6.420489754940888],[-7.0971150932677745,6.43815160256878],[-7.090491900407301,6.452575444798242],[-7.079011699449154,6.4619950968664455],[-7.061644215948405,6.465527466392047],[-7.059583667058462,6.458757091468016],[-7.061791398011962,6.443155792730039],[-7.06149703388482,6.426671401610663],[-7.051930199753059,6.417251749542459],[-7.057228754041432,6.402533543185854],[-7.05825902848639,6.385754787939362],[-7.052666110070874,6.376040771744016],[-7.038389449904997,6.382516782540904],[-7.0300000722817515,6.39723498889748],[-7.0313247108538235,6.4131306517626],[-7.036328901015082,6.42902631462772],[-7.038389449904997,6.444627613365697],[-7.035592990697239,6.452869808925385],[-7.026173338629036,6.4619950968664455],[-7.023965607675535,6.468765471790476],[-7.02646770275615,6.477890759731565],[-7.0320606211716665,6.477890759731565],[-7.038830996095697,6.476124574968793],[-7.044571096574771,6.478773852112965],[-7.047661919909643,6.4784794879858225],[-7.056345661660032,6.483189314019938],[-7.061791398011962,6.489370960689712],[-7.0550210230879316,6.492314601961027],[-7.039566906413512,6.492020237833884],[-7.035004262442982,6.489959688943969],[-7.030883164663123,6.484955498782739],[-7.011896678463132,6.499084976885058],[-7.017931143069347,6.5138031832416345],[-7.035592990697239,6.524400291818381],[-7.051930199753059,6.527049568962553],[-7.07960042770344,6.512920090860234],[-7.0879898053266865,6.513508819114492],[-7.079306063576297,6.533231215632328],[-7.051341471498802,6.549421242624561],[-7.0464844634011286,6.5576634381842505],[-7.0717997783344515,6.561195807709822],[-7.084015889610413,6.558252166438507],[-7.091669356915816,6.552953612150134],[-7.09961718834839,6.550009970878818],[-7.1128635740693085,6.554425432785791],[-7.119192402802639,6.5600183512013075],[-7.123755046773169,6.568260546760996],[-7.12640432391737,6.578268927083457],[-7.12640432391737,6.588571671533089],[-7.109478386607294,6.579446383592],[-7.0891672618352,6.5744421934307695],[-7.072241324525123,6.577091470574942],[-7.0650294034104215,6.591515312804404],[-7.06238012626622,6.603289877889665],[-7.055609751342189,6.6062335191609804],[-7.0469260095918,6.606527883288123],[-7.038389449904997,6.609177160432296],[-7.033679623870881,6.609765888686553],[-7.021610694658477,6.607999703923781],[-7.017195232751504,6.609177160432296],[-7.016164958306547,6.613003894085011],[-7.01690086862439,6.619185540754785],[-7.019550145768562,6.623601002661758],[-7.023965607675535,6.622717910280358],[-7.019255781641448,6.630077013458646],[-7.0176367789422045,6.636847388382677],[-7.013368499098789,6.641557214416764],[-7.000416477505013,6.64302903505245],[-6.9954122873437825,6.646855768705137],[-7.000710841632127,6.655097964264826],[-7.013810045289489,6.667461257604373],[-7.010719221954616,6.670404898875688],[-7.010130493700359,6.695425849681868],[-7.0111607681453165,6.707494778894272],[-7.01557623005229,6.7213298928694485],[-7.017195232751504,6.731927001446195],[-7.0018882981406705,6.7272171754121075],[-6.99732565417014,6.725156626522164],[-7.014987501798032,6.769605609719065],[-7.017195232751504,6.783440723694241],[-7.02102196640422,6.794626560525245],[-7.030294436408866,6.8005138430678755],[-7.0416274553034555,6.805223669101991],[-7.051930199753059,6.814348957043081],[-7.047661919909643,6.825534793874084],[-7.072241324525123,6.854088114205837],[-7.079306063576297,6.872633054215129],[-7.075184965796467,6.888234352953106],[-7.059142120867791,6.907073657089541],[-7.05825902848639,6.924146776463175],[-7.078422971194898,6.952700096794957],[-7.087106712945285,6.971539400931391],[-7.0823968869111695,6.989201248559283],[-7.06238012626622,7.025996764450724],[-7.050458379117401,7.042186791442987],[-7.038389449904997,7.041009334934444],[-7.0392725422863975,7.018932025399579],[-7.0501640149902585,6.978898504109679],[-7.051930199753059,6.959176107591844],[-7.049428104672444,6.94799027076084],[-7.045012642765472,6.940631167582552],[-7.0405971808584695,6.935332613294179],[-7.038389449904997,6.93121151551435],[-7.03824226784144,6.919731314556202],[-7.044571096574771,6.890294901843049],[-7.041774637367013,6.86439085865544],[-7.032354985298809,6.85526557071438],[-7.018814235450748,6.8511444729345214],[-7.003507300839885,6.841724820866319],[-6.99644256178874,6.824651701492684],[-6.9926158281360244,6.805812397356249],[-6.983932086385636,6.7963927452880455],[-6.962590687168586,6.808167310373307],[-6.95508440192674,6.794037832270988],[-6.965681510503487,6.776964712897353],[-6.964504053994944,6.7610690500322335],[-6.958616771452313,6.743407202404342],[-6.95508440192674,6.721624256996591],[-6.957733679070913,6.714265153818303],[-6.9621491409778855,6.705728594131473],[-6.964062507804243,6.696603306190411],[-6.958911135579456,6.687772382376437],[-6.947578116684866,6.682768192215208],[-6.936392279853862,6.681296371579549],[-6.926972627785659,6.676880909672576],[-6.920938163179471,6.663634523951657],[-6.950963304146882,6.64302903505245],[-6.968183605584102,6.60446733439818],[-6.966858967012001,6.572970372795112],[-6.942132380332936,6.575030921685027],[-6.947283752557752,6.5556028892943345],[-6.9419851982693785,6.549126878497447],[-6.931535271756189,6.546771965480389],[-6.9159339730182126,6.5370579492850425],[-6.91151851111124,6.537941041666443],[-6.908427687776367,6.536174856903643],[-6.9073974133314096,6.527049568962553],[-6.929327540802717,6.517041188640093]]]}},{"type":"Feature","properties":{"name":"Vanderkloof Dam","name_ar":"سد فاندركلوف","name_fr":"Barrage de Vanderkloof","scalerank":8},"geometry":{"bbox":[24.724971688237787,-30.265522681224812,24.978124837571045,-29.966448728059024],"type":"Polygon","coordinates":[[[24.968116457248556,-30.221368062155054],[24.97576992455399,-30.24373973581706],[24.978124837571045,-30.265522681224812],[24.97017700613847,-30.26140158344498],[24.96399535946873,-30.25934103455504],[24.956930620417552,-30.25816357804652],[24.94692224009509,-30.257869213919378],[24.944567327078033,-30.25492557264806],[24.937502588026863,-30.24050173041863],[24.93338149024703,-30.234908812003113],[24.920723832780368,-30.221662426282197],[24.91336472960208,-30.21783569262948],[24.90571126229665,-30.221073698027936],[24.899529615626875,-30.226372252316313],[24.89158178419433,-30.2310820783504],[24.8848114092703,-30.23049335009614],[24.881867767998983,-30.221073698027936],[24.881279039744726,-30.197818931984532],[24.877157941964867,-30.169559975779887],[24.865972105133864,-30.151603764024852],[24.844189159726113,-30.159257231330287],[24.82770476860677,-30.167499426889975],[24.82888222511528,-30.148365758626397],[24.835358235912167,-30.1186349817861],[24.834180779403653,-30.094202759234182],[24.822700578445506,-30.080073281131863],[24.813575290504446,-30.07977891700472],[24.802683817800556,-30.08507747129309],[24.786493790808326,-30.087432384310148],[24.773541769214518,-30.083016922403175],[24.76471084540057,-30.074774726843486],[24.75205318793391,-30.05328614556288],[24.770892492070345,-30.05151996080008],[24.786493790808326,-30.04062848809622],[24.79532471462227,-30.0238497328497],[24.793558529859467,-30.00471606458615],[24.78148960064709,-29.99146967886523],[24.762355932383514,-29.985288032195456],[24.741750443484307,-29.982050026797026],[24.724971688237787,-29.97734020076291],[24.758234834603684,-29.966448728059024],[24.788554339698237,-29.97410219536445],[24.813280926377303,-29.991175314738086],[24.83064840987808,-30.008542798238867],[24.858613001955575,-30.081545101767517],[24.86950447465944,-30.09538021574269],[24.890993055940072,-30.117457525277587],[24.8933479689571,-30.121284258930302],[24.89658597435556,-30.125110992582986],[24.90247325689819,-30.128348997981448],[24.893936697211387,-30.151898128152],[24.90070707213542,-30.173975437686867],[24.917780191509053,-30.19045982880624],[24.94015186517106,-30.19723020373027],[24.95604752803615,-30.204000578654306],[24.968116457248556,-30.221368062155054]]]}},{"type":"Feature","properties":{"name":"Gariep Dam","name_ar":"سد غريب","name_fr":"Gariepdam","scalerank":8},"geometry":{"bbox":[25.505625353391,-30.72296453478742,25.971898130767556,-30.52544620548207],"type":"Polygon","coordinates":[[[25.945994087579976,-30.548406607398334],[25.95305882663112,-30.545757330254162],[25.971898130767556,-30.545462966127015],[25.951881370122607,-30.57195573756888],[25.935691343130344,-30.574016286458804],[25.919206952010995,-30.565479726771972],[25.900073283747417,-30.55959244422934],[25.90272256089162,-30.604335791553353],[25.896540914221845,-30.627296193469622],[25.876229789449752,-30.621703275054127],[25.852091931024972,-30.659381883326976],[25.84090609419397,-30.664386073488235],[25.817945692277675,-30.651728416021566],[25.803816214175356,-30.659381883326976],[25.79910638814127,-30.669390263649458],[25.797045839251354,-30.693233757947123],[25.794396562107153,-30.703536502396734],[25.784388181784692,-30.72031525764325],[25.781150176386234,-30.719432165261846],[25.77732344273352,-30.71030687732076],[25.766431970029657,-30.703536502396734],[25.75495176907151,-30.702064681761073],[25.741116655096334,-30.701770317633954],[25.729636454138188,-30.707068871922306],[25.724926628104072,-30.72149271415177],[25.719333709688584,-30.72296453478742],[25.680772009034342,-30.717960344626196],[25.63543993345604,-30.722375806533165],[25.608947162014204,-30.720903985897507],[25.595112048039027,-30.71030687732076],[25.61012461852272,-30.70736323604945],[25.638972302981642,-30.69352812207427],[25.66134397664365,-30.68852393191301],[25.659872156007992,-30.68381410587892],[25.65221868870256,-30.679104279844807],[25.642799036634358,-30.677043730954892],[25.624842824879323,-30.678221187463407],[25.616600629319635,-30.680281736353322],[25.60865279788706,-30.68381410587892],[25.60865279788706,-30.639070758554908],[25.60629788487003,-30.629945470613823],[25.599821874073115,-30.62817928585102],[25.59099095025917,-30.629356742359562],[25.568030548342904,-30.6278849217239],[25.53417867372275,-30.631417291249477],[25.51916610323906,-30.62847364997816],[25.512395728315028,-30.62494128045259],[25.50827463053517,-30.621114546799873],[25.506214081645254,-30.614638536002957],[25.505625353391,-30.604630155680496],[25.508863358789426,-30.593444318849492],[25.516222461967715,-30.591678134086695],[25.52505338578169,-30.593738682976635],[25.532412488959977,-30.594327411230896],[25.55360670611344,-30.590206313451034],[25.56096580929173,-30.585790851544065],[25.557139075639043,-30.57725429185726],[25.550663064842126,-30.567540275661912],[25.553017977859188,-30.559886808356477],[25.560671445164616,-30.555176982322365],[25.57067982548708,-30.553410797559593],[25.581571298190966,-30.55606007470377],[25.586575488352196,-30.56165299311928],[25.58951912962351,-30.568717732170427],[25.595112048039027,-30.574016286458804],[25.602471151217316,-30.576665563602972],[25.61100771090412,-30.57902047662003],[25.625725917260695,-30.58078666138283],[25.633968112820384,-30.578431748365773],[25.643093400761472,-30.569306460424684],[25.64956941155836,-30.566951547407626],[25.651629960448304,-30.561064264864996],[25.654279237592476,-30.559298080102224],[25.659872156007992,-30.563419177882054],[25.662227069025022,-30.567540275661912],[25.663698889660708,-30.573427558204543],[25.663404525533565,-30.578431748365773],[25.659872156007992,-30.58078666138283],[25.64633140615993,-30.586968308052604],[25.632496292184726,-30.601392150282035],[25.627492102023496,-30.61552162838436],[25.6395610312359,-30.621703275054127],[25.663698889660708,-30.62346945981693],[25.6787114601444,-30.630239834740966],[25.688425476339745,-30.642897492207624],[25.697550764280834,-30.663208616979684],[25.70549859571338,-30.657615698564197],[25.711091514128896,-30.655555149674285],[25.716978796671526,-30.657615698564197],[25.724926628104072,-30.663208616979684],[25.727575905248276,-30.657910062691315],[25.730225182392445,-30.655849513801403],[25.733757551918018,-30.65408332903863],[25.73905610620639,-30.649079138877365],[25.753774312562996,-30.660264975708373],[25.767903790665315,-30.63818766617351],[25.77820653511492,-30.602863970917696],[25.780561448131976,-30.574016286458804],[25.789392371945922,-30.580492297255688],[25.803816214175356,-30.595504867739404],[25.814118958624988,-30.601392150282035],[25.81176404560793,-30.607868161078954],[25.809409132590872,-30.62199763918127],[25.80734858370096,-30.62847364997816],[25.813530230370706,-30.627001829342504],[25.831192077998622,-30.62082018267273],[25.834724447524195,-30.618465269655673],[25.83678499641411,-30.60904561758747],[25.84178918657534,-30.608751253460326],[25.84855956149937,-30.61081180235027],[25.855035572296288,-30.608162525206073],[25.86268903960169,-30.595504867739404],[25.86268903960169,-30.586085215671208],[25.848853925626518,-30.55959244422934],[25.874169240559837,-30.538103862948734],[25.89124235993347,-30.52750675437198],[25.91037602819702,-30.52544620548207],[25.917440767248195,-30.530744759770442],[25.938340620274545,-30.553410797559593],[25.945994087579976,-30.548406607398334]]]}},{"type":"Feature","properties":{"name":"Lake Turkana","name_ar":"بحيرة توركانا","name_fr":"Turkana","scalerank":3},"geometry":{"bbox":[35.83339075380562,2.3944715881610534,36.7097127602766,4.66401900834623],"type":"Polygon","coordinates":[[[36.6976438310642,2.7694914861268103],[36.7097127602766,2.7303410572182827],[36.68792981486885,2.7153284867345633],[36.69116782026731,2.6835371610043524],[36.699998744081256,2.6461529168586253],[36.69617201042854,2.6143615911284144],[36.69617201042854,2.6205432377981595],[36.69381709741148,2.5451860212524764],[36.708240939640945,2.5083905053610067],[36.702353657098314,2.486313195826142],[36.69087345614017,2.467179527562564],[36.63582736436655,2.4088954303905155],[36.627879532933974,2.404479968483514],[36.62169788626423,2.4033025119749993],[36.59726566371231,2.406834881500572],[36.593733294186706,2.4083067021362297],[36.5816643649743,2.407423609754858],[36.571950348778984,2.4050686967378],[36.56459124560067,2.4009475989579414],[36.55811523480378,2.3944715881610534],[36.531916827489056,2.4227305443656917],[36.52573518081931,2.464235886291249],[36.526029544946425,2.5104510542509217],[36.51778734938674,2.5516620320493644],[36.49453258334333,2.5914011892121493],[36.47687073571544,2.6117123139842136],[36.443313225222425,2.6305516181206485],[36.436542850298395,2.654395112418314],[36.43683721442554,2.723570682294252],[36.43595412204414,2.7303410572182827],[36.43124429601002,2.7412325299221436],[36.41770354616199,2.763898567711294],[36.41034444298367,2.791274431534532],[36.40033606266121,2.8133517410694253],[36.380613666143375,2.846320523308151],[36.35765326422711,2.866337283953129],[36.30260717245349,2.902544071590313],[36.26139619465505,2.9384564951003824],[36.257863825129476,2.9425775928802125],[36.25138781433259,2.9726027338476513],[36.24726671655273,2.980550565280197],[36.23961324924733,2.9820223859158546],[36.22312885812796,2.967304179559278],[36.21312047780546,2.963183081779448],[36.20281773335586,2.9658323589236204],[36.18957134763494,2.979373108771682],[36.18221224445665,2.983494206551512],[36.14188435903961,2.9823167500429975],[36.126577424428746,2.9876153043313707],[36.120690141886115,3.0079264291034633],[36.14806600570935,3.1165467920150434],[36.14806600570935,3.1280269929731617],[36.14482800031092,3.1398015580584513],[36.13599707649698,3.160701411084773],[36.13452525586132,3.1721816120429196],[36.136585804751235,3.1821899923654087],[36.14571109269232,3.202501117137473],[36.14806600570935,3.2130982257142193],[36.14276745142101,3.21986860063825],[36.13040415808146,3.21986860063825],[36.10626629965668,3.2163362311126775],[36.07241442503653,3.2304657092149967],[36.064760957731096,3.2351755352491125],[36.05946240344272,3.2395909971560855],[36.052986392645835,3.2428290025545152],[36.04150619168769,3.244300823190173],[36.02825980596677,3.2525430187498614],[35.99646848023656,3.305822925760708],[35.97674608371872,3.31936367560877],[35.959378600217974,3.32760587116843],[35.947898399259834,3.3393804362537196],[35.94318857322571,3.3641070229327568],[35.94318857322571,3.5289509341264993],[35.93995056782728,3.54072549921176],[35.93288582877611,3.5501451512799918],[35.92582108972496,3.552205700169907],[35.922583084326504,3.5424916839745606],[35.92552672559782,3.532188939524957],[35.93671256242882,3.508051081100149],[35.93582947004742,3.4974539725234024],[35.91816762241954,3.4812639455311682],[35.90786487796993,3.4956877877606303],[35.9028606878087,3.522474923329611],[35.901683231300154,3.5424916839745606],[35.89609031288467,3.5613309881109956],[35.88284392716372,3.575166102086172],[35.86694826429863,3.586940667171433],[35.85311315032342,3.600481417019495],[35.84133858523816,3.63021219385979],[35.83427384618702,3.6734837205481483],[35.83339075380562,3.719698888507821],[35.84016112872965,3.7582605891620626],[35.844870954763735,3.7670915129760374],[35.856645519849025,3.7823984475868717],[35.86047225350171,3.7924068279093603],[35.860766617628855,3.805064485376022],[35.85311315032342,3.837150175233376],[35.853996242704824,3.9590169238658746],[35.86459335128157,3.9913969778503713],[35.91963944305519,4.105904623304582],[35.922583084326504,4.117973552516986],[35.915223981148216,4.422934788225376],[35.91816762241954,4.437064266327695],[35.92699854623348,4.465028858405219],[35.93200273639471,4.504179287313718],[35.94613221449703,4.551571911781934],[35.949370219895485,4.576887226715257],[35.95555186656526,4.593960346088892],[35.970270072921835,4.6172151121323],[35.98822628467687,4.635171323887306],[36.004121947542,4.635171323887306],[36.007948681194705,4.623396758802045],[36.007065588813305,4.5910167048175765],[36.013835963737336,4.576887226715257],[36.02325561580554,4.565995754011368],[36.02943726247531,4.553926824798964],[36.03267526787374,4.540386074950931],[36.032086539619485,4.525373504467211],[36.037973822162115,4.525373504467211],[36.05416384915435,4.547450814002076],[36.05828494693421,4.56040283559588],[36.03856255041637,4.572766128935399],[36.030320354856684,4.587189971164861],[36.02502180056834,4.603379998157095],[36.0247274364412,4.614860199115242],[36.04327237645049,4.636643144522964],[36.07447497392644,4.6434135194469945],[36.106560663783796,4.637820601031507],[36.12687178855589,4.621630574039273],[36.127460516810146,4.630461497853219],[36.122456326648916,4.657542997549314],[36.12363378315743,4.66313591596483],[36.154836380633384,4.66401900834623],[36.167494038100045,4.6601922746935145],[36.17544186953262,4.649006437862511],[36.18662770636362,4.624574215310588],[36.18545024985508,4.616037655623757],[36.168377130481446,4.614860199115242],[36.19810790732174,4.5471564498749615],[36.203112097483,4.515659488271866],[36.195752994304684,4.478275244126138],[36.20723319526283,4.462379581261018],[36.20841065177135,4.4426571847432115],[36.2004628203388,4.387022364715335],[36.191043168270596,4.367005604070357],[36.18898261938068,4.358174680256411],[36.188393891126395,4.339335376120005],[36.211059928915546,4.301362403719992],[36.21488666256826,4.285761104982015],[36.216064119076776,4.26191761068435],[36.214297934314004,4.2419008500394],[36.21488666256826,4.229831920826996],[36.22312885812796,4.214819350343305],[36.22136267336515,4.210109524309189],[36.21812466796669,4.205399698275073],[36.216064119076776,4.1998067798595855],[36.219302124475234,4.193036404935555],[36.226072499399265,4.188620943028582],[36.23313723845041,4.1853829376301235],[36.236963972103126,4.182733660485951],[36.24167379813724,4.165660541112317],[36.24461743940856,4.145055052213081],[36.24285125464576,4.123566470932474],[36.22489504289072,4.087948411549547],[36.216064119076776,4.032019227394528],[36.198402271448884,3.9793280486379667],[36.192514988906254,3.9704971248240213],[36.181623516202364,3.96196056513719],[36.18545024985508,3.942826896873641],[36.21900776034809,3.8798329736674475],[36.22312885812796,3.8680584085821863],[36.22989923305198,3.831851620945003],[36.23372596670467,3.8233150612581706],[36.239318885120184,3.8156615939527403],[36.24255689051864,3.808891219028709],[36.2440287111543,3.800649023469049],[36.244323075281415,3.7888744583837592],[36.246972352425615,3.7794548063155564],[36.2534483632225,3.7741562520271827],[36.26051310227368,3.770329518374467],[36.26463420005351,3.765030964086094],[36.26581165656202,3.753550763127976],[36.26404547179925,3.7432480186783716],[36.24638362417136,3.6943835735744988],[36.2404963416287,3.68614137801481],[36.23578651559461,3.683786464997752],[36.23078232543335,3.68290337261638],[36.21959648860235,3.683197736743495],[36.216652847331034,3.68113718785358],[36.21547539082252,3.670540079276833],[36.21312047780546,3.665830253242717],[36.21135429304269,3.6587655141915723],[36.20635010288143,3.5401367709575027],[36.216064119076776,3.4565373588521027],[36.22283449400081,3.434754413444381],[36.2404963416287,3.393837799773081],[36.244323075281415,3.3708773978567876],[36.23814142861167,3.3461508111777505],[36.22666122765352,3.3340818819653464],[36.22254012987369,3.3220129527529423],[36.236963972103126,3.2987581867095344],[36.274642580375996,3.2634344914537508],[36.29171569974963,3.243123366681658],[36.298780438800776,3.220162964765393],[36.29936916705503,3.2089771279343893],[36.30142971594498,3.1989687476119006],[36.30672827023335,3.191904008560755],[36.326156302624014,3.1866054542723816],[36.33145485691239,3.180423807602608],[36.340580144853476,3.161584503466173],[36.37590384010929,3.1230228028119313],[36.380613666143375,3.110070781218127],[36.38179112265192,3.0997680367685234],[36.38826713344881,3.076218906598001],[36.38679531281315,3.0414839395964464],[36.38826713344881,3.032064287528243],[36.400630426788325,3.0105757062476357],[36.5322111916162,2.9016609792089127],[36.574599625923156,2.8945962401577674],[36.65790467390141,2.8987173379375974],[36.68910727137737,2.8810554903097056],[36.69941001582697,2.8504416210880095],[36.6976438310642,2.7694914861268103]]]}},{"type":"Feature","properties":{"name":"Lake Abaya","name_ar":"بحيرة أبايا","name_fr":"Abaya","scalerank":5},"geometry":{"bbox":[37.68082001568396,5.999843417269744,38.15003643433184,6.6221291820261],"type":"Polygon","coordinates":[[[37.9999107294947,6.616536263610584],[38.00579801203733,6.618008084246242],[38.011096566325705,6.6221291820261],[38.024342952046624,6.5850393020074875],[38.05554554952258,6.561195807709822],[38.07438485365901,6.554719796912935],[38.09175233715979,6.55942962294705],[38.11029727716908,6.586805486770288],[38.138850597500834,6.594458954075719],[38.15003643433184,6.550304335005961],[38.13620132035666,6.511153906097462],[38.10853109240628,6.487016047672654],[38.122366206381486,6.44992616765407],[38.10676490764351,6.4511036241625845],[38.09440161430396,6.44992616765407],[38.09145797303265,6.4302037711362345],[38.08321577747296,6.400178630168797],[38.036117517131885,6.3704478533285],[38.00726983267299,6.3151073974277665],[38.00550364791019,6.285376620587471],[38.002854370766016,6.255645843747146],[37.97253486567146,6.230919257068109],[37.93868299105131,6.216495414838647],[37.92543660533039,6.19588992593944],[37.914250768499386,6.1752844370402045],[37.88451999165909,6.144964931945651],[37.86273704625134,6.109935600816982],[37.85920467672577,6.078438639213886],[37.85007938878468,6.049885318882133],[37.83653863893662,6.059010606823193],[37.83330063353819,6.089035747790632],[37.82005424781724,6.071079536035597],[37.813872601147494,6.044292400466617],[37.78531928081571,6.034284020144156],[37.7499955855599,6.022215090931752],[37.73998720523744,6.008968705210833],[37.72791827602504,5.999843417269744],[37.71673243919403,6.005436335685232],[37.70554660236303,6.011029254100748],[37.685235477590936,6.010146161719348],[37.68082001568396,6.026630552838725],[37.69318330902351,6.058716242696079],[37.694360765532025,6.094039937951862],[37.70731278712583,6.117000339868156],[37.73203937380487,6.130541089716189],[37.74410830301728,6.13731146464022],[37.75558850397542,6.144376203691394],[37.75764905286533,6.157622589412313],[37.76736306906068,6.167630969734802],[37.80415858495215,6.177933714184405],[37.82770771512267,6.20001102371927],[37.82770771512267,6.194418105303782],[37.82770771512267,6.188825186888266],[37.849785024657535,6.183526632599893],[37.84448647036919,6.144376203691394],[37.875689067845144,6.198539203083612],[37.87774961673506,6.261238762162662],[37.896588920871494,6.275662604392124],[37.883342535150554,6.305687745359535],[37.886580540549005,6.345721266649463],[37.873334154828086,6.381928054286647],[37.85420048656451,6.447276890509869],[37.87215669831954,6.511153906097462],[37.906597301193955,6.515569368004435],[37.936033713907136,6.552659248023019],[37.94986882788231,6.573264736922227],[37.96399830598463,6.593281497567176],[37.98077706123115,6.6059391550338376],[37.9999107294947,6.616536263610584]]]}},{"type":"Feature","properties":{"name":"Lake Assal","name_ar":"بحيرة عسل","name_fr":"Assal","scalerank":5},"geometry":{"bbox":[42.38446440312092,11.624553158501671,42.44893014696274,11.711096211878385],"type":"Polygon","coordinates":[[[42.42214301139376,11.711096211878385],[42.44893014696274,11.674595060114058],[42.43892176664028,11.655461391850508],[42.411251538689896,11.624553158501671],[42.40006570185889,11.650162837562135],[42.38446440312092,11.69225690774195],[42.42214301139376,11.711096211878385]]]}},{"type":"Feature","properties":{"name":"Chew Bahir","name_ar":"تشيو باهير","name_fr":"Chew Bahir","scalerank":7},"geometry":{"bbox":[36.71766059170915,4.476214695236223,37.00142761026408,4.891268114491879],"type":"Polygon","coordinates":[[[36.98376576263618,4.886852652584906],[36.98376576263618,4.886852652584906],[36.99141922994161,4.869485169084129],[37.00142761026408,4.8064912458779645],[36.99200795819587,4.711117268687303],[36.98435449089044,4.674027388668691],[36.97758411596641,4.656071176913656],[36.96845882802532,4.639586785794307],[36.93284076864239,4.600730721012924],[36.92518730133696,4.589839248309033],[36.91400146450596,4.569822487664084],[36.9048761765649,4.561285927977281],[36.88132704639435,4.552749368290449],[36.823631677476556,4.5492169987648765],[36.79655017778043,4.541563531459445],[36.78065451491531,4.532438243518357],[36.768291221575794,4.522429863195896],[36.758282841253305,4.510360933983492],[36.74062099362541,4.478863972380395],[36.732378798065724,4.476214695236223],[36.725902787268836,4.484751254923026],[36.72060423298046,4.502413102550946],[36.71766059170915,4.523018591450153],[36.71942677647195,4.539208618442387],[36.73708862409984,4.590722340690434],[36.74768573267659,4.656659905167942],[36.75386737934633,4.676087937558634],[36.790074166983544,4.763219719189607],[36.79301780825486,4.784708300470214],[36.7924290800006,4.809140523022137],[36.79419526476338,4.820915088107398],[36.80008254730601,4.830923468429887],[36.810090927628494,4.825036185887257],[36.82834150351064,4.80943488714928],[36.872201758453286,4.783236479834557],[36.88103268226723,4.780292838563241],[36.896339616878066,4.788829398250044],[36.905464904819155,4.805313789369421],[36.91282400799744,4.823858729378713],[36.92312675244705,4.83857693573529],[36.93078021975248,4.842698033515149],[36.94814770325326,4.848879680184922],[36.9552124423044,4.85535569098181],[36.958156083575716,4.8653640713042705],[36.95845044770286,4.8756668157539025],[36.96080536071992,4.884792103694963],[36.96993064866098,4.891268114491879],[36.98376576263618,4.886852652584906]]]}},{"type":"Feature","properties":{"name":"Lake Chamo","name_ar":"بحيرة شامو","name_fr":"Chamo","scalerank":7},"geometry":{"bbox":[37.5471787019662,5.705479290138072,37.729390096660694,5.966580270903847],"type":"Polygon","coordinates":[[[37.69995368394754,5.955688798199986],[37.726446455389386,5.940676227716268],[37.729390096660694,5.905646896587598],[37.72350281411806,5.854133174339553],[37.71496625443123,5.806740549871365],[37.70495787410877,5.7840745120822135],[37.683469292828164,5.777892865412468],[37.660214526784756,5.767001392708579],[37.63784285312275,5.746984632063629],[37.59692623945145,5.717548219350476],[37.55542089752589,5.705479290138072],[37.557187082288664,5.726673507291537],[37.556598354034406,5.74875081682643],[37.54865052260186,5.767001392708579],[37.5471787019662,5.782013963192298],[37.563074364831294,5.817043294320968],[37.59457132643439,5.85560499497521],[37.59869242421422,5.864435918789184],[37.605757163265395,5.872089386094586],[37.60281352199408,5.879742853400018],[37.599869880722764,5.888868141341106],[37.60811207628245,5.894461059756594],[37.616648635969256,5.90005397817211],[37.6151768153336,5.910356722621714],[37.611055717553775,5.916538369291487],[37.63372175534289,5.932728396283721],[37.65844834202196,5.93596640168218],[37.673460912505675,5.949507151530213],[37.68876784711654,5.966580270903847],[37.694360765532025,5.96098735248836],[37.69995368394754,5.955688798199986]]]}},{"type":"Feature","properties":{"name":"Lake Abbe","name_ar":"بحيرة آبي","name_fr":"Abbe","scalerank":7},"geometry":{"bbox":[41.68005104689482,11.079685159180968,41.88227920223429,11.288683689444442],"type":"Polygon","coordinates":[[[41.79838542600177,11.277497852613436],[41.865500446987795,11.22775031512819],[41.88227920223429,11.206556097974698],[41.87433137080174,11.171821130973171],[41.84224568094439,11.133848158573187],[41.77218701868705,11.079685159180968],[41.73068167676149,11.102056832842976],[41.69712416626848,11.139441076988675],[41.68005104689482,11.183006967804175],[41.68711578594599,11.224512309729732],[41.70271708468397,11.249238896408798],[41.720967660566146,11.271021841816548],[41.744222426609525,11.285740048173126],[41.773364475195564,11.288683689444442],[41.79838542600177,11.277497852613436]]]}},{"type":"Feature","properties":{"name":"Lake Eyasi","name_ar":"بحيرة إياسي","name_fr":"Eyasi","scalerank":7},"geometry":{"bbox":[34.733352010714555,-3.7927680000195205,35.33885902022442,-3.352693629957656],"type":"Polygon","coordinates":[[[34.75542932024945,-3.777755429535802],[34.76897007009748,-3.76421467968774],[34.777800993911455,-3.7471415603141054],[34.79222483614089,-3.7297740768133285],[34.80547122186181,-3.7112291368040364],[34.754251863740905,-3.723003701889297],[34.733352010714555,-3.6944503815575445],[34.746892760562616,-3.689740555523429],[34.761022238664935,-3.6888574631420283],[34.77250243962308,-3.675316713293966],[34.78339391232694,-3.661187235191647],[34.80576558598895,-3.6458803005808136],[34.81665705869281,-3.6167382519947746],[34.917329590171846,-3.623508626918806],[35.01064301847259,-3.584946926264564],[35.08305659374699,-3.5251910084568294],[35.155470169021385,-3.4610196287421218],[35.17578129379345,-3.4480676071483174],[35.19579805443843,-3.432171944283226],[35.20492334237949,-3.414510096655306],[35.214048630320576,-3.397142613154557],[35.258203249390334,-3.357403455991772],[35.302652232587214,-3.352693629957656],[35.325023906249214,-3.3994975261715865],[35.33885902022442,-3.4483619712754603],[35.313543705291096,-3.4798589328785567],[35.27233272749265,-3.4942827751079903],[35.269094722094195,-3.5063517043203944],[35.26114689066166,-3.5195980900413133],[35.2420132223981,-3.526662829092487],[35.22494010302444,-3.5360824811606903],[35.22376264651592,-3.572583632925017],[35.249961053830646,-3.5831807415017636],[35.22641192366012,-3.61467770310486],[35.194620597929884,-3.644408479945156],[35.17254328839502,-3.650590126614901],[35.15311525600433,-3.6582435939203317],[35.13751395726635,-3.679143446946682],[35.11926338138418,-3.6944503815575445],[35.075991854695815,-3.7018094847358323],[35.03330905626174,-3.713878413948237],[35.00858246958268,-3.716822055219552],[34.983267154649354,-3.716822055219552],[34.95765747558889,-3.726830435542013],[34.932342160655566,-3.738605000627274],[34.884655172060235,-3.756561212382309],[34.83902873235482,-3.777755429535802],[34.79987830344632,-3.7927680000195205],[34.75542932024945,-3.777755429535802]]]}},{"type":"Feature","properties":{"name":"Lake Natron","name_ar":"بحيرة النطرون","name_fr":"Natron","scalerank":7},"geometry":{"bbox":[35.92405490496216,-2.5832258016354785,36.11804086474194,-2.108416464572088],"type":"Polygon","coordinates":[[[36.00000084976213,-2.4943278352417053],[36.01501342024585,-2.519348786047914],[36.0359132732722,-2.494622199368848],[36.032086539619485,-2.453116857443291],[36.00000084976213,-2.422208624094452],[35.97821790435438,-2.353327418345657],[35.977923540227266,-2.2776758376728026],[35.96467715450635,-2.1976087950930037],[36.00559376817765,-2.1360866925224684],[36.013835963737336,-2.122251578547292],[36.02237252342414,-2.108416464572088],[36.03326399612803,-2.114598111241861],[36.0359132732722,-2.133437415378296],[36.069765147892355,-2.157575273803076],[36.10273393013108,-2.186128594134857],[36.11804086474194,-2.267078729096056],[36.09831846822411,-2.343024673896025],[36.08919318028302,-2.3624527062867173],[36.082422805359016,-2.383058195185953],[36.08330589774039,-2.4122002437719914],[36.08330589774039,-2.438987379340972],[36.07447497392644,-2.453116857443291],[36.06181731645978,-2.466068879037067],[36.054752577408635,-2.481964541902187],[36.055635669790036,-2.4999207536572214],[36.037679458035,-2.5381880901843488],[36.01648524088151,-2.5723343289316176],[35.98145590975284,-2.581753980999821],[35.94466039386137,-2.5832258016354785],[35.92405490496216,-2.556733030193641],[35.940244931954396,-2.5164051447765985],[35.96085042085363,-2.491972922224676],[36.00000084976213,-2.4943278352417053]]]}},{"type":"Feature","properties":{"name":"Great Bitter Lake","name_ar":"البحيرات المرة","name_fr":"lacs Amer","scalerank":8},"geometry":{"bbox":[32.296605766318606,30.17950154811933,32.573013681695244,30.42853359967273],"type":"Polygon","coordinates":[[[32.56006166010144,30.17950154811933],[32.550642008033236,30.19569157511157],[32.550642008033236,30.20010703701854],[32.547992730889035,30.203345042416995],[32.54357726898206,30.20952668908677],[32.53680689405803,30.203345042416995],[32.53680689405803,30.229837813858836],[32.53239143215106,30.230426542113122],[32.5309196115154,30.229249085604582],[32.52650414960843,30.23307581925729],[32.5206168670658,30.241318014816986],[32.51266903563325,30.249265846249532],[32.4917691826069,30.265455873241788],[32.487059356572786,30.26692769387745],[32.464687682910785,30.249265846249532],[32.461155313385206,30.243084199579783],[32.45762294385963,30.240729286562726],[32.447614563537144,30.244261656088298],[32.43731181908754,30.249560210376675],[32.413468324789875,30.271343155784418],[32.39816139017904,30.280174079598368],[32.361071510160436,30.291654280556486],[32.34429275491394,30.29871901960766],[32.33134073332013,30.309904856438664],[32.309852152039525,30.336103263753387],[32.296605766318606,30.346700372330133],[32.30602541838681,30.37437060028049],[32.31044088029378,30.3808466110774],[32.305731054259695,30.39968591521381],[32.3263365431589,30.41322666506187],[32.37225734699143,30.42853359967273],[32.38609246096664,30.422351953002956],[32.39315720001778,30.408516839027783],[32.432601993053424,30.362596035195228],[32.4379005473418,30.359063665669655],[32.44261037337591,30.354648203762675],[32.447614563537144,30.346700372330133],[32.44967511242706,30.336103263753387],[32.44879202004569,30.327566704066555],[32.44879202004569,30.319913236761156],[32.45409057433403,30.313142861837118],[32.4499694765542,30.302840117387493],[32.45968349274955,30.29194864468363],[32.475284791487525,30.282823356742544],[32.4891199054627,30.27781916658131],[32.52679851373558,30.27281497642008],[32.537984350566575,30.266633329750306],[32.550642008033236,30.25044330275807],[32.55270255692315,30.253092579902248],[32.55329128517741,30.254270036410787],[32.55417437755881,30.255447492919306],[32.55741238295727,30.257802405936363],[32.55947293184718,30.2545644005379],[32.55947293184718,30.253386944029383],[32.56006166010144,30.252503851647987],[32.5641827578813,30.25044330275807],[32.5641827578813,30.24573347672396],[32.562416573118504,30.244850384342552],[32.55947293184718,30.245439112596813],[32.55741238295727,30.244261656088298],[32.571541861059586,30.236608188782867],[32.5650658502627,30.23601946052861],[32.56359402962704,30.234547639892952],[32.5641827578813,30.229837813858836],[32.573013681695244,30.211881602103826],[32.56948131216967,30.190098656696083],[32.56006166010144,30.17950154811933]]]}}]}