{"type":"FeatureCollection","features":[{"type":"Feature","properties":{"name":"Bassar","name_ar":"باسار","name_ascii":"Bassar","featurecla":"Admin-1 capital","adm0":"Togo","adm0_a3":"TGO","scalerank":10,"pop_max":61845},"geometry":{"type":"Point","coordinates":[0.7890036,9.261000100000002]}},{"type":"Feature","properties":{"name":"Sotouboua","name_ar":"سوتاوبوا","name_ascii":"Sotouboua","featurecla":"Admin-1 capital","adm0":"Togo","adm0_a3":"TGO","scalerank":10,"pop_max":21054},"geometry":{"type":"Point","coordinates":[0.9849965,8.5570021]}},{"type":"Feature","properties":{"name":"Medenine","name_ar":"مدنين","name_ascii":"Medenine","featurecla":"Admin-1 capital","adm0":"Tunisia","adm0_a3":"TUN","scalerank":10,"pop_max":61705},"geometry":{"type":"Point","coordinates":[10.4166996,33.399999]}},{"type":"Feature","properties":{"name":"Kebili","name_ar":"قبلي","name_ascii":"Kebili","featurecla":"Admin-1 capital","adm0":"Tunisia","adm0_a3":"TUN","scalerank":10,"pop_max":19875},"geometry":{"type":"Point","coordinates":[8.9710025,33.689997]}},{"type":"Feature","properties":{"name":"Tataouine","name_ar":"تطاوين","name_ascii":"Tataouine","featurecla":"Admin-1 capital","adm0":"Tunisia","adm0_a3":"TUN","scalerank":10,"pop_max":62577},"geometry":{"type":"Point","coordinates":[10.4667036,33.0000032]}},{"type":"Feature","properties":{"name":"L'Ariana","name_ar":"أريانة","name_ascii":"L'Ariana","featurecla":"Admin-1 capital","adm0":"Tunisia","adm0_a3":"TUN","scalerank":10,"pop_max":97687},"geometry":{"type":"Point","coordinates":[10.1999975,36.86667320000001]}},{"type":"Feature","properties":{"name":"Jendouba","name_ar":"جندوبة","name_ascii":"Jendouba","featurecla":"Admin-1 capital","adm0":"Tunisia","adm0_a3":"TUN","scalerank":10,"pop_max":51408},"geometry":{"type":"Point","coordinates":[8.7499986,36.5000041]}},{"type":"Feature","properties":{"name":"Kasserine","name_ar":"القصرين","name_ascii":"Kasserine","featurecla":"Admin-1 capital","adm0":"Tunisia","adm0_a3":"TUN","scalerank":10,"pop_max":76243},"geometry":{"type":"Point","coordinates":[8.7166985,35.2167031]}},{"type":"Feature","properties":{"name":"Sdid Bouzid","name_ar":"سيدي بوزيد","name_ascii":"Sdid Bouzid","featurecla":"Admin-1 capital","adm0":"Tunisia","adm0_a3":"TUN","scalerank":10,"pop_max":42098},"geometry":{"type":"Point","coordinates":[9.5000045,35.0166961]}},{"type":"Feature","properties":{"name":"Siliana","name_ar":"سليانة","name_ascii":"Siliana","featurecla":"Admin-1 capital","adm0":"Tunisia","adm0_a3":"TUN","scalerank":10,"pop_max":26960},"geometry":{"type":"Point","coordinates":[9.3833016,36.0833041]}},{"type":"Feature","properties":{"name":"Mahdia","name_ar":"المهدية","name_ascii":"Mahdia","featurecla":"Admin-1 capital","adm0":"Tunisia","adm0_a3":"TUN","scalerank":10,"pop_max":45977},"geometry":{"type":"Point","coordinates":[11.0408766,35.483913]}},{"type":"Feature","properties":{"name":"Monastir","name_ar":"المنستير","name_ascii":"Monastir","featurecla":"Admin-1 capital","adm0":"Tunisia","adm0_a3":"TUN","scalerank":10,"pop_max":71546},"geometry":{"type":"Point","coordinates":[10.7672946,35.7307021]}},{"type":"Feature","properties":{"name":"Zaghouan","name_ar":"زغوان","name_ascii":"Zaghouan","featurecla":"Admin-1 capital","adm0":"Tunisia","adm0_a3":"TUN","scalerank":10,"pop_max":16911},"geometry":{"type":"Point","coordinates":[10.1469966,36.3999962]}},{"type":"Feature","properties":{"name":"Kalangala","name_ar":"كالانجالا","name_ascii":"Kalangala","featurecla":"Admin-1 capital","adm0":"Uganda","adm0_a3":"UGA","scalerank":10,"pop_max":5200},"geometry":{"type":"Point","coordinates":[32.225,-0.3088889]}},{"type":"Feature","properties":{"name":"Kumi","name_ar":"كومي","name_ascii":"Kumi","featurecla":"Admin-1 capital","adm0":"Uganda","adm0_a3":"UGA","scalerank":10,"pop_max":13000},"geometry":{"type":"Point","coordinates":[33.9361111,1.4608333]}},{"type":"Feature","properties":{"name":"Kaberamaido","name_ar":"كابيرامايدو","name_ascii":"Kaberamaido","featurecla":"Admin-1 capital","adm0":"Uganda","adm0_a3":"UGA","scalerank":10,"pop_max":3400},"geometry":{"type":"Point","coordinates":[33.1594444,1.7388889]}},{"type":"Feature","properties":{"name":"Kayunga","name_ar":"محافظة كايونجا","name_ascii":"Kayunga","featurecla":"Admin-1 capital","adm0":"Uganda","adm0_a3":"UGA","scalerank":10,"pop_max":21704},"geometry":{"type":"Point","coordinates":[32.8886111,0.7025]}},{"type":"Feature","properties":{"name":"Iganga","name_ar":"إيغانغا","name_ascii":"Iganga","featurecla":"Admin-1 capital","adm0":"Uganda","adm0_a3":"UGA","scalerank":10,"pop_max":45024},"geometry":{"type":"Point","coordinates":[33.4686111,0.6091667]}},{"type":"Feature","properties":{"name":"Kamuli","name_ar":"كامولي","name_ascii":"Kamuli","featurecla":"Admin-1 capital","adm0":"Uganda","adm0_a3":"UGA","scalerank":10,"pop_max":12764},"geometry":{"type":"Point","coordinates":[33.1197222,0.9472222]}},{"type":"Feature","properties":{"name":"Pallisa","name_ar":"باليسا","name_ascii":"Pallisa","featurecla":"Admin-1 capital","adm0":"Uganda","adm0_a3":"UGA","scalerank":10,"pop_max":30745},"geometry":{"type":"Point","coordinates":[33.7094444,1.145]}},{"type":"Feature","properties":{"name":"Mpigi","name_ar":"إمبيجي","name_ascii":"Mpigi","featurecla":"Admin-1 capital","adm0":"Uganda","adm0_a3":"UGA","scalerank":10,"pop_max":11082},"geometry":{"type":"Point","coordinates":[32.3136111,0.225]}},{"type":"Feature","properties":{"name":"Adjumani","name_ar":"أدجومانى","name_ascii":"Adjumani","featurecla":"Admin-1 capital","adm0":"Uganda","adm0_a3":"UGA","scalerank":10,"pop_max":34700},"geometry":{"type":"Point","coordinates":[31.809722200000003,3.3613889000000006]}},{"type":"Feature","properties":{"name":"Nebbi","name_ar":"حي نيبى","name_ascii":"Nebbi","featurecla":"Admin-1 capital","adm0":"Uganda","adm0_a3":"UGA","scalerank":10,"pop_max":30354},"geometry":{"type":"Point","coordinates":[31.1025,2.4758333]}},{"type":"Feature","properties":{"name":"Kiboga","name_ar":"كيبوجا","name_ascii":"Kiboga","featurecla":"Admin-1 capital","adm0":"Uganda","adm0_a3":"UGA","scalerank":10,"pop_max":14512},"geometry":{"type":"Point","coordinates":[31.7741667,0.9161111]}},{"type":"Feature","properties":{"name":"Nakasongola","name_ar":"ناكاسونغولا","name_ascii":"Nakasongola","featurecla":"Admin-1 capital","adm0":"Uganda","adm0_a3":"UGA","scalerank":10,"pop_max":6921},"geometry":{"type":"Point","coordinates":[32.4563889,1.3088889000000001]}},{"type":"Feature","properties":{"name":"Bombo","name_ar":"بومبو","name_ascii":"Bombo","featurecla":"Admin-1 region capital","adm0":"Uganda","adm0_a3":"UGA","scalerank":10,"pop_max":75000},"geometry":{"type":"Point","coordinates":[32.5332995,0.5832991]}},{"type":"Feature","properties":{"name":"Masindi","name_ar":"ماسيندى","name_ascii":"Masindi","featurecla":"Admin-1 capital","adm0":"Uganda","adm0_a3":"UGA","scalerank":10,"pop_max":31486},"geometry":{"type":"Point","coordinates":[31.715,1.6744444]}},{"type":"Feature","properties":{"name":"Fort Portal","name_ar":"فورت بورتال","name_ascii":"Fort Portal","featurecla":"Admin-1 region capital","adm0":"Uganda","adm0_a3":"UGA","scalerank":10,"pop_max":42670},"geometry":{"type":"Point","coordinates":[30.275001599999996,0.6710041]}},{"type":"Feature","properties":{"name":"Kibale","name_ar":"كيبالي","name_ascii":"Kibale","featurecla":"Admin-1 capital","adm0":"Uganda","adm0_a3":"UGA","scalerank":10,"pop_max":5200},"geometry":{"type":"Point","coordinates":[31.066666699999995,0.8]}},{"type":"Feature","properties":{"name":"Sironko","name_ar":"محافظة سيرونكو","name_ascii":"Sironko","featurecla":"Admin-1 capital","adm0":"Uganda","adm0_a3":"UGA","scalerank":10,"pop_max":14100},"geometry":{"type":"Point","coordinates":[34.3,1.25]}},{"type":"Feature","properties":{"name":"Busia","name_ar":"بوسيا","name_ascii":"Busia","featurecla":"Admin-1 capital","adm0":"Uganda","adm0_a3":"UGA","scalerank":10,"pop_max":47100},"geometry":{"type":"Point","coordinates":[34.0758333,0.4544444]}},{"type":"Feature","properties":{"name":"Katakwi","name_ar":"كاتاكوي","name_ascii":"Katakwi","featurecla":"Admin-1 capital","adm0":"Uganda","adm0_a3":"UGA","scalerank":10,"pop_max":8400},"geometry":{"type":"Point","coordinates":[33.9661111,1.8911111]}},{"type":"Feature","properties":{"name":"Ntungamo","name_ar":"نتونجامو","name_ascii":"Ntungamo","featurecla":"Admin-1 capital","adm0":"Uganda","adm0_a3":"UGA","scalerank":10,"pop_max":16400},"geometry":{"type":"Point","coordinates":[30.2641667,-0.8794444]}},{"type":"Feature","properties":{"name":"Kisoro","name_ar":"كيسورو","name_ascii":"Kisoro","featurecla":"Admin-1 capital","adm0":"Uganda","adm0_a3":"UGA","scalerank":10,"pop_max":12900},"geometry":{"type":"Point","coordinates":[29.6983333,-1.3538889]}},{"type":"Feature","properties":{"name":"Gikongoro","name_ar":"جيكونجورو","name_ascii":"Gikongoro","featurecla":"Admin-1 capital","adm0":"Rwanda","adm0_a3":"RWA","scalerank":10,"pop_max":15000},"geometry":{"type":"Point","coordinates":[29.566701600000002,-2.4832979]}},{"type":"Feature","properties":{"name":"Kibuye","name_ar":"كيبوي","name_ascii":"Kibuye","featurecla":"Admin-1 capital","adm0":"Rwanda","adm0_a3":"RWA","scalerank":10,"pop_max":48024},"geometry":{"type":"Point","coordinates":[29.349999600000004,-2.050002]}},{"type":"Feature","properties":{"name":"Kibungo","name_ar":"كيبونغو","name_ascii":"Kibungo","featurecla":"Admin-1 capital","adm0":"Rwanda","adm0_a3":"RWA","scalerank":10,"pop_max":46240},"geometry":{"type":"Point","coordinates":[30.5333016,-2.1666959]}},{"type":"Feature","properties":{"name":"Piggs Peak","name_ar":"بيغز بيك","name_ascii":"Piggs Peak","featurecla":"Admin-1 capital","adm0":"eSwatini","adm0_a3":"SWZ","scalerank":10,"pop_max":5750},"geometry":{"type":"Point","coordinates":[31.247001499999996,-25.961004]}},{"type":"Feature","properties":{"name":"Siteki","name_ar":"سيتيكي","name_ascii":"Siteki","featurecla":"Admin-1 capital","adm0":"eSwatini","adm0_a3":"SWZ","scalerank":10,"pop_max":6152},"geometry":{"type":"Point","coordinates":[31.951998600000003,-26.454996]}},{"type":"Feature","properties":{"name":"Manzini","name_ar":"منزيني","name_ascii":"Manzini","featurecla":"Admin-1 capital","adm0":"eSwatini","adm0_a3":"SWZ","scalerank":10,"pop_max":110537},"geometry":{"type":"Point","coordinates":[31.388004500000005,-26.4950011]}},{"type":"Feature","properties":{"name":"Hlatikulu","name_ar":"هلاتيكولو","name_ascii":"Hlatikulu","featurecla":"Admin-1 capital","adm0":"eSwatini","adm0_a3":"SWZ","scalerank":10,"pop_max":2748},"geometry":{"type":"Point","coordinates":[31.31013696846293,-26.96081493079398]}},{"type":"Feature","properties":{"name":"Fatick","name_ar":"فاتيك","name_ascii":"Fatick","featurecla":"Admin-1 capital","adm0":"Senegal","adm0_a3":"SEN","scalerank":10,"pop_max":24243},"geometry":{"type":"Point","coordinates":[-16.4159995,14.3440021]}},{"type":"Feature","properties":{"name":"Qacha's Nek","name_ar":"قاتشز نك","name_ascii":"Qacha's Nek","featurecla":"Admin-1 capital","adm0":"South Africa","adm0_a3":"ZAF","scalerank":10,"pop_max":25573},"geometry":{"type":"Point","coordinates":[28.701999500000003,-30.1172669]}},{"type":"Feature","properties":{"name":"Hudur","name_ar":"حودر","name_ascii":"Hudur","featurecla":"Admin-1 capital","adm0":"Somalia","adm0_a3":"SOM","scalerank":10,"pop_max":1639},"geometry":{"type":"Point","coordinates":[43.8667026,4.183299]}},{"type":"Feature","properties":{"name":"Garbahaarey","name_ar":"جاربهاري","name_ascii":"Garbahaarey","featurecla":"Admin-1 capital","adm0":"Somalia","adm0_a3":"SOM","scalerank":10,"pop_max":12652},"geometry":{"type":"Point","coordinates":[42.2270016,3.3270031000000007]}},{"type":"Feature","properties":{"name":"Bu'aale","name_ar":"بوالي","name_ascii":"Bu'aale","featurecla":"Admin-1 capital","adm0":"Somalia","adm0_a3":"SOM","scalerank":10,"pop_max":1490},"geometry":{"type":"Point","coordinates":[42.5833025,1.083303]}},{"type":"Feature","properties":{"name":"Dhuusa Mareeb","name_ar":"طوس مريب","name_ascii":"Dhuusa Mareeb","featurecla":"Admin-1 capital","adm0":"Somalia","adm0_a3":"SOM","scalerank":10,"pop_max":447},"geometry":{"type":"Point","coordinates":[46.38217412001178,5.531982307123475]}},{"type":"Feature","properties":{"name":"Umuahia","name_ar":"أومواهيا","name_ascii":"Umuahia","featurecla":"Admin-1 capital","adm0":"Nigeria","adm0_a3":"NGA","scalerank":10,"pop_max":264662},"geometry":{"type":"Point","coordinates":[7.4860025,5.532003]}},{"type":"Feature","properties":{"name":"Uyo","name_ar":"أويو","name_ascii":"Uyo","featurecla":"Admin-1 capital","adm0":"Nigeria","adm0_a3":"NGA","scalerank":10,"pop_max":554906},"geometry":{"type":"Point","coordinates":[7.916152558612238,5.036013508874578]}},{"type":"Feature","properties":{"name":"Owerri","name_ar":"أويري","name_ascii":"Owerri","featurecla":"Admin-1 capital","adm0":"Nigeria","adm0_a3":"NGA","scalerank":10,"pop_max":215038},"geometry":{"type":"Point","coordinates":[7.0260036,5.4929971]}},{"type":"Feature","properties":{"name":"Omaruru","name_ar":"أومارورو","name_ascii":"Omaruru","featurecla":"Admin-1 capital","adm0":"Namibia","adm0_a3":"NAM","scalerank":10,"pop_max":11547},"geometry":{"type":"Point","coordinates":[15.9509975,-21.4360019]}},{"type":"Feature","properties":{"name":"Karibib","name_ar":"كاريبيب","name_ascii":"Karibib","featurecla":"Admin-1 capital","adm0":"Namibia","adm0_a3":"NAM","scalerank":10,"pop_max":6898},"geometry":{"type":"Point","coordinates":[15.852996500000001,-21.9390029]}},{"type":"Feature","properties":{"name":"Otavi","name_ar":"أوتافي","name_ascii":"Otavi","featurecla":"Admin-1 capital","adm0":"Namibia","adm0_a3":"NAM","scalerank":10,"pop_max":4562},"geometry":{"type":"Point","coordinates":[17.342001500000002,-19.639998]}},{"type":"Feature","properties":{"name":"Gobabis","name_ar":"غوبابوس","name_ascii":"Gobabis","featurecla":"Admin-1 capital","adm0":"Namibia","adm0_a3":"NAM","scalerank":10,"pop_max":16321},"geometry":{"type":"Point","coordinates":[18.9630005,-22.455]}},{"type":"Feature","properties":{"name":"Wete","name_ar":"ويتي","name_ascii":"Wete","featurecla":"Admin-1 capital","adm0":"Tanzania","adm0_a3":"TZA","scalerank":10,"pop_max":26450},"geometry":{"type":"Point","coordinates":[39.725799,-5.063464]}},{"type":"Feature","properties":{"name":"Kibaha","name_ar":"كيباها","name_ascii":"Kibaha","featurecla":"Admin-1 capital","adm0":"Tanzania","adm0_a3":"TZA","scalerank":10,"pop_max":23651},"geometry":{"type":"Point","coordinates":[38.9167026,-6.766704]}},{"type":"Feature","properties":{"name":"Mkokotoni","name_ar":"مكوكوتوني","name_ascii":"Mkokotoni","featurecla":"Admin-1 capital","adm0":"Tanzania","adm0_a3":"TZA","scalerank":10,"pop_max":2572},"geometry":{"type":"Point","coordinates":[39.2599986,-5.878998]}},{"type":"Feature","properties":{"name":"Cacheu","name_ar":"كاشيو","name_ascii":"Cacheu","featurecla":"Admin-1 capital","adm0":"Guinea Bissau","adm0_a3":"GNB","scalerank":10,"pop_max":10490},"geometry":{"type":"Point","coordinates":[-16.1649985,12.268998]}},{"type":"Feature","properties":{"name":"Farim","name_ar":"فاريم","name_ascii":"Farim","featurecla":"Admin-1 capital","adm0":"Guinea Bissau","adm0_a3":"GNB","scalerank":10,"pop_max":6792},"geometry":{"type":"Point","coordinates":[-15.2270004,12.492999]}},{"type":"Feature","properties":{"name":"Fulacunda","name_ar":"فولاكوندا","name_ascii":"Fulacunda","featurecla":"Admin-1 capital","adm0":"Guinea Bissau","adm0_a3":"GNB","scalerank":10,"pop_max":1311},"geometry":{"type":"Point","coordinates":[-15.194996500000002,11.772999]}},{"type":"Feature","properties":{"name":"Gabú","name_ar":"جابو","name_ascii":"Gabu","featurecla":"Admin-1 capital","adm0":"Guinea Bissau","adm0_a3":"GNB","scalerank":10,"pop_max":14430},"geometry":{"type":"Point","coordinates":[-14.2340035,12.2799961]}},{"type":"Feature","properties":{"name":"Catió","name_ar":"كاتيو","name_ascii":"Catio","featurecla":"Admin-1 capital","adm0":"Guinea Bissau","adm0_a3":"GNB","scalerank":10,"pop_max":9898},"geometry":{"type":"Point","coordinates":[-15.25424569133715,11.273036476461991]}},{"type":"Feature","properties":{"name":"Barclayville","name_ar":"باركلايفيلي","name_ascii":"Barclayville","featurecla":"Admin-1 capital","adm0":"Liberia","adm0_a3":"LBR","scalerank":10,"pop_max":2733},"geometry":{"type":"Point","coordinates":[-8.23159527078132,4.674102754887166]}},{"type":"Feature","properties":{"name":"Voinjama","name_ar":"فوانجاما","name_ascii":"Voinjama","featurecla":"Admin-1 capital","adm0":"Liberia","adm0_a3":"LBR","scalerank":10,"pop_max":26594},"geometry":{"type":"Point","coordinates":[-9.7499965,8.4167011]}},{"type":"Feature","properties":{"name":"Bensonville","name_ar":"بينسونفيلي","name_ascii":"Bensonville","featurecla":"Admin-1 capital","adm0":"Liberia","adm0_a3":"LBR","scalerank":10,"pop_max":4089},"geometry":{"type":"Point","coordinates":[-10.6000015,6.433299]}},{"type":"Feature","properties":{"name":"Kakata","name_ar":"كاكاتا","name_ascii":"Kakata","featurecla":"Admin-1 capital","adm0":"Liberia","adm0_a3":"LBR","scalerank":10,"pop_max":33945},"geometry":{"type":"Point","coordinates":[-10.349000500000002,6.525999]}},{"type":"Feature","properties":{"name":"Sanniquellie","name_ar":"سانيكيلي","name_ascii":"Sanniquellie","featurecla":"Admin-1 capital","adm0":"Liberia","adm0_a3":"LBR","scalerank":10,"pop_max":11415},"geometry":{"type":"Point","coordinates":[-8.6849995,7.3710001]}},{"type":"Feature","properties":{"name":"Rivercess","name_ar":"نهر سيس","name_ascii":"Rivercess","featurecla":"Admin-1 capital","adm0":"Liberia","adm0_a3":"LBR","scalerank":10,"pop_max":2578},"geometry":{"type":"Point","coordinates":[-9.5779974,5.464998]}},{"type":"Feature","properties":{"name":"Nyeri","name_ar":"نيري","name_ascii":"Nyeri","featurecla":"Admin-1 capital","adm0":"Kenya","adm0_a3":"KEN","scalerank":10,"pop_max":51084},"geometry":{"type":"Point","coordinates":[36.9510036,-0.416997]}},{"type":"Feature","properties":{"name":"Teyateyaneng","name_ar":"تياتيانينغ","name_ascii":"Teyateyaneng","featurecla":"Admin-1 capital","adm0":"Lesotho","adm0_a3":"LSO","scalerank":10,"pop_max":5115},"geometry":{"type":"Point","coordinates":[27.7530035,-29.1529979]}},{"type":"Feature","properties":{"name":"Mohales Hoek","name_ar":"موهالي هوك","name_ascii":"Mohales Hoek","featurecla":"Admin-1 capital","adm0":"Lesotho","adm0_a3":"LSO","scalerank":10,"pop_max":24992},"geometry":{"type":"Point","coordinates":[27.479997500000003,-30.158999899999998]}},{"type":"Feature","properties":{"name":"Moyeni","name_ar":"ميوني","name_ascii":"Moyeni","featurecla":"Admin-1 capital","adm0":"Lesotho","adm0_a3":"LSO","scalerank":10,"pop_max":24130},"geometry":{"type":"Point","coordinates":[27.716004500000004,-30.410999900000004]}},{"type":"Feature","properties":{"name":"Hlotse","name_ar":"هلوتسي","name_ascii":"Hlotse","featurecla":"Admin-1 capital","adm0":"Lesotho","adm0_a3":"LSO","scalerank":10,"pop_max":47675},"geometry":{"type":"Point","coordinates":[28.0559976,-28.878003000000003]}},{"type":"Feature","properties":{"name":"Butha-Buthe","name_ar":"بوثا بوثي","name_ascii":"Butha-Buthe","featurecla":"Admin-1 capital","adm0":"Lesotho","adm0_a3":"LSO","scalerank":10,"pop_max":16330},"geometry":{"type":"Point","coordinates":[28.2500016,-28.7499959]}},{"type":"Feature","properties":{"name":"Mokhotlong","name_ar":"موكوتلونج","name_ascii":"Mokhotlong","featurecla":"Admin-1 capital","adm0":"Lesotho","adm0_a3":"LSO","scalerank":10,"pop_max":8809},"geometry":{"type":"Point","coordinates":[29.078001500000003,-29.291004000000004]}},{"type":"Feature","properties":{"name":"Evinayong","name_ar":"إيفينايونغ","name_ascii":"Evinayong","featurecla":"Admin-1 capital","adm0":"Equatorial Guinea","adm0_a3":"GNQ","scalerank":10,"pop_max":8462},"geometry":{"type":"Point","coordinates":[10.5667026,1.4499991]}},{"type":"Feature","properties":{"name":"Luba","name_ar":"لوبا","name_ascii":"Luba","featurecla":"Admin-1 capital","adm0":"Equatorial Guinea","adm0_a3":"GNQ","scalerank":10,"pop_max":8655},"geometry":{"type":"Point","coordinates":[8.5500005,3.449997]}},{"type":"Feature","properties":{"name":"Shibin el Kom","name_ar":"شبين الكوم","name_ascii":"Shibin el Kom","featurecla":"Admin-1 capital","adm0":"Egypt","adm0_a3":"EGY","scalerank":10,"pop_max":182900},"geometry":{"type":"Point","coordinates":[31.006953163624576,30.55448231679752]}},{"type":"Feature","properties":{"name":"Benha","name_ar":"بنها","name_ascii":"Benha","featurecla":"Admin-1 capital","adm0":"Egypt","adm0_a3":"EGY","scalerank":10,"pop_max":167029},"geometry":{"type":"Point","coordinates":[31.1833356,30.466665099999997]}},{"type":"Feature","properties":{"name":"Zagazig","name_ar":"الزقازيق","name_ascii":"Zagazig","featurecla":"Admin-1 capital","adm0":"Egypt","adm0_a3":"EGY","scalerank":10,"pop_max":285097},"geometry":{"type":"Point","coordinates":[31.5166596,30.5833321]}},{"type":"Feature","properties":{"name":"Kafr el Sheikh","name_ar":"كفر الشيخ","name_ascii":"Kafr el Sheikh","featurecla":"Admin-1 capital","adm0":"Egypt","adm0_a3":"EGY","scalerank":10,"pop_max":143970},"geometry":{"type":"Point","coordinates":[30.9359976,31.109004]}},{"type":"Feature","properties":{"name":"Dikhil","name_ar":"دخيل","name_ascii":"Dikhil","featurecla":"Admin-1 capital","adm0":"Djibouti","adm0_a3":"DJI","scalerank":10,"pop_max":12043},"geometry":{"type":"Point","coordinates":[42.3720006,11.104002000000001]}},{"type":"Feature","properties":{"name":"Tadjoura","name_ar":"تاجورة","name_ascii":"Tadjoura","featurecla":"Admin-1 capital","adm0":"Djibouti","adm0_a3":"DJI","scalerank":10,"pop_max":22193},"geometry":{"type":"Point","coordinates":[42.9000035,11.783304000000001]}},{"type":"Feature","properties":{"name":"Buluko","name_ar":"بولوكو","name_ascii":"Buluko","featurecla":"Admin-1 capital","adm0":"Congo (Kinshasa)","adm0_a3":"COD","scalerank":10,"pop_max":1192},"geometry":{"type":"Point","coordinates":[28.5280025,-0.7569989000000001]}},{"type":"Feature","properties":{"name":"Mzimba","name_ar":"حي مزيمبا","name_ascii":"Mzimba","featurecla":"Admin-1 capital","adm0":"Malawi","adm0_a3":"MWI","scalerank":10,"pop_max":19308},"geometry":{"type":"Point","coordinates":[33.6,-11.9]}},{"type":"Feature","properties":{"name":"Machinga","name_ar":"حي ماشينغا","name_ascii":"Machinga","featurecla":"Admin-1 capital","adm0":"Malawi","adm0_a3":"MWI","scalerank":10,"pop_max":1418},"geometry":{"type":"Point","coordinates":[35.30166518458707,-15.176185970333954]}},{"type":"Feature","properties":{"name":"Dedza","name_ar":"حي ديدزا","name_ascii":"Dedza","featurecla":"Admin-1 capital","adm0":"Malawi","adm0_a3":"MWI","scalerank":10,"pop_max":15608},"geometry":{"type":"Point","coordinates":[34.3333333,-14.366666700000001]}},{"type":"Feature","properties":{"name":"Mchinji","name_ar":"مشينجي","name_ascii":"Mchinji","featurecla":"Admin-1 capital","adm0":"Malawi","adm0_a3":"MWI","scalerank":10,"pop_max":18305},"geometry":{"type":"Point","coordinates":[32.9,-13.8]}},{"type":"Feature","properties":{"name":"Ntcheu","name_ar":"حي نتشيو","name_ascii":"Ntcheu","featurecla":"Admin-1 capital","adm0":"Malawi","adm0_a3":"MWI","scalerank":10,"pop_max":10445},"geometry":{"type":"Point","coordinates":[34.6333333,-14.816666700000003]}},{"type":"Feature","properties":{"name":"Chiradzulu","name_ar":"شيرادزولو","name_ascii":"Chiradzulu","featurecla":"Admin-1 capital","adm0":"Malawi","adm0_a3":"MWI","scalerank":10,"pop_max":1580},"geometry":{"type":"Point","coordinates":[35.18333330000001,-15.7]}},{"type":"Feature","properties":{"name":"Nsanje","name_ar":"حي نسانجي","name_ascii":"Nsanje","featurecla":"Admin-1 capital","adm0":"Malawi","adm0_a3":"MWI","scalerank":10,"pop_max":21774},"geometry":{"type":"Point","coordinates":[35.2666667,-16.9166667]}},{"type":"Feature","properties":{"name":"Mwanza","name_ar":"موانزا","name_ascii":"Mwanza","featurecla":"Admin-1 capital","adm0":"Malawi","adm0_a3":"MWI","scalerank":10,"pop_max":11379},"geometry":{"type":"Point","coordinates":[34.5166667,-15.6166667]}},{"type":"Feature","properties":{"name":"Mulanje","name_ar":"مولانجي","name_ascii":"Mulanje","featurecla":"Admin-1 capital","adm0":"Malawi","adm0_a3":"MWI","scalerank":10,"pop_max":16483},"geometry":{"type":"Point","coordinates":[35.5,-16.0333333]}},{"type":"Feature","properties":{"name":"Georgetown","name_ar":"جورج تاون","name_ascii":"Georgetown","featurecla":"Admin-1 capital","adm0":"The Gambia","adm0_a3":"GMB","scalerank":10,"pop_max":3584},"geometry":{"type":"Point","coordinates":[-14.767001499999997,13.5510031]}},{"type":"Feature","properties":{"name":"Basse Santa Su","name_ar":"باس سانتا سو","name_ascii":"Basse Santa Su","featurecla":"Admin-1 capital","adm0":"The Gambia","adm0_a3":"GMB","scalerank":10,"pop_max":14380},"geometry":{"type":"Point","coordinates":[-14.2229965,13.3100011]}},{"type":"Feature","properties":{"name":"Kerewan","name_ar":"كريوان","name_ascii":"Kerewan","featurecla":"Admin-1 capital","adm0":"The Gambia","adm0_a3":"GMB","scalerank":10,"pop_max":2751},"geometry":{"type":"Point","coordinates":[-16.0949965,13.4939971]}},{"type":"Feature","properties":{"name":"Mansa Konko","name_ar":"مانسا كونكو","name_ascii":"Mansa Konko","featurecla":"Admin-1 capital","adm0":"The Gambia","adm0_a3":"GMB","scalerank":10,"pop_max":18672},"geometry":{"type":"Point","coordinates":[-15.543323511272511,13.454894163505193]}},{"type":"Feature","properties":{"name":"Sunyani","name_ar":"سونياتي","name_ascii":"Sunyani","featurecla":"Admin-1 capital","adm0":"Ghana","adm0_a3":"GHA","scalerank":10,"pop_max":70299},"geometry":{"type":"Point","coordinates":[-2.3360034,7.335999]}},{"type":"Feature","properties":{"name":"Ebebiyín","name_ar":"إيبيبين","name_ascii":"Ebebiyin","featurecla":"Admin-1 capital","adm0":"Gabon","adm0_a3":"GAB","scalerank":10,"pop_max":24831},"geometry":{"type":"Point","coordinates":[11.3300016,2.1529980000000006]}},{"type":"Feature","properties":{"name":"Tchibanga","name_ar":"تتشيبانغا","name_ascii":"Tchibanga","featurecla":"Admin-1 capital","adm0":"Gabon","adm0_a3":"GAB","scalerank":10,"pop_max":19365},"geometry":{"type":"Point","coordinates":[10.997288593437615,-2.9214834487040777]}},{"type":"Feature","properties":{"name":"Madingou","name_ar":"مادينغو","name_ascii":"Madingou","featurecla":"Admin-1 capital","adm0":"Congo (Brazzaville)","adm0_a3":"COG","scalerank":10,"pop_max":22760},"geometry":{"type":"Point","coordinates":[13.5540005,-4.1640029]}},{"type":"Feature","properties":{"name":"Kinkala","name_ar":"كينكالا","name_ascii":"Kinkala","featurecla":"Admin-1 capital","adm0":"Congo (Brazzaville)","adm0_a3":"COG","scalerank":10,"pop_max":13882},"geometry":{"type":"Point","coordinates":[14.7619986,-4.3559999]}},{"type":"Feature","properties":{"name":"Mali","name_ar":"دولة مالي","name_ascii":"Mali","featurecla":"Admin-1 capital","adm0":"Guinea","adm0_a3":"GIN","scalerank":10,"pop_max":5479},"geometry":{"type":"Point","coordinates":[-12.3010014,12.084003]}},{"type":"Feature","properties":{"name":"Tongue","name_ar":"توجو","name_ascii":"Tongue","featurecla":"Admin-1 capital","adm0":"Guinea","adm0_a3":"GIN","scalerank":10,"pop_max":25531},"geometry":{"type":"Point","coordinates":[-11.6700025,11.439999]}},{"type":"Feature","properties":{"name":"Kouroussa","name_ar":"كوروسا","name_ascii":"Kouroussa","featurecla":"Admin-1 capital","adm0":"Guinea","adm0_a3":"GIN","scalerank":10,"pop_max":14223},"geometry":{"type":"Point","coordinates":[-9.8919985,10.6530031]}},{"type":"Feature","properties":{"name":"Pita","name_ar":"بيتا","name_ascii":"Pita","featurecla":"Admin-1 capital","adm0":"Guinea","adm0_a3":"GIN","scalerank":10,"pop_max":20052},"geometry":{"type":"Point","coordinates":[-12.4010006,11.0799991]}},{"type":"Feature","properties":{"name":"Dalaba","name_ar":"دالابا","name_ascii":"Dalaba","featurecla":"Admin-1 capital","adm0":"Guinea","adm0_a3":"GIN","scalerank":10,"pop_max":6349},"geometry":{"type":"Point","coordinates":[-12.2720036,10.656]}},{"type":"Feature","properties":{"name":"Boffa","name_ar":"بوفا","name_ascii":"Boffa","featurecla":"Admin-1 capital","adm0":"Guinea","adm0_a3":"GIN","scalerank":10,"pop_max":2332},"geometry":{"type":"Point","coordinates":[-14.0429964,10.1850031]}},{"type":"Feature","properties":{"name":"Koundara","name_ar":"كوندارا","name_ascii":"Koundara","featurecla":"Admin-1 capital","adm0":"Guinea","adm0_a3":"GIN","scalerank":10,"pop_max":13990},"geometry":{"type":"Point","coordinates":[-13.2959964,12.4800031]}},{"type":"Feature","properties":{"name":"Gaoual","name_ar":"جاوال","name_ascii":"Gaoual","featurecla":"Admin-1 capital","adm0":"Guinea","adm0_a3":"GIN","scalerank":10,"pop_max":7461},"geometry":{"type":"Point","coordinates":[-13.2129984,11.7540001]}},{"type":"Feature","properties":{"name":"Télimélé","name_ar":"ولاية تليملي","name_ascii":"Telimele","featurecla":"Admin-1 capital","adm0":"Guinea","adm0_a3":"GIN","scalerank":10,"pop_max":30311},"geometry":{"type":"Point","coordinates":[-13.0429976,10.9050031]}},{"type":"Feature","properties":{"name":"Forecariah","name_ar":"فوريكاريا","name_ascii":"Forecariah","featurecla":"Admin-1 capital","adm0":"Guinea","adm0_a3":"GIN","scalerank":10,"pop_max":12358},"geometry":{"type":"Point","coordinates":[-13.0979966,9.4300021]}},{"type":"Feature","properties":{"name":"Beyla","name_ar":"بيلا","name_ascii":"Beyla","featurecla":"Admin-1 capital","adm0":"Guinea","adm0_a3":"GIN","scalerank":10,"pop_max":13204},"geometry":{"type":"Point","coordinates":[-8.6570005,8.686998]}},{"type":"Feature","properties":{"name":"Gueckedou","name_ar":"غيكيدو","name_ascii":"Gueckedou","featurecla":"Admin-1 capital","adm0":"Guinea","adm0_a3":"GIN","scalerank":10,"pop_max":221715},"geometry":{"type":"Point","coordinates":[-10.1510005,8.5539961]}},{"type":"Feature","properties":{"name":"Dinguiraye","name_ar":"دنجواياري","name_ascii":"Dinguiraye","featurecla":"Admin-1 capital","adm0":"Guinea","adm0_a3":"GIN","scalerank":10,"pop_max":6062},"geometry":{"type":"Point","coordinates":[-10.7260014,11.298996]}},{"type":"Feature","properties":{"name":"Dabola","name_ar":"دابولا","name_ascii":"Dabola","featurecla":"Admin-1 capital","adm0":"Guinea","adm0_a3":"GIN","scalerank":10,"pop_max":13057},"geometry":{"type":"Point","coordinates":[-11.1089965,10.747998]}},{"type":"Feature","properties":{"name":"Touba","name_ar":"طوبى","name_ascii":"Touba","featurecla":"Admin-1 capital","adm0":"Ivory Coast","adm0_a3":"CIV","scalerank":10,"pop_max":27504},"geometry":{"type":"Point","coordinates":[-7.6840015,8.28]}},{"type":"Feature","properties":{"name":"Bouaflé","name_ar":"باوافل","name_ascii":"Bouafle","featurecla":"Admin-1 capital","adm0":"Ivory Coast","adm0_a3":"CIV","scalerank":10,"pop_max":60962},"geometry":{"type":"Point","coordinates":[-5.7480024,6.9779971]}},{"type":"Feature","properties":{"name":"Divo","name_ar":"ديفو","name_ascii":"Divo","featurecla":"Admin-1 capital","adm0":"Ivory Coast","adm0_a3":"CIV","scalerank":10,"pop_max":127867},"geometry":{"type":"Point","coordinates":[-5.3600035,5.839002000000001]}},{"type":"Feature","properties":{"name":"Toumodi","name_ar":"تومودي","name_ascii":"Toumodi","featurecla":"Admin-1 capital","adm0":"Ivory Coast","adm0_a3":"CIV","scalerank":10,"pop_max":39005},"geometry":{"type":"Point","coordinates":[-5.0190024,6.5520001]}},{"type":"Feature","properties":{"name":"Aboisso","name_ar":"أبواسو","name_ascii":"Aboisso","featurecla":"Admin-1 capital","adm0":"Ivory Coast","adm0_a3":"CIV","scalerank":10,"pop_max":37654},"geometry":{"type":"Point","coordinates":[-3.2000035,5.4666991]}},{"type":"Feature","properties":{"name":"Buea","name_ar":"بويا","name_ascii":"Buea","featurecla":"Admin-1 capital","adm0":"Cameroon","adm0_a3":"CMR","scalerank":10,"pop_max":90088},"geometry":{"type":"Point","coordinates":[9.2310035,4.1550031]}},{"type":"Feature","properties":{"name":"Jijel","name_ar":"جيجل","name_ascii":"Jijel","featurecla":"Admin-1 capital","adm0":"Algeria","adm0_a3":"DZA","scalerank":10,"pop_max":148000},"geometry":{"type":"Point","coordinates":[5.7660036,36.821997]}},{"type":"Feature","properties":{"name":"Lokossa","name_ar":"لوكوسا","name_ascii":"Lokossa","featurecla":"Admin-1 capital","adm0":"Benin","adm0_a3":"BEN","scalerank":10,"pop_max":86971},"geometry":{"type":"Point","coordinates":[1.7150045000000003,6.6150001]}},{"type":"Feature","properties":{"name":"Fada Ngourma","name_ar":"فادا نغورما","name_ascii":"Fada Ngourma","featurecla":"Admin-1 capital","adm0":"Burkina Faso","adm0_a3":"BFA","scalerank":10,"pop_max":33910},"geometry":{"type":"Point","coordinates":[0.3609995,12.0549961]}},{"type":"Feature","properties":{"name":"Tizi-Ouzou","name_ar":"تيزي وزو","name_ascii":"Tizi-Ouzou","featurecla":"Admin-1 capital","adm0":"Algeria","adm0_a3":"DZA","scalerank":10,"pop_max":144000},"geometry":{"type":"Point","coordinates":[4.0461444,36.7117101]}},{"type":"Feature","properties":{"name":"Bordj Bou Arréridj","name_ar":"برج بوعريريج","name_ascii":"Bordj Bou Arreridj","featurecla":"Admin-1 capital","adm0":"Algeria","adm0_a3":"DZA","scalerank":10,"pop_max":140000},"geometry":{"type":"Point","coordinates":[4.7646624,36.0777088]}},{"type":"Feature","properties":{"name":"M'sila","name_ar":"المسيلة","name_ascii":"M'sila","featurecla":"Admin-1 capital","adm0":"Algeria","adm0_a3":"DZA","scalerank":10,"pop_max":150000},"geometry":{"type":"Point","coordinates":[4.5450006,35.7000031]}},{"type":"Feature","properties":{"name":"Guelma","name_ar":"قالمة","name_ascii":"Guelma","featurecla":"Admin-1 capital","adm0":"Algeria","adm0_a3":"DZA","scalerank":10,"pop_max":123590},"geometry":{"type":"Point","coordinates":[7.427997500000001,36.4660021]}},{"type":"Feature","properties":{"name":"Oum el Bouaghi","name_ar":"أم البواقي","name_ascii":"Oum el Bouaghi","featurecla":"Admin-1 capital","adm0":"Algeria","adm0_a3":"DZA","scalerank":10,"pop_max":100821},"geometry":{"type":"Point","coordinates":[7.1499965,35.8499972]}},{"type":"Feature","properties":{"name":"Cankuzo","name_ar":"كانكوزا","name_ascii":"Cankuzo","featurecla":"Admin-1 capital","adm0":"Burundi","adm0_a3":"BDI","scalerank":10,"pop_max":6585},"geometry":{"type":"Point","coordinates":[30.5166966,-3.1667039]}},{"type":"Feature","properties":{"name":"Karusi","name_ar":"كاروزي","name_ascii":"Karusi","featurecla":"Admin-1 capital","adm0":"Burundi","adm0_a3":"BDI","scalerank":10,"pop_max":10705},"geometry":{"type":"Point","coordinates":[30.1629965,-3.099996]}},{"type":"Feature","properties":{"name":"Rutana","name_ar":"روتانا","name_ascii":"Rutana","featurecla":"Admin-1 capital","adm0":"Burundi","adm0_a3":"BDI","scalerank":10,"pop_max":20893},"geometry":{"type":"Point","coordinates":[29.9930046,-3.9310020000000003]}},{"type":"Feature","properties":{"name":"Ruyigi","name_ar":"رويجي","name_ascii":"Ruyigi","featurecla":"Admin-1 capital","adm0":"Burundi","adm0_a3":"BDI","scalerank":10,"pop_max":38458},"geometry":{"type":"Point","coordinates":[30.243996600000003,-3.4810019000000003]}},{"type":"Feature","properties":{"name":"Bubanza","name_ar":"بوبانزا","name_ascii":"Bubanza","featurecla":"Admin-1 capital","adm0":"Burundi","adm0_a3":"BDI","scalerank":10,"pop_max":12728},"geometry":{"type":"Point","coordinates":[29.3667035,-3.083301]}},{"type":"Feature","properties":{"name":"Kayanza","name_ar":"كايانزا","name_ascii":"Kayanza","featurecla":"Admin-1 capital","adm0":"Burundi","adm0_a3":"BDI","scalerank":10,"pop_max":19443},"geometry":{"type":"Point","coordinates":[29.566701600000002,-2.8999979]}},{"type":"Feature","properties":{"name":"Makamba","name_ar":"ماكامبا","name_ascii":"Makamba","featurecla":"Admin-1 capital","adm0":"Burundi","adm0_a3":"BDI","scalerank":10,"pop_max":19642},"geometry":{"type":"Point","coordinates":[29.7999996,-4.1333039]}},{"type":"Feature","properties":{"name":"Ngozi","name_ar":"نغوزي","name_ascii":"Ngozi","featurecla":"Admin-1 capital","adm0":"Burundi","adm0_a3":"BDI","scalerank":10,"pop_max":21506},"geometry":{"type":"Point","coordinates":[29.8250016,-2.9120039]}},{"type":"Feature","properties":{"name":"Kirundo","name_ar":"كيروندو","name_ascii":"Kirundo","featurecla":"Admin-1 capital","adm0":"Burundi","adm0_a3":"BDI","scalerank":10,"pop_max":6083},"geometry":{"type":"Point","coordinates":[30.0972222,-2.5847222]}},{"type":"Feature","properties":{"name":"Orodara","name_ar":"أورودارا","name_ascii":"Orodara","featurecla":"Admin-1 capital","adm0":"Burkina Faso","adm0_a3":"BFA","scalerank":10,"pop_max":18632},"geometry":{"type":"Point","coordinates":[-4.9079965,10.9739971]}},{"type":"Feature","properties":{"name":"Solenzo","name_ar":"سولينزو","name_ascii":"Solenzo","featurecla":"Admin-1 capital","adm0":"Burkina Faso","adm0_a3":"BFA","scalerank":10,"pop_max":10385},"geometry":{"type":"Point","coordinates":[-4.0833333,12.1833333]}},{"type":"Feature","properties":{"name":"Nouna","name_ar":"نونا","name_ascii":"Nouna","featurecla":"Admin-1 capital","adm0":"Burkina Faso","adm0_a3":"BFA","scalerank":10,"pop_max":29048},"geometry":{"type":"Point","coordinates":[-3.8600004999999995,12.7289971]}},{"type":"Feature","properties":{"name":"Dédougou","name_ar":"ديدواغو","name_ascii":"Dedougou","featurecla":"Admin-1 capital","adm0":"Burkina Faso","adm0_a3":"BFA","scalerank":10,"pop_max":45341},"geometry":{"type":"Point","coordinates":[-3.4640004,12.455001]}},{"type":"Feature","properties":{"name":"Gorom Gorom","name_ar":"جوروم جوروم","name_ascii":"Gorom Gorom","featurecla":"Admin-1 capital","adm0":"Burkina Faso","adm0_a3":"BFA","scalerank":10,"pop_max":6691},"geometry":{"type":"Point","coordinates":[-0.2332975,14.450004000000002]}},{"type":"Feature","properties":{"name":"Djibo","name_ar":"دجيبو","name_ascii":"Djibo","featurecla":"Admin-1 capital","adm0":"Burkina Faso","adm0_a3":"BFA","scalerank":10,"pop_max":22223},"geometry":{"type":"Point","coordinates":[-1.6270014,14.099004000000003]}},{"type":"Feature","properties":{"name":"Tougan","name_ar":"توغان","name_ascii":"Tougan","featurecla":"Admin-1 capital","adm0":"Burkina Faso","adm0_a3":"BFA","scalerank":10,"pop_max":17590},"geometry":{"type":"Point","coordinates":[-3.0699984,13.068999]}},{"type":"Feature","properties":{"name":"Kombissiri","name_ar":"كومبيسيري","name_ascii":"Kombissiri","featurecla":"Admin-1 capital","adm0":"Burkina Faso","adm0_a3":"BFA","scalerank":10,"pop_max":30137},"geometry":{"type":"Point","coordinates":[-1.3339975,12.063996]}},{"type":"Feature","properties":{"name":"Ziniaré","name_ar":"زينياري","name_ascii":"Ziniare","featurecla":"Admin-1 capital","adm0":"Burkina Faso","adm0_a3":"BFA","scalerank":10,"pop_max":12703},"geometry":{"type":"Point","coordinates":[-1.2930024000000002,12.5769961]}},{"type":"Feature","properties":{"name":"Yako","name_ar":"ياكو","name_ascii":"Yako","featurecla":"Admin-1 capital","adm0":"Burkina Faso","adm0_a3":"BFA","scalerank":10,"pop_max":22904},"geometry":{"type":"Point","coordinates":[-2.2629955000000006,12.9539971]}},{"type":"Feature","properties":{"name":"Réo","name_ar":"ريو","name_ascii":"Reo","featurecla":"Admin-1 capital","adm0":"Burkina Faso","adm0_a3":"BFA","scalerank":10,"pop_max":37535},"geometry":{"type":"Point","coordinates":[-2.4669445000000003,12.3334921]}},{"type":"Feature","properties":{"name":"Leo","name_ar":"ليو","name_ascii":"Leo","featurecla":"Admin-1 capital","adm0":"Burkina Faso","adm0_a3":"BFA","scalerank":10,"pop_max":26884},"geometry":{"type":"Point","coordinates":[-2.0979985,11.094003]}},{"type":"Feature","properties":{"name":"Sapouy","name_ar":"بلدية سابوي","name_ascii":"Sapouy","featurecla":"Admin-1 capital","adm0":"Burkina Faso","adm0_a3":"BFA","scalerank":10,"pop_max":3837},"geometry":{"type":"Point","coordinates":[-1.7736111,11.5544444]}},{"type":"Feature","properties":{"name":"Boulsa","name_ar":"بولسا","name_ascii":"Boulsa","featurecla":"Admin-1 capital","adm0":"Burkina Faso","adm0_a3":"BFA","scalerank":10,"pop_max":17489},"geometry":{"type":"Point","coordinates":[-0.5689975000000002,12.6569971]}},{"type":"Feature","properties":{"name":"Zorgo","name_ar":"زورغو","name_ascii":"Zorgo","featurecla":"Admin-1 capital","adm0":"Burkina Faso","adm0_a3":"BFA","scalerank":10,"pop_max":23892},"geometry":{"type":"Point","coordinates":[-0.6110004,12.2429971]}},{"type":"Feature","properties":{"name":"Koupéla","name_ar":"كاوبيلا","name_ascii":"Koupela","featurecla":"Admin-1 capital","adm0":"Burkina Faso","adm0_a3":"BFA","scalerank":10,"pop_max":32052},"geometry":{"type":"Point","coordinates":[-0.3560035,12.177]}},{"type":"Feature","properties":{"name":"Pô","name_ar":"بو","name_ascii":"Po","featurecla":"Admin-1 capital","adm0":"Burkina Faso","adm0_a3":"BFA","scalerank":10,"pop_max":17924},"geometry":{"type":"Point","coordinates":[-1.1349985,11.169]}},{"type":"Feature","properties":{"name":"Manga","name_ar":"محافظة مانغا","name_ascii":"Manga","featurecla":"Admin-1 capital","adm0":"Burkina Faso","adm0_a3":"BFA","scalerank":10,"pop_max":15173},"geometry":{"type":"Point","coordinates":[-1.0649964,11.662002]}},{"type":"Feature","properties":{"name":"Diébougou","name_ar":"ديبوغو","name_ascii":"Diebougou","featurecla":"Admin-1 capital","adm0":"Burkina Faso","adm0_a3":"BFA","scalerank":10,"pop_max":12732},"geometry":{"type":"Point","coordinates":[-3.2480004,10.9520011]}},{"type":"Feature","properties":{"name":"Gaoua","name_ar":"بلدية غاوا","name_ascii":"Gaoua","featurecla":"Admin-1 capital","adm0":"Burkina Faso","adm0_a3":"BFA","scalerank":10,"pop_max":28023},"geometry":{"type":"Point","coordinates":[-3.1740024,10.3249981]}},{"type":"Feature","properties":{"name":"Bogandé","name_ar":"بوغاندي","name_ascii":"Bogande","featurecla":"Admin-1 capital","adm0":"Burkina Faso","adm0_a3":"BFA","scalerank":10,"pop_max":9854},"geometry":{"type":"Point","coordinates":[-0.1379965,12.969]}},{"type":"Feature","properties":{"name":"Dori","name_ar":"دوري","name_ascii":"Dori","featurecla":"Admin-1 capital","adm0":"Burkina Faso","adm0_a3":"BFA","scalerank":10,"pop_max":37806},"geometry":{"type":"Point","coordinates":[-0.0279985,14.0339971]}},{"type":"Feature","properties":{"name":"Sebba","name_ar":"سيبا","name_ascii":"Sebba","featurecla":"Admin-1 capital","adm0":"Burkina Faso","adm0_a3":"BFA","scalerank":10,"pop_max":3273},"geometry":{"type":"Point","coordinates":[0.530443,13.4364122]}},{"type":"Feature","properties":{"name":"Diapaga","name_ar":"دياباجا","name_ascii":"Diapaga","featurecla":"Admin-1 capital","adm0":"Burkina Faso","adm0_a3":"BFA","scalerank":10,"pop_max":26013},"geometry":{"type":"Point","coordinates":[1.7960046,12.0770011]}},{"type":"Feature","properties":{"name":"Muramvya","name_ar":"مورامفيا","name_ascii":"Muramvya","featurecla":"Admin-1 capital","adm0":"Burundi","adm0_a3":"BDI","scalerank":10,"pop_max":18041},"geometry":{"type":"Point","coordinates":[29.611998600000003,-3.260997]}},{"type":"Feature","properties":{"name":"Santo António","name_ar":"بلدية سانتو أنطونيو","name_ascii":"Santo Antonio","featurecla":"Admin-1 capital","adm0":"Sao Tome and Principe","adm0_a3":"STP","scalerank":10,"pop_max":1156},"geometry":{"type":"Point","coordinates":[7.4120045,1.6450021]}},{"type":"Feature","properties":{"name":"Bentiu","name_ar":"بانتيو","name_ascii":"Bentiu","featurecla":"Admin-1 capital","adm0":"South Sudan","adm0_a3":"SSD","scalerank":9,"pop_max":7653},"geometry":{"type":"Point","coordinates":[29.8333333,9.2333333]}},{"type":"Feature","properties":{"name":"Dutse","name_ar":"دوتس","name_ascii":"Dutse","featurecla":"Admin-1 capital","adm0":"Nigeria","adm0_a3":"NGA","scalerank":9,"pop_max":17129},"geometry":{"type":"Point","coordinates":[9.350334600000002,11.7991891]}},{"type":"Feature","properties":{"name":"Damaturu","name_ar":"داماتورو","name_ascii":"Damaturu","featurecla":"Admin-1 capital","adm0":"Nigeria","adm0_a3":"NGA","scalerank":9,"pop_max":255895},"geometry":{"type":"Point","coordinates":[11.9660046,11.7489961]}},{"type":"Feature","properties":{"name":"Laï","name_ar":"لادي","name_ascii":"Lai","featurecla":"Admin-1 capital","adm0":"Chad","adm0_a3":"TCD","scalerank":9,"pop_max":19382},"geometry":{"type":"Point","coordinates":[16.3050035,9.3950011]}},{"type":"Feature","properties":{"name":"Fderik","name_ar":"افديرك","name_ascii":"Fderik","featurecla":"Admin-1 capital","adm0":"Mauritania","adm0_a3":"MRT","scalerank":9,"pop_max":5760},"geometry":{"type":"Point","coordinates":[-12.7070005,22.679001100000004]}},{"type":"Feature","properties":{"name":"Aleg","name_ar":"ألاك","name_ascii":"Aleg","featurecla":"Admin-1 capital","adm0":"Mauritania","adm0_a3":"MRT","scalerank":9,"pop_max":8388},"geometry":{"type":"Point","coordinates":[-13.9089956,17.057997]}},{"type":"Feature","properties":{"name":"Akjoujt","name_ar":"أكجوجت","name_ascii":"Akjoujt","featurecla":"Admin-1 capital","adm0":"Mauritania","adm0_a3":"MRT","scalerank":9,"pop_max":370},"geometry":{"type":"Point","coordinates":[-14.390999500000001,19.7469991]}},{"type":"Feature","properties":{"name":"Awasa","name_ar":"أواسا","name_ascii":"Awasa","featurecla":"Admin-1 capital","adm0":"Ethiopia","adm0_a3":"ETH","scalerank":9,"pop_max":133097},"geometry":{"type":"Point","coordinates":[38.4769986,7.0599961]}},{"type":"Feature","properties":{"name":"Gore","name_ar":"غور","name_ascii":"Gore","featurecla":"Admin-1 capital","adm0":"Ethiopia","adm0_a3":"ETH","scalerank":9,"pop_max":9352},"geometry":{"type":"Point","coordinates":[35.5370045,8.148996]}},{"type":"Feature","properties":{"name":"Mobaye","name_ar":"موباي","name_ascii":"Mobaye","featurecla":"Admin-1 capital","adm0":"Central African Republic","adm0_a3":"CAF","scalerank":9,"pop_max":19431},"geometry":{"type":"Point","coordinates":[21.1799975,4.3200001]}},{"type":"Feature","properties":{"name":"Mochudi","name_ar":"موتشودي","name_ascii":"Mochudi","featurecla":"Admin-1 capital","adm0":"Botswana","adm0_a3":"BWA","scalerank":9,"pop_max":39700},"geometry":{"type":"Point","coordinates":[26.152002600000003,-24.377004]}},{"type":"Feature","properties":{"name":"Iwo","name_ar":"آيو","name_ascii":"Iwo","featurecla":"Populated place","adm0":"Nigeria","adm0_a3":"NGA","scalerank":8,"pop_max":250443},"geometry":{"type":"Point","coordinates":[4.1799926,7.629959300000001]}},{"type":"Feature","properties":{"name":"Iseyin","name_ar":"إسيين","name_ascii":"Iseyin","featurecla":"Populated place","adm0":"Nigeria","adm0_a3":"NGA","scalerank":8,"pop_max":98071},"geometry":{"type":"Point","coordinates":[3.5900028000000006,7.9700161]}},{"type":"Feature","properties":{"name":"Kpalimé","name_ar":"كبالمي","name_ascii":"Kpalime","featurecla":"Admin-1 capital","adm0":"Togo","adm0_a3":"TGO","scalerank":7,"pop_max":100479},"geometry":{"type":"Point","coordinates":[0.6300284,6.9003915000000005]}},{"type":"Feature","properties":{"name":"Sokodé","name_ar":"سوكودي","name_ascii":"Sokode","featurecla":"Admin-1 capital","adm0":"Togo","adm0_a3":"TGO","scalerank":7,"pop_max":117811},"geometry":{"type":"Point","coordinates":[1.1499967,8.9904706]}},{"type":"Feature","properties":{"name":"Mango","name_ar":"مانجو","name_ascii":"Mango","featurecla":"Populated place","adm0":"Togo","adm0_a3":"TGO","scalerank":7,"pop_max":42626},"geometry":{"type":"Point","coordinates":[0.4708134,10.3595602]}},{"type":"Feature","properties":{"name":"Ben Gardane","name_ar":"بنقردان","name_ascii":"Ben Gardane","featurecla":"Populated place","adm0":"Tunisia","adm0_a3":"TUN","scalerank":7,"pop_max":19843},"geometry":{"type":"Point","coordinates":[11.220028,33.1403919]}},{"type":"Feature","properties":{"name":"Zarzis","name_ar":"جرجيس","name_ascii":"Zarzis","featurecla":"Populated place","adm0":"Tunisia","adm0_a3":"TUN","scalerank":7,"pop_max":159161},"geometry":{"type":"Point","coordinates":[11.099983700000001,33.5103951]}},{"type":"Feature","properties":{"name":"Dehibat","name_ar":"الذهيبة","name_ascii":"Dehibat","featurecla":"Populated place","adm0":"Tunisia","adm0_a3":"TUN","scalerank":7,"pop_max":3525},"geometry":{"type":"Point","coordinates":[10.7000081,32.0170496]}},{"type":"Feature","properties":{"name":"Tozeur","name_ar":"توزر","name_ascii":"Tozeur","featurecla":"Admin-1 capital","adm0":"Tunisia","adm0_a3":"TUN","scalerank":7,"pop_max":39504},"geometry":{"type":"Point","coordinates":[8.1299841,33.930421200000005]}},{"type":"Feature","properties":{"name":"Béja","name_ar":"باجة","name_ascii":"Beja","featurecla":"Admin-1 capital","adm0":"Tunisia","adm0_a3":"TUN","scalerank":7,"pop_max":59567},"geometry":{"type":"Point","coordinates":[9.1900227,36.7304053]}},{"type":"Feature","properties":{"name":"Bizerte","name_ar":"بنزرت","name_ascii":"Bizerte","featurecla":"Admin-1 capital","adm0":"Tunisia","adm0_a3":"TUN","scalerank":7,"pop_max":139843},"geometry":{"type":"Point","coordinates":[9.8549951,37.2904228]}},{"type":"Feature","properties":{"name":"Nabeul","name_ar":"نابل","name_ascii":"Nabeul","featurecla":"Admin-1 capital","adm0":"Tunisia","adm0_a3":"TUN","scalerank":7,"pop_max":115149},"geometry":{"type":"Point","coordinates":[10.7300321,36.4603443]}},{"type":"Feature","properties":{"name":"El Kef","name_ar":"الكاف","name_ascii":"El Kef","featurecla":"Admin-1 capital","adm0":"Tunisia","adm0_a3":"TUN","scalerank":7,"pop_max":47979},"geometry":{"type":"Point","coordinates":[8.7147546,36.1826351]}},{"type":"Feature","properties":{"name":"Qasserine","name_ar":"القصرين","name_ascii":"Qasserine","featurecla":"Populated place","adm0":"Tunisia","adm0_a3":"TUN","scalerank":7,"pop_max":81987},"geometry":{"type":"Point","coordinates":[8.829993,35.1803965]}},{"type":"Feature","properties":{"name":"Gabès","name_ar":"قابس","name_ascii":"Gabes","featurecla":"Admin-1 capital","adm0":"Tunisia","adm0_a3":"TUN","scalerank":7,"pop_max":219517},"geometry":{"type":"Point","coordinates":[10.099993,33.900423]}},{"type":"Feature","properties":{"name":"Gafsa","name_ar":"قفصة","name_ascii":"Gafsa","featurecla":"Admin-1 capital","adm0":"Tunisia","adm0_a3":"TUN","scalerank":7,"pop_max":126803},"geometry":{"type":"Point","coordinates":[8.7800219,34.4204429]}},{"type":"Feature","properties":{"name":"Qairouan","name_ar":"القيروان","name_ascii":"Qairouan","featurecla":"Admin-1 capital","adm0":"Tunisia","adm0_a3":"TUN","scalerank":7,"pop_max":144522},"geometry":{"type":"Point","coordinates":[10.099993,35.6803919]}},{"type":"Feature","properties":{"name":"Ad Damazīn","name_ar":"الدمازين","name_ascii":"Ad Damazin","featurecla":"Admin-1 capital","adm0":"Sudan","adm0_a3":"SDN","scalerank":7,"pop_max":186051},"geometry":{"type":"Point","coordinates":[34.3499857,11.770404300000001]}},{"type":"Feature","properties":{"name":"Haiya","name_ar":"هيا","name_ascii":"Haiya","featurecla":"Populated place","adm0":"Sudan","adm0_a3":"SDN","scalerank":7,"pop_max":20000},"geometry":{"type":"Point","coordinates":[36.3841768,18.3362309]}},{"type":"Feature","properties":{"name":"Kawambwa","name_ar":"كاوامبوا","name_ascii":"Kawambwa","featurecla":"Populated place","adm0":"Zambia","adm0_a3":"ZMB","scalerank":7,"pop_max":20589},"geometry":{"type":"Point","coordinates":[29.080023200000003,-9.7795207]}},{"type":"Feature","properties":{"name":"Nchelenge","name_ar":"ريف نشيلنجي","name_ascii":"Nchelenge","featurecla":"Populated place","adm0":"Zambia","adm0_a3":"ZMB","scalerank":7,"pop_max":23693},"geometry":{"type":"Point","coordinates":[28.7300187,-9.3495727]}},{"type":"Feature","properties":{"name":"Chinsali","name_ar":"تشينسالي","name_ascii":"Chinsali","featurecla":"Populated place","adm0":"Zambia","adm0_a3":"ZMB","scalerank":7,"pop_max":14015},"geometry":{"type":"Point","coordinates":[32.0599963,-10.549602800000002]}},{"type":"Feature","properties":{"name":"Kasama","name_ar":"كاساما","name_ascii":"Kasama","featurecla":"Admin-1 capital","adm0":"Zambia","adm0_a3":"ZMB","scalerank":7,"pop_max":200000},"geometry":{"type":"Point","coordinates":[31.179946700000002,-10.199598400000001]}},{"type":"Feature","properties":{"name":"Kapiri Mposhi","name_ar":"كابيري مبوشي","name_ascii":"Kapiri Mposhi","featurecla":"Populated place","adm0":"Zambia","adm0_a3":"ZMB","scalerank":7,"pop_max":37942},"geometry":{"type":"Point","coordinates":[28.6599971,-13.9696008]}},{"type":"Feature","properties":{"name":"Mumbwa","name_ar":"موامبا","name_ascii":"Mumbwa","featurecla":"Populated place","adm0":"Zambia","adm0_a3":"ZMB","scalerank":7,"pop_max":19086},"geometry":{"type":"Point","coordinates":[27.0700166,-14.9796167]}},{"type":"Feature","properties":{"name":"Chingola","name_ar":"شينغولا","name_ascii":"Chingola","featurecla":"Populated place","adm0":"Zambia","adm0_a3":"ZMB","scalerank":7,"pop_max":182015},"geometry":{"type":"Point","coordinates":[27.8500207,-12.5396106]}},{"type":"Feature","properties":{"name":"Chililabombwe","name_ar":"تشيليلابومبوي","name_ascii":"Chililabombwe","featurecla":"Populated place","adm0":"Zambia","adm0_a3":"ZMB","scalerank":7,"pop_max":82068},"geometry":{"type":"Point","coordinates":[27.8199967,-12.3695951]}},{"type":"Feature","properties":{"name":"Nyimba","name_ar":"نيمبا","name_ascii":"Nyimba","featurecla":"Populated place","adm0":"Zambia","adm0_a3":"ZMB","scalerank":7,"pop_max":1336},"geometry":{"type":"Point","coordinates":[30.809995100000002,-14.5495137]}},{"type":"Feature","properties":{"name":"Lundazi","name_ar":"لوندازي","name_ascii":"Lundazi","featurecla":"Populated place","adm0":"Zambia","adm0_a3":"ZMB","scalerank":7,"pop_max":11635},"geometry":{"type":"Point","coordinates":[33.1700061,-12.2895483]}},{"type":"Feature","properties":{"name":"Chipata","name_ar":"تشيباتا","name_ascii":"Chipata","featurecla":"Admin-1 region capital","adm0":"Zambia","adm0_a3":"ZMB","scalerank":7,"pop_max":85963},"geometry":{"type":"Point","coordinates":[32.6400126,-13.6295699]}},{"type":"Feature","properties":{"name":"Mwinilunga","name_ar":"موينيلونغا","name_ascii":"Mwinilunga","featurecla":"Populated place","adm0":"Zambia","adm0_a3":"ZMB","scalerank":7,"pop_max":13798},"geometry":{"type":"Point","coordinates":[24.4399963,-11.7395561]}},{"type":"Feature","properties":{"name":"Kasempa","name_ar":"كاسيمبا","name_ascii":"Kasempa","featurecla":"Populated place","adm0":"Zambia","adm0_a3":"ZMB","scalerank":7,"pop_max":5622},"geometry":{"type":"Point","coordinates":[25.8200154,-13.4596061]}},{"type":"Feature","properties":{"name":"Solwezi","name_ar":"سولويزي","name_ascii":"Solwezi","featurecla":"Admin-1 capital","adm0":"Zambia","adm0_a3":"ZMB","scalerank":7,"pop_max":65000},"geometry":{"type":"Point","coordinates":[26.39998,-12.1795809]}},{"type":"Feature","properties":{"name":"Choma","name_ar":"تشوما","name_ascii":"Choma","featurecla":"Populated place","adm0":"Zambia","adm0_a3":"ZMB","scalerank":7,"pop_max":46746},"geometry":{"type":"Point","coordinates":[26.9700227,-16.8094791]}},{"type":"Feature","properties":{"name":"Mongu","name_ar":"مونغو","name_ascii":"Mongu","featurecla":"Admin-1 capital","adm0":"Zambia","adm0_a3":"ZMB","scalerank":7,"pop_max":52534},"geometry":{"type":"Point","coordinates":[23.1200252,-15.2795984]}},{"type":"Feature","properties":{"name":"Kaoma","name_ar":"كاوما","name_ascii":"Kaoma","featurecla":"Populated place","adm0":"Zambia","adm0_a3":"ZMB","scalerank":7,"pop_max":14212},"geometry":{"type":"Point","coordinates":[24.7999743,-14.7796289]}},{"type":"Feature","properties":{"name":"Sesheke","name_ar":"سيشيك","name_ascii":"Sesheke","featurecla":"Populated place","adm0":"Zambia","adm0_a3":"ZMB","scalerank":7,"pop_max":20149},"geometry":{"type":"Point","coordinates":[24.3000048,-17.4695422]}},{"type":"Feature","properties":{"name":"Lukulu","name_ar":"لوكولو","name_ascii":"Lukulu","featurecla":"Populated place","adm0":"Zambia","adm0_a3":"ZMB","scalerank":7,"pop_max":3349},"geometry":{"type":"Point","coordinates":[23.2400179,-14.3895752]}},{"type":"Feature","properties":{"name":"Kalabo","name_ar":"كالابو","name_ascii":"Kalabo","featurecla":"Populated place","adm0":"Zambia","adm0_a3":"ZMB","scalerank":7,"pop_max":7731},"geometry":{"type":"Point","coordinates":[22.6800004,-14.989590199999999]}},{"type":"Feature","properties":{"name":"Senanga","name_ar":"سينانغا","name_ascii":"Senanga","featurecla":"Populated place","adm0":"Zambia","adm0_a3":"ZMB","scalerank":7,"pop_max":10005},"geometry":{"type":"Point","coordinates":[23.2700419,-16.1195988]}},{"type":"Feature","properties":{"name":"Mazowe","name_ar":"مازوي","name_ascii":"Mazowe","featurecla":"Populated place","adm0":"Zimbabwe","adm0_a3":"ZWE","scalerank":7,"pop_max":9966},"geometry":{"type":"Point","coordinates":[30.970037,-17.5196167]}},{"type":"Feature","properties":{"name":"Shamva","name_ar":"ريف شامفا","name_ascii":"Shamva","featurecla":"Populated place","adm0":"Zimbabwe","adm0_a3":"ZWE","scalerank":7,"pop_max":10317},"geometry":{"type":"Point","coordinates":[31.5700004,-17.3196289]}},{"type":"Feature","properties":{"name":"Victoria Falls","name_ar":"شلالات فيكتوريا","name_ascii":"Victoria Falls","featurecla":"Populated place","adm0":"Zimbabwe","adm0_a3":"ZWE","scalerank":7,"pop_max":35761},"geometry":{"type":"Point","coordinates":[25.8400142,-17.9296175]}},{"type":"Feature","properties":{"name":"Zvishavane","name_ar":"زفيشافان","name_ascii":"Zvishavane","featurecla":"Populated place","adm0":"Zimbabwe","adm0_a3":"ZWE","scalerank":7,"pop_max":35896},"geometry":{"type":"Point","coordinates":[30.0499898,-20.329574400000002]}},{"type":"Feature","properties":{"name":"Kwekwe","name_ar":"كويكوى","name_ascii":"Kwekwe","featurecla":"Populated place","adm0":"Zimbabwe","adm0_a3":"ZWE","scalerank":7,"pop_max":99149},"geometry":{"type":"Point","coordinates":[29.7999792,-18.9296081]}},{"type":"Feature","properties":{"name":"Plumtree","name_ar":"بلومتري","name_ascii":"Plumtree","featurecla":"Populated place","adm0":"Zimbabwe","adm0_a3":"ZWE","scalerank":7,"pop_max":2148},"geometry":{"type":"Point","coordinates":[27.8199967,-20.479539400000004]}},{"type":"Feature","properties":{"name":"Beitbridge","name_ar":"بيتبريدج","name_ascii":"Beitbridge","featurecla":"Populated place","adm0":"Zimbabwe","adm0_a3":"ZWE","scalerank":7,"pop_max":26459},"geometry":{"type":"Point","coordinates":[29.9899934,-22.2096146]}},{"type":"Feature","properties":{"name":"Gwanda","name_ar":"جواندا","name_ascii":"Gwanda","featurecla":"Admin-1 capital","adm0":"Zimbabwe","adm0_a3":"ZWE","scalerank":7,"pop_max":14450},"geometry":{"type":"Point","coordinates":[29.0100016,-20.9396146]}},{"type":"Feature","properties":{"name":"Chiredzi","name_ar":"شيريدزي","name_ascii":"Chiredzi","featurecla":"Populated place","adm0":"Zimbabwe","adm0_a3":"ZWE","scalerank":7,"pop_max":28205},"geometry":{"type":"Point","coordinates":[31.660020700000004,-21.0495821]}},{"type":"Feature","properties":{"name":"Masvingo","name_ar":"ماسفينغو","name_ascii":"Masvingo","featurecla":"Admin-1 capital","adm0":"Zimbabwe","adm0_a3":"ZWE","scalerank":7,"pop_max":76311},"geometry":{"type":"Point","coordinates":[30.8200203,-20.0596167]}},{"type":"Feature","properties":{"name":"Karoi","name_ar":"كاروي","name_ascii":"Karoi","featurecla":"Populated place","adm0":"Zimbabwe","adm0_a3":"ZWE","scalerank":7,"pop_max":25030},"geometry":{"type":"Point","coordinates":[29.679986499999995,-16.8195561]}},{"type":"Feature","properties":{"name":"Chinhoyi","name_ar":"تشينهوي","name_ascii":"Chinhoyi","featurecla":"Admin-1 capital","adm0":"Zimbabwe","adm0_a3":"ZWE","scalerank":7,"pop_max":61739},"geometry":{"type":"Point","coordinates":[30.1800077,-17.3596264]}},{"type":"Feature","properties":{"name":"Kariba","name_ar":"كاريبا","name_ascii":"Kariba","featurecla":"Admin-1 capital","adm0":"Zimbabwe","adm0_a3":"ZWE","scalerank":7,"pop_max":25531},"geometry":{"type":"Point","coordinates":[28.800040200000005,-16.5295996]}},{"type":"Feature","properties":{"name":"Golela","name_ar":"غوليلا","name_ascii":"Golela","featurecla":"Populated place","adm0":"eSwatini","adm0_a3":"SWZ","scalerank":7,"pop_max":3695},"geometry":{"type":"Point","coordinates":[31.900006099999995,-27.2961776]}},{"type":"Feature","properties":{"name":"Maridi","name_ar":"ماريدي","name_ascii":"Maridi","featurecla":"Populated place","adm0":"South Sudan","adm0_a3":"SSD","scalerank":7,"pop_max":14224},"geometry":{"type":"Point","coordinates":[29.476949800000003,4.9151121]}},{"type":"Feature","properties":{"name":"Yei","name_ar":"ياي","name_ascii":"Yei","featurecla":"Admin-1 capital","adm0":"South Sudan","adm0_a3":"SSD","scalerank":7,"pop_max":185000},"geometry":{"type":"Point","coordinates":[30.6800288,4.0903821]}},{"type":"Feature","properties":{"name":"Melut","name_ar":"ميلوت","name_ascii":"Melut","featurecla":"Populated place","adm0":"South Sudan","adm0_a3":"SSD","scalerank":7,"pop_max":6407},"geometry":{"type":"Point","coordinates":[32.2000394,10.43369]}},{"type":"Feature","properties":{"name":"Nasir","name_ar":"الناصر","name_ascii":"Nasir","featurecla":"Populated place","adm0":"South Sudan","adm0_a3":"SSD","scalerank":7,"pop_max":1741},"geometry":{"type":"Point","coordinates":[33.066601500000004,8.6003911]}},{"type":"Feature","properties":{"name":"Gogrial","name_ar":"قوقريال","name_ascii":"Gogrial","featurecla":"Populated place","adm0":"South Sudan","adm0_a3":"SSD","scalerank":7,"pop_max":50065},"geometry":{"type":"Point","coordinates":[28.1166711,8.5337285]}},{"type":"Feature","properties":{"name":"El Manaqil","name_ar":"المناقل","name_ascii":"El Manaqil","featurecla":"Admin-1 capital","adm0":"Sudan","adm0_a3":"SDN","scalerank":7,"pop_max":151827},"geometry":{"type":"Point","coordinates":[32.9799918,14.2503821]}},{"type":"Feature","properties":{"name":"Shendi","name_ar":"شندي","name_ascii":"Shendi","featurecla":"Populated place","adm0":"Sudan","adm0_a3":"SDN","scalerank":7,"pop_max":186611},"geometry":{"type":"Point","coordinates":[33.4200166,16.6804922]}},{"type":"Feature","properties":{"name":"Berber","name_ar":"بربر","name_ascii":"Berber","featurecla":"Populated place","adm0":"Sudan","adm0_a3":"SDN","scalerank":7,"pop_max":49556},"geometry":{"type":"Point","coordinates":[33.9832898,18.0170256]}},{"type":"Feature","properties":{"name":"Kerma","name_ar":"كرمة","name_ascii":"Kerma","featurecla":"Populated place","adm0":"Sudan","adm0_a3":"SDN","scalerank":7,"pop_max":3928},"geometry":{"type":"Point","coordinates":[30.416582399999996,19.6336969]}},{"type":"Feature","properties":{"name":"Ed Dueim","name_ar":"الدويم","name_ascii":"Ed Dueim","featurecla":"Populated place","adm0":"Sudan","adm0_a3":"SDN","scalerank":7,"pop_max":87068},"geometry":{"type":"Point","coordinates":[32.2999816,13.990398]}},{"type":"Feature","properties":{"name":"Umm Ruwaba","name_ar":"أم روابة","name_ascii":"Umm Ruwaba","featurecla":"Populated place","adm0":"Sudan","adm0_a3":"SDN","scalerank":7,"pop_max":55742},"geometry":{"type":"Point","coordinates":[31.199997100000004,12.910438000000001]}},{"type":"Feature","properties":{"name":"Kapoeta","name_ar":"كبويتا","name_ascii":"Kapoeta","featurecla":"Admin-1 capital","adm0":"South Sudan","adm0_a3":"SSD","scalerank":7,"pop_max":7042},"geometry":{"type":"Point","coordinates":[33.5902388,4.7721234]}},{"type":"Feature","properties":{"name":"Jinja","name_ar":"جينجا","name_ascii":"Jinja","featurecla":"Admin-1 region capital","adm0":"Uganda","adm0_a3":"UGA","scalerank":7,"pop_max":301619},"geometry":{"type":"Point","coordinates":[33.1999267,0.44042400000000004]}},{"type":"Feature","properties":{"name":"Soroti","name_ar":"سوروتي","name_ascii":"Soroti","featurecla":"Admin-1 capital","adm0":"Uganda","adm0_a3":"UGA","scalerank":7,"pop_max":1038},"geometry":{"type":"Point","coordinates":[33.6000057,1.7103982]}},{"type":"Feature","properties":{"name":"Arua","name_ar":"أروا","name_ascii":"Arua","featurecla":"Admin-1 region capital","adm0":"Uganda","adm0_a3":"UGA","scalerank":7,"pop_max":250000},"geometry":{"type":"Point","coordinates":[30.900015399999997,3.0203699]}},{"type":"Feature","properties":{"name":"Pakwach","name_ar":"باكواتش","name_ascii":"Pakwach","featurecla":"Populated place","adm0":"Uganda","adm0_a3":"UGA","scalerank":7,"pop_max":17541},"geometry":{"type":"Point","coordinates":[31.479980000000005,2.4703776]}},{"type":"Feature","properties":{"name":"Moyo","name_ar":"مويو","name_ascii":"Moyo","featurecla":"Admin-1 capital","adm0":"Uganda","adm0_a3":"UGA","scalerank":7,"pop_max":22434},"geometry":{"type":"Point","coordinates":[31.720016999999995,3.6504090000000002]}},{"type":"Feature","properties":{"name":"Entebbe","name_ar":"إنتيبي","name_ascii":"Entebbe","featurecla":"Admin-1 capital","adm0":"Uganda","adm0_a3":"UGA","scalerank":7,"pop_max":175128},"geometry":{"type":"Point","coordinates":[32.4600236,0.060395500000000005]}},{"type":"Feature","properties":{"name":"Mubende","name_ar":"موبيندي","name_ascii":"Mubende","featurecla":"Admin-1 capital","adm0":"Uganda","adm0_a3":"UGA","scalerank":7,"pop_max":18936},"geometry":{"type":"Point","coordinates":[31.3700126,0.5904407]}},{"type":"Feature","properties":{"name":"Mityana","name_ar":"ميتيانا","name_ascii":"Mityana","featurecla":"Admin-1 capital","adm0":"Uganda","adm0_a3":"UGA","scalerank":7,"pop_max":41131},"geometry":{"type":"Point","coordinates":[32.0500227,0.4004265]}},{"type":"Feature","properties":{"name":"Kitgum","name_ar":"كيتغوم","name_ascii":"Kitgum","featurecla":"Admin-1 capital","adm0":"Uganda","adm0_a3":"UGA","scalerank":7,"pop_max":56891},"geometry":{"type":"Point","coordinates":[32.8700244,3.3004045]}},{"type":"Feature","properties":{"name":"Lira","name_ar":"ليرا","name_ascii":"Lira","featurecla":"Admin-1 capital","adm0":"Uganda","adm0_a3":"UGA","scalerank":7,"pop_max":135445},"geometry":{"type":"Point","coordinates":[32.8900232,2.2603904]}},{"type":"Feature","properties":{"name":"Masindi-Port","name_ar":"ماسيندي بورت","name_ascii":"Masindi-Port","featurecla":"Admin-1 capital","adm0":"Uganda","adm0_a3":"UGA","scalerank":7,"pop_max":8319},"geometry":{"type":"Point","coordinates":[32.0699182,1.7003988000000003]}},{"type":"Feature","properties":{"name":"Mbale","name_ar":"مبالي","name_ascii":"Mbale","featurecla":"Admin-1 region capital","adm0":"Uganda","adm0_a3":"UGA","scalerank":7,"pop_max":402368},"geometry":{"type":"Point","coordinates":[34.1699967,1.0904102000000002]}},{"type":"Feature","properties":{"name":"Tororo","name_ar":"تورورو","name_ascii":"Tororo","featurecla":"Admin-1 capital","adm0":"Uganda","adm0_a3":"UGA","scalerank":7,"pop_max":150000},"geometry":{"type":"Point","coordinates":[34.1699967,0.7103817]}},{"type":"Feature","properties":{"name":"Kaabong","name_ar":"كابونج","name_ascii":"Kaabong","featurecla":"Populated place","adm0":"Uganda","adm0_a3":"UGA","scalerank":7,"pop_max":1137},"geometry":{"type":"Point","coordinates":[34.1200256,3.5203911]}},{"type":"Feature","properties":{"name":"Moroto","name_ar":"موروتو","name_ascii":"Moroto","featurecla":"Admin-1 region capital","adm0":"Uganda","adm0_a3":"UGA","scalerank":7,"pop_max":371},"geometry":{"type":"Point","coordinates":[34.6399939,2.5403475]}},{"type":"Feature","properties":{"name":"Tunduma","name_ar":"تندوما","name_ascii":"Tunduma","featurecla":"Populated place","adm0":"Tanzania","adm0_a3":"TZA","scalerank":7,"pop_max":36556},"geometry":{"type":"Point","coordinates":[32.7749397,-9.2846155]}},{"type":"Feature","properties":{"name":"Tukuyu","name_ar":"توكويو","name_ascii":"Tukuyu","featurecla":"Populated place","adm0":"Tanzania","adm0_a3":"TZA","scalerank":7,"pop_max":127570},"geometry":{"type":"Point","coordinates":[33.6400032,-9.2495788]}},{"type":"Feature","properties":{"name":"Sumbawanga","name_ar":"سومباوانغا","name_ascii":"Sumbawanga","featurecla":"Admin-1 capital","adm0":"Tanzania","adm0_a3":"TZA","scalerank":7,"pop_max":89161},"geometry":{"type":"Point","coordinates":[31.620023199999995,-7.9595801]}},{"type":"Feature","properties":{"name":"Mpanda","name_ar":"مباندا","name_ascii":"Mpanda","featurecla":"Populated place","adm0":"Tanzania","adm0_a3":"TZA","scalerank":7,"pop_max":73338},"geometry":{"type":"Point","coordinates":[31.0500321,-6.3595744]}},{"type":"Feature","properties":{"name":"Kipili","name_ar":"كيبيلي","name_ascii":"Kipili","featurecla":"Admin-1 capital","adm0":"Tanzania","adm0_a3":"TZA","scalerank":7,"pop_max":1533},"geometry":{"type":"Point","coordinates":[30.599982100000002,-7.432893900000001]}},{"type":"Feature","properties":{"name":"Karema","name_ar":"كريمة","name_ascii":"Karema","featurecla":"Populated place","adm0":"Tanzania","adm0_a3":"TZA","scalerank":7,"pop_max":16385},"geometry":{"type":"Point","coordinates":[30.4332739,-6.8161873]}},{"type":"Feature","properties":{"name":"Geita","name_ar":"غيتا","name_ascii":"Geita","featurecla":"Populated place","adm0":"Tanzania","adm0_a3":"TZA","scalerank":7,"pop_max":1536},"geometry":{"type":"Point","coordinates":[32.1666048,-2.8661959000000006]}},{"type":"Feature","properties":{"name":"Nyahanga","name_ar":"نياهانجا","name_ascii":"Nyahanga","featurecla":"Populated place","adm0":"Tanzania","adm0_a3":"TZA","scalerank":7,"pop_max":16092},"geometry":{"type":"Point","coordinates":[33.5500345,-2.3829179]}},{"type":"Feature","properties":{"name":"Kahama","name_ar":"كاهاما","name_ascii":"Kahama","featurecla":"Populated place","adm0":"Tanzania","adm0_a3":"TZA","scalerank":7,"pop_max":36014},"geometry":{"type":"Point","coordinates":[32.5800162,-3.8195744]}},{"type":"Feature","properties":{"name":"Shinyanga","name_ar":"شينيانغا","name_ascii":"Shinyanga","featurecla":"Admin-1 capital","adm0":"Tanzania","adm0_a3":"TZA","scalerank":7,"pop_max":107362},"geometry":{"type":"Point","coordinates":[33.4200166,-3.6595841000000005]}},{"type":"Feature","properties":{"name":"Nzega","name_ar":"نزيجا","name_ascii":"Nzega","featurecla":"Populated place","adm0":"Tanzania","adm0_a3":"TZA","scalerank":7,"pop_max":26584},"geometry":{"type":"Point","coordinates":[33.1800313,-4.2096281]}},{"type":"Feature","properties":{"name":"Sikonge","name_ar":"سيكونغي","name_ascii":"Sikonge","featurecla":"Populated place","adm0":"Tanzania","adm0_a3":"TZA","scalerank":7,"pop_max":27113},"geometry":{"type":"Point","coordinates":[32.7700305,-5.6295414]}},{"type":"Feature","properties":{"name":"Biharamulo","name_ar":"محافظة بيهارامولو","name_ascii":"Biharamulo","featurecla":"Populated place","adm0":"Tanzania","adm0_a3":"TZA","scalerank":7,"pop_max":34038},"geometry":{"type":"Point","coordinates":[31.3100162,-2.6296212]}},{"type":"Feature","properties":{"name":"Bukoba","name_ar":"بوكوبا","name_ascii":"Bukoba","featurecla":"Admin-1 capital","adm0":"Tanzania","adm0_a3":"TZA","scalerank":7,"pop_max":100504},"geometry":{"type":"Point","coordinates":[31.799960500000005,-1.3196236]}},{"type":"Feature","properties":{"name":"Ngara","name_ar":"نجارا","name_ascii":"Ngara","featurecla":"Populated place","adm0":"Tanzania","adm0_a3":"TZA","scalerank":7,"pop_max":16890},"geometry":{"type":"Point","coordinates":[30.6500048,-2.4695276]}},{"type":"Feature","properties":{"name":"Masaka","name_ar":"ماساكا","name_ascii":"Masaka","featurecla":"Admin-1 region capital","adm0":"Uganda","adm0_a3":"UGA","scalerank":7,"pop_max":65373},"geometry":{"type":"Point","coordinates":[31.729990600000004,-0.3296065]}},{"type":"Feature","properties":{"name":"Kakonko","name_ar":"كاكونكو","name_ascii":"Kakonko","featurecla":"Populated place","adm0":"Tanzania","adm0_a3":"TZA","scalerank":7,"pop_max":24688},"geometry":{"type":"Point","coordinates":[30.960011800000004,-3.2796073]}},{"type":"Feature","properties":{"name":"Kasulu","name_ar":"كاسولو","name_ascii":"Kasulu","featurecla":"Populated place","adm0":"Tanzania","adm0_a3":"TZA","scalerank":7,"pop_max":37349},"geometry":{"type":"Point","coordinates":[30.1000126,-4.5795797]}},{"type":"Feature","properties":{"name":"Kanyato","name_ar":"كانياتو","name_ascii":"Kanyato","featurecla":"Populated place","adm0":"Tanzania","adm0_a3":"TZA","scalerank":7,"pop_max":232},"geometry":{"type":"Point","coordinates":[30.261398099999997,-4.4565381]}},{"type":"Feature","properties":{"name":"Uvinza","name_ar":"يوفينزا","name_ascii":"Uvinza","featurecla":"Populated place","adm0":"Tanzania","adm0_a3":"TZA","scalerank":7,"pop_max":80350},"geometry":{"type":"Point","coordinates":[30.3900207,-5.1195984]}},{"type":"Feature","properties":{"name":"Kigoma","name_ar":"كيغوما","name_ascii":"Kigoma","featurecla":"Admin-1 capital","adm0":"Tanzania","adm0_a3":"TZA","scalerank":7,"pop_max":164268},"geometry":{"type":"Point","coordinates":[29.6100166,-4.879613]}},{"type":"Feature","properties":{"name":"Katwe","name_ar":"كاتوي","name_ascii":"Katwe","featurecla":"Populated place","adm0":"Uganda","adm0_a3":"UGA","scalerank":7,"pop_max":1957},"geometry":{"type":"Point","coordinates":[29.920023599999997,-0.1296187]}},{"type":"Feature","properties":{"name":"Mbarara","name_ar":"مبارارا","name_ascii":"Mbarara","featurecla":"Admin-1 region capital","adm0":"Uganda","adm0_a3":"UGA","scalerank":7,"pop_max":83700},"geometry":{"type":"Point","coordinates":[30.6500048,-0.5996159]}},{"type":"Feature","properties":{"name":"Kabale","name_ar":"كابالي","name_ascii":"Kabale","featurecla":"Admin-1 capital","adm0":"Uganda","adm0_a3":"UGA","scalerank":7,"pop_max":44600},"geometry":{"type":"Point","coordinates":[29.979968200000002,-1.249602]}},{"type":"Feature","properties":{"name":"Mikumi","name_ar":"ميكومي","name_ascii":"Mikumi","featurecla":"Populated place","adm0":"Tanzania","adm0_a3":"TZA","scalerank":7,"pop_max":16780},"geometry":{"type":"Point","coordinates":[36.9800061,-7.3996142]}},{"type":"Feature","properties":{"name":"Ifakara","name_ar":"إيفاكارا","name_ascii":"Ifakara","featurecla":"Populated place","adm0":"Tanzania","adm0_a3":"TZA","scalerank":7,"pop_max":49528},"geometry":{"type":"Point","coordinates":[36.6800244,-8.1295955]}},{"type":"Feature","properties":{"name":"Kilosa","name_ar":"كيلوزا","name_ascii":"Kilosa","featurecla":"Populated place","adm0":"Tanzania","adm0_a3":"TZA","scalerank":7,"pop_max":91889},"geometry":{"type":"Point","coordinates":[36.9900313,-6.8395967]}},{"type":"Feature","properties":{"name":"Chake Chake","name_ar":"تشاك-تشاك","name_ascii":"Chake Chake","featurecla":"Admin-1 capital","adm0":"Tanzania","adm0_a3":"TZA","scalerank":7,"pop_max":49959},"geometry":{"type":"Point","coordinates":[39.7700166,-5.2395394]}},{"type":"Feature","properties":{"name":"Kibiti","name_ar":"كيبيتي","name_ascii":"Kibiti","featurecla":"Populated place","adm0":"Tanzania","adm0_a3":"TZA","scalerank":7,"pop_max":30163},"geometry":{"type":"Point","coordinates":[38.950015,-7.7296199]}},{"type":"Feature","properties":{"name":"Bagamoyo","name_ar":"باجامويو","name_ascii":"Bagamoyo","featurecla":"Populated place","adm0":"Tanzania","adm0_a3":"TZA","scalerank":7,"pop_max":82426},"geometry":{"type":"Point","coordinates":[38.8900187,-6.4396212]}},{"type":"Feature","properties":{"name":"Kilindoni","name_ar":"كيليندوني","name_ascii":"Kilindoni","featurecla":"Populated place","adm0":"Tanzania","adm0_a3":"TZA","scalerank":7,"pop_max":12409},"geometry":{"type":"Point","coordinates":[39.650024,-7.916275199999999]}},{"type":"Feature","properties":{"name":"Mpwapwa","name_ar":"مبوابوا","name_ascii":"Mpwapwa","featurecla":"Populated place","adm0":"Tanzania","adm0_a3":"TZA","scalerank":7,"pop_max":19806},"geometry":{"type":"Point","coordinates":[36.4799849,-6.3496008]}},{"type":"Feature","properties":{"name":"Njombe","name_ar":"نجومبي","name_ascii":"Njombe","featurecla":"Populated place","adm0":"Tanzania","adm0_a3":"TZA","scalerank":7,"pop_max":46724},"geometry":{"type":"Point","coordinates":[34.7700118,-9.329625600000002]}},{"type":"Feature","properties":{"name":"Iringa","name_ar":"إيرينغا","name_ascii":"Iringa","featurecla":"Admin-1 capital","adm0":"Tanzania","adm0_a3":"TZA","scalerank":7,"pop_max":111820},"geometry":{"type":"Point","coordinates":[35.6900073,-7.7696175]}},{"type":"Feature","properties":{"name":"Masasi","name_ar":"ماساسي","name_ascii":"Masasi","featurecla":"Populated place","adm0":"Tanzania","adm0_a3":"TZA","scalerank":7,"pop_max":36032},"geometry":{"type":"Point","coordinates":[38.7999467,-10.7295919]}},{"type":"Feature","properties":{"name":"Mtwara","name_ar":"متوارا","name_ascii":"Mtwara","featurecla":"Admin-1 capital","adm0":"Tanzania","adm0_a3":"TZA","scalerank":7,"pop_max":96602},"geometry":{"type":"Point","coordinates":[40.189991,-10.269619900000002]}},{"type":"Feature","properties":{"name":"Tunduru","name_ar":"توندورو","name_ascii":"Tunduru","featurecla":"Populated place","adm0":"Tanzania","adm0_a3":"TZA","scalerank":7,"pop_max":600},"geometry":{"type":"Point","coordinates":[37.3700081,-11.0895699]}},{"type":"Feature","properties":{"name":"Mbamba Bay","name_ar":"خليج مبامبا","name_ascii":"Mbamba Bay","featurecla":"Populated place","adm0":"Tanzania","adm0_a3":"TZA","scalerank":7,"pop_max":8997},"geometry":{"type":"Point","coordinates":[34.7666011,-11.2829431]}},{"type":"Feature","properties":{"name":"Manyoni","name_ar":"مانيوني","name_ascii":"Manyoni","featurecla":"Populated place","adm0":"Tanzania","adm0_a3":"TZA","scalerank":7,"pop_max":310},"geometry":{"type":"Point","coordinates":[34.9000297,-5.779609800000001]}},{"type":"Feature","properties":{"name":"Itigi","name_ar":"ايتيجي","name_ascii":"Itigi","featurecla":"Populated place","adm0":"Tanzania","adm0_a3":"TZA","scalerank":7,"pop_max":19711},"geometry":{"type":"Point","coordinates":[34.4800036,-5.6996146]}},{"type":"Feature","properties":{"name":"Singida","name_ar":"محافظة سينغيدا","name_ascii":"Singida","featurecla":"Admin-1 capital","adm0":"Tanzania","adm0_a3":"TZA","scalerank":7,"pop_max":62432},"geometry":{"type":"Point","coordinates":[34.7400394,-4.8196167]}},{"type":"Feature","properties":{"name":"Ngorongoro","name_ar":"نجورونجورو","name_ascii":"Ngorongoro","featurecla":"Populated place","adm0":"Tanzania","adm0_a3":"TZA","scalerank":7,"pop_max":10836},"geometry":{"type":"Point","coordinates":[35.5199918,-3.2495833]}},{"type":"Feature","properties":{"name":"Oldeani","name_ar":"أولدياني","name_ascii":"Oldeani","featurecla":"Populated place","adm0":"Tanzania","adm0_a3":"TZA","scalerank":7,"pop_max":8000},"geometry":{"type":"Point","coordinates":[35.5500158,-3.3496289]}},{"type":"Feature","properties":{"name":"Mbulu","name_ar":"مبولو","name_ascii":"Mbulu","featurecla":"Populated place","adm0":"Tanzania","adm0_a3":"TZA","scalerank":7,"pop_max":13430},"geometry":{"type":"Point","coordinates":[35.530017,-3.8495984]}},{"type":"Feature","properties":{"name":"Babati","name_ar":"باباتي","name_ascii":"Babati","featurecla":"Admin-1 capital","adm0":"Tanzania","adm0_a3":"TZA","scalerank":7,"pop_max":34291},"geometry":{"type":"Point","coordinates":[35.7500036,-4.2195499]}},{"type":"Feature","properties":{"name":"Same","name_ar":"سيم","name_ascii":"Same","featurecla":"Populated place","adm0":"Tanzania","adm0_a3":"TZA","scalerank":7,"pop_max":17455},"geometry":{"type":"Point","coordinates":[37.7200126,-4.0695849]}},{"type":"Feature","properties":{"name":"Moshi","name_ar":"موشي","name_ascii":"Moshi","featurecla":"Admin-1 capital","adm0":"Tanzania","adm0_a3":"TZA","scalerank":7,"pop_max":721018},"geometry":{"type":"Point","coordinates":[37.3399841,-3.3396037]}},{"type":"Feature","properties":{"name":"Musoma","name_ar":"موسوما","name_ascii":"Musoma","featurecla":"Admin-1 capital","adm0":"Tanzania","adm0_a3":"TZA","scalerank":7,"pop_max":133156},"geometry":{"type":"Point","coordinates":[33.7999934,-1.4895874]}},{"type":"Feature","properties":{"name":"Korogwe","name_ar":"كوروغوي","name_ascii":"Korogwe","featurecla":"Populated place","adm0":"Tanzania","adm0_a3":"TZA","scalerank":7,"pop_max":50000},"geometry":{"type":"Point","coordinates":[38.5400142,-5.089574400000001]}},{"type":"Feature","properties":{"name":"En Nuhud","name_ar":"النهود","name_ascii":"En Nuhud","featurecla":"Populated place","adm0":"Sudan","adm0_a3":"SDN","scalerank":7,"pop_max":108008},"geometry":{"type":"Point","coordinates":[28.4200118,12.6904256]}},{"type":"Feature","properties":{"name":"Muglad","name_ar":"المجلد","name_ascii":"Muglad","featurecla":"Populated place","adm0":"Sudan","adm0_a3":"SDN","scalerank":7,"pop_max":19997},"geometry":{"type":"Point","coordinates":[27.733335300000004,11.0337309]}},{"type":"Feature","properties":{"name":"Nyanza","name_ar":"محافظة نيانزا","name_ascii":"Nyanza","featurecla":"Populated place","adm0":"Rwanda","adm0_a3":"RWA","scalerank":7,"pop_max":225209},"geometry":{"type":"Point","coordinates":[29.740034499999997,-2.3495866]}},{"type":"Feature","properties":{"name":"Gitarama","name_ar":"جيتاراما","name_ascii":"Gitarama","featurecla":"Admin-1 capital","adm0":"Rwanda","adm0_a3":"RWA","scalerank":7,"pop_max":87613},"geometry":{"type":"Point","coordinates":[29.7599816,-2.0696037]}},{"type":"Feature","properties":{"name":"Butare","name_ar":"هويي","name_ascii":"Butare","featurecla":"Admin-1 capital","adm0":"Rwanda","adm0_a3":"RWA","scalerank":7,"pop_max":77000},"geometry":{"type":"Point","coordinates":[29.7300093,-2.5896236]}},{"type":"Feature","properties":{"name":"Gisenyi","name_ar":"جيسايني","name_ascii":"Gisenyi","featurecla":"Admin-1 capital","adm0":"Rwanda","adm0_a3":"RWA","scalerank":7,"pop_max":83623},"geometry":{"type":"Point","coordinates":[29.262906,-1.6846659]}},{"type":"Feature","properties":{"name":"Cyangugu","name_ar":"سيانجوجو","name_ascii":"Cyangugu","featurecla":"Admin-1 capital","adm0":"Rwanda","adm0_a3":"RWA","scalerank":7,"pop_max":19900},"geometry":{"type":"Point","coordinates":[28.899982500000004,-2.4796045]}},{"type":"Feature","properties":{"name":"Byumba","name_ar":"بيومبا","name_ascii":"Byumba","featurecla":"Admin-1 capital","adm0":"Rwanda","adm0_a3":"RWA","scalerank":7,"pop_max":70593},"geometry":{"type":"Point","coordinates":[30.060015000000003,-1.5795561]}},{"type":"Feature","properties":{"name":"Ruhengeri","name_ar":"موزانزي","name_ascii":"Ruhengeri","featurecla":"Admin-1 capital","adm0":"Rwanda","adm0_a3":"RWA","scalerank":7,"pop_max":86685},"geometry":{"type":"Point","coordinates":[29.6300154,-1.4996126]}},{"type":"Feature","properties":{"name":"Gouré","name_ar":"جور","name_ascii":"Goure","featurecla":"Populated place","adm0":"Niger","adm0_a3":"NER","scalerank":7,"pop_max":14639},"geometry":{"type":"Point","coordinates":[10.2700085,13.987400700000002]}},{"type":"Feature","properties":{"name":"Gaya","name_ar":"غايا","name_ascii":"Gaya","featurecla":"Populated place","adm0":"Niger","adm0_a3":"NER","scalerank":7,"pop_max":33051},"geometry":{"type":"Point","coordinates":[3.4466524,11.8881749]}},{"type":"Feature","properties":{"name":"Tillabéri","name_ar":"تيلابيري","name_ascii":"Tillaberi","featurecla":"Admin-1 capital","adm0":"Niger","adm0_a3":"NER","scalerank":7,"pop_max":19262},"geometry":{"type":"Point","coordinates":[1.453079,14.2120382]}},{"type":"Feature","properties":{"name":"Ayorou","name_ar":"أيورو","name_ascii":"Ayorou","featurecla":"Populated place","adm0":"Niger","adm0_a3":"NER","scalerank":7,"pop_max":26290},"geometry":{"type":"Point","coordinates":[0.9194681000000001,14.7317997]}},{"type":"Feature","properties":{"name":"Birni Nkonni","name_ar":"بيرني نكوني","name_ascii":"Birni Nkonni","featurecla":"Populated place","adm0":"Niger","adm0_a3":"NER","scalerank":7,"pop_max":65252},"geometry":{"type":"Point","coordinates":[5.2599267,13.790436]}},{"type":"Feature","properties":{"name":"Madaoua","name_ar":"ماداوا","name_ascii":"Madaoua","featurecla":"Populated place","adm0":"Niger","adm0_a3":"NER","scalerank":7,"pop_max":24804},"geometry":{"type":"Point","coordinates":[5.9585921,14.0761808]}},{"type":"Feature","properties":{"name":"Makeni","name_ar":"ماكيني","name_ascii":"Makeni","featurecla":"Admin-1 capital","adm0":"Sierra Leone","adm0_a3":"SLE","scalerank":7,"pop_max":87679},"geometry":{"type":"Point","coordinates":[-12.0499728,8.8804256]}},{"type":"Feature","properties":{"name":"Diourbel","name_ar":"ديوربل","name_ascii":"Diourbel","featurecla":"Admin-1 capital","adm0":"Senegal","adm0_a3":"SEN","scalerank":7,"pop_max":148024},"geometry":{"type":"Point","coordinates":[-16.2400013,14.6603829]}},{"type":"Feature","properties":{"name":"Louga","name_ar":"لوغا","name_ascii":"Louga","featurecla":"Admin-1 capital","adm0":"Senegal","adm0_a3":"SEN","scalerank":7,"pop_max":85075},"geometry":{"type":"Point","coordinates":[-16.2500007,15.6103766]}},{"type":"Feature","properties":{"name":"Thiès","name_ar":"تييس","name_ascii":"Thies","featurecla":"Admin-1 capital","adm0":"Senegal","adm0_a3":"SEN","scalerank":7,"pop_max":293001},"geometry":{"type":"Point","coordinates":[-16.9300108,14.8103996]}},{"type":"Feature","properties":{"name":"Kolda","name_ar":"كولدا","name_ascii":"Kolda","featurecla":"Admin-1 capital","adm0":"Senegal","adm0_a3":"SEN","scalerank":7,"pop_max":69267},"geometry":{"type":"Point","coordinates":[-14.950028300000001,12.910438000000001]}},{"type":"Feature","properties":{"name":"Tambacounda","name_ar":"تامباكوندا","name_ascii":"Tambacounda","featurecla":"Admin-1 capital","adm0":"Senegal","adm0_a3":"SEN","scalerank":7,"pop_max":89212},"geometry":{"type":"Point","coordinates":[-13.6800283,13.7803591]}},{"type":"Feature","properties":{"name":"Kédougou","name_ar":"كيدوغو","name_ascii":"Kedougou","featurecla":"Populated place","adm0":"Senegal","adm0_a3":"SEN","scalerank":7,"pop_max":18226},"geometry":{"type":"Point","coordinates":[-12.1799907,12.5604336]}},{"type":"Feature","properties":{"name":"Harper","name_ar":"هاربر","name_ascii":"Harper","featurecla":"Admin-1 capital","adm0":"Liberia","adm0_a3":"LBR","scalerank":7,"pop_max":32661},"geometry":{"type":"Point","coordinates":[-7.716981400000001,4.3753776]}},{"type":"Feature","properties":{"name":"Gbarnga","name_ar":"غبارنغا","name_ascii":"Gbarnga","featurecla":"Admin-1 capital","adm0":"Liberia","adm0_a3":"LBR","scalerank":7,"pop_max":45835},"geometry":{"type":"Point","coordinates":[-9.4899998,7.0104106]}},{"type":"Feature","properties":{"name":"Koidu","name_ar":"كواديتون سيفادو","name_ascii":"Koidu","featurecla":"Populated place","adm0":"Sierra Leone","adm0_a3":"SLE","scalerank":7,"pop_max":87539},"geometry":{"type":"Point","coordinates":[-10.8499943,8.4404783]}},{"type":"Feature","properties":{"name":"Kenema","name_ar":"كينيما","name_ascii":"Kenema","featurecla":"Admin-1 capital","adm0":"Sierra Leone","adm0_a3":"SLE","scalerank":7,"pop_max":143137},"geometry":{"type":"Point","coordinates":[-11.1899736,7.8804092]}},{"type":"Feature","properties":{"name":"Zwedru","name_ar":"زويدرو","name_ascii":"Zwedru","featurecla":"Admin-1 capital","adm0":"Liberia","adm0_a3":"LBR","scalerank":7,"pop_max":25678},"geometry":{"type":"Point","coordinates":[-8.1300053,6.0703904]}},{"type":"Feature","properties":{"name":"Diffa","name_ar":"ديفا","name_ascii":"Diffa","featurecla":"Admin-1 capital","adm0":"Niger","adm0_a3":"NER","scalerank":7,"pop_max":30988},"geometry":{"type":"Point","coordinates":[12.6088838,13.3170541]}},{"type":"Feature","properties":{"name":"Nguigmi","name_ar":"انقيقمي","name_ascii":"Nguigmi","featurecla":"Populated place","adm0":"Niger","adm0_a3":"NER","scalerank":7,"pop_max":17897},"geometry":{"type":"Point","coordinates":[13.110817,14.2531726]}},{"type":"Feature","properties":{"name":"Mwingi","name_ar":"مونغي","name_ascii":"Mwingi","featurecla":"Populated place","adm0":"Kenya","adm0_a3":"KEN","scalerank":7,"pop_max":11219},"geometry":{"type":"Point","coordinates":[38.070017,-0.9295699]}},{"type":"Feature","properties":{"name":"Embu","name_ar":"إمبو","name_ascii":"Embu","featurecla":"Admin-1 capital","adm0":"Kenya","adm0_a3":"KEN","scalerank":7,"pop_max":58620},"geometry":{"type":"Point","coordinates":[37.4500032,-0.5195691]}},{"type":"Feature","properties":{"name":"Machakos","name_ar":"مشاكوس","name_ascii":"Machakos","featurecla":"Populated place","adm0":"Kenya","adm0_a3":"KEN","scalerank":7,"pop_max":144925},"geometry":{"type":"Point","coordinates":[37.259989,-1.5095345]}},{"type":"Feature","properties":{"name":"Nanyuki","name_ar":"نانيوكي","name_ascii":"Nanyuki","featurecla":"Populated place","adm0":"Kenya","adm0_a3":"KEN","scalerank":7,"pop_max":36142},"geometry":{"type":"Point","coordinates":[37.0600012,0.020398]}},{"type":"Feature","properties":{"name":"Maralal","name_ar":"مارالال","name_ascii":"Maralal","featurecla":"Populated place","adm0":"Kenya","adm0_a3":"KEN","scalerank":7,"pop_max":20841},"geometry":{"type":"Point","coordinates":[36.6800244,1.1104606]}},{"type":"Feature","properties":{"name":"Konza","name_ar":"كونزا","name_ascii":"Konza","featurecla":"Populated place","adm0":"Kenya","adm0_a3":"KEN","scalerank":7,"pop_max":2004},"geometry":{"type":"Point","coordinates":[37.1199975,-1.7496232]}},{"type":"Feature","properties":{"name":"Lodwar","name_ar":"لودوار","name_ascii":"Lodwar","featurecla":"Populated place","adm0":"Kenya","adm0_a3":"KEN","scalerank":7,"pop_max":20219},"geometry":{"type":"Point","coordinates":[35.5700146,3.130389]}},{"type":"Feature","properties":{"name":"Eldama Ravine","name_ar":"إلداما رافين","name_ascii":"Eldama Ravine","featurecla":"Populated place","adm0":"Kenya","adm0_a3":"KEN","scalerank":7,"pop_max":17581},"geometry":{"type":"Point","coordinates":[35.7200313,0.05037030000000001]}},{"type":"Feature","properties":{"name":"Sotik","name_ar":"سوتيك","name_ascii":"Sotik","featurecla":"Populated place","adm0":"Kenya","adm0_a3":"KEN","scalerank":7,"pop_max":71285},"geometry":{"type":"Point","coordinates":[35.1200162,-0.6795593]}},{"type":"Feature","properties":{"name":"Namanga","name_ar":"نامانجا","name_ascii":"Namanga","featurecla":"Populated place","adm0":"Kenya","adm0_a3":"KEN","scalerank":7,"pop_max":13193},"geometry":{"type":"Point","coordinates":[36.800017,-2.5396008]}},{"type":"Feature","properties":{"name":"Naivasha","name_ar":"نايفاشا","name_ascii":"Naivasha","featurecla":"Populated place","adm0":"Kenya","adm0_a3":"KEN","scalerank":7,"pop_max":43983},"geometry":{"type":"Point","coordinates":[36.4299621,-0.7095833]}},{"type":"Feature","properties":{"name":"Kericho","name_ar":"كيريشو","name_ascii":"Kericho","featurecla":"Populated place","adm0":"Kenya","adm0_a3":"KEN","scalerank":7,"pop_max":98852},"geometry":{"type":"Point","coordinates":[35.2800065,-0.3595788]}},{"type":"Feature","properties":{"name":"Kitale","name_ar":"كيتالي","name_ascii":"Kitale","featurecla":"Populated place","adm0":"Kenya","adm0_a3":"KEN","scalerank":7,"pop_max":150495},"geometry":{"type":"Point","coordinates":[34.9899467,1.0304655]}},{"type":"Feature","properties":{"name":"Bungoma","name_ar":"بنجوما","name_ascii":"Bungoma","featurecla":"Populated place","adm0":"Kenya","adm0_a3":"KEN","scalerank":7,"pop_max":55962},"geometry":{"type":"Point","coordinates":[34.5599987,0.5703902]}},{"type":"Feature","properties":{"name":"Kakamega","name_ar":"كاكاميغا","name_ascii":"Kakamega","featurecla":"Admin-1 capital","adm0":"Kenya","adm0_a3":"KEN","scalerank":7,"pop_max":63426},"geometry":{"type":"Point","coordinates":[34.7300142,0.2904073]}},{"type":"Feature","properties":{"name":"Wajir","name_ar":"وجير","name_ascii":"Wajir","featurecla":"Populated place","adm0":"Kenya","adm0_a3":"KEN","scalerank":7,"pop_max":45771},"geometry":{"type":"Point","coordinates":[40.0499996,1.7503699]}},{"type":"Feature","properties":{"name":"Garissa","name_ar":"غاريسا","name_ascii":"Garissa","featurecla":"Admin-1 capital","adm0":"Kenya","adm0_a3":"KEN","scalerank":7,"pop_max":67861},"geometry":{"type":"Point","coordinates":[39.6700227,-0.4396256]}},{"type":"Feature","properties":{"name":"Colesberg","name_ar":"كلوزبيرغ","name_ascii":"Colesberg","featurecla":"Populated place","adm0":"South Africa","adm0_a3":"ZAF","scalerank":7,"pop_max":12423},"geometry":{"type":"Point","coordinates":[25.1000077,-30.7195345]}},{"type":"Feature","properties":{"name":"Poffader","name_ar":"بوفادير","name_ascii":"Poffader","featurecla":"Populated place","adm0":"South Africa","adm0_a3":"ZAF","scalerank":7,"pop_max":4220},"geometry":{"type":"Point","coordinates":[19.383354,-29.132913]}},{"type":"Feature","properties":{"name":"Carnarvon","name_ar":"كارنارفون","name_ascii":"Carnarvon","featurecla":"Populated place","adm0":"South Africa","adm0_a3":"ZAF","scalerank":7,"pop_max":5785},"geometry":{"type":"Point","coordinates":[22.1333154,-30.949598]}},{"type":"Feature","properties":{"name":"Prieska","name_ar":"بريشكا","name_ascii":"Prieska","featurecla":"Populated place","adm0":"South Africa","adm0_a3":"ZAF","scalerank":7,"pop_max":11236},"geometry":{"type":"Point","coordinates":[22.7300232,-29.6595475]}},{"type":"Feature","properties":{"name":"Kuruman","name_ar":"كورومان","name_ascii":"Kuruman","featurecla":"Populated place","adm0":"South Africa","adm0_a3":"ZAF","scalerank":7,"pop_max":10006},"geometry":{"type":"Point","coordinates":[23.4200069,-27.4495532]}},{"type":"Feature","properties":{"name":"Knysna","name_ar":"كنيسنا","name_ascii":"Knysna","featurecla":"Populated place","adm0":"South Africa","adm0_a3":"ZAF","scalerank":7,"pop_max":63106},"geometry":{"type":"Point","coordinates":[23.0333121,-34.03292400000001]}},{"type":"Feature","properties":{"name":"Swellendam","name_ar":"سويليندام","name_ascii":"Swellendam","featurecla":"Populated place","adm0":"South Africa","adm0_a3":"ZAF","scalerank":7,"pop_max":13674},"geometry":{"type":"Point","coordinates":[20.4300085,-34.0195915]}},{"type":"Feature","properties":{"name":"Hermanus","name_ar":"هيرمانوس","name_ascii":"Hermanus","featurecla":"Populated place","adm0":"South Africa","adm0_a3":"ZAF","scalerank":7,"pop_max":25153},"geometry":{"type":"Point","coordinates":[19.2299267,-34.4095935]}},{"type":"Feature","properties":{"name":"Paarl","name_ar":"بارل","name_ascii":"Paarl","featurecla":"Populated place","adm0":"South Africa","adm0_a3":"ZAF","scalerank":7,"pop_max":187865},"geometry":{"type":"Point","coordinates":[18.9600207,-33.6995593]}},{"type":"Feature","properties":{"name":"Bredasdorp","name_ar":"بريداسدورب","name_ascii":"Bredasdorp","featurecla":"Populated place","adm0":"South Africa","adm0_a3":"ZAF","scalerank":7,"pop_max":14936},"geometry":{"type":"Point","coordinates":[20.0299812,-34.5295345]}},{"type":"Feature","properties":{"name":"Beaufort West","name_ar":"بيوفورت ويست","name_ascii":"Beaufort West","featurecla":"Populated place","adm0":"South Africa","adm0_a3":"ZAF","scalerank":7,"pop_max":44737},"geometry":{"type":"Point","coordinates":[22.5699812,-32.3496159]}},{"type":"Feature","properties":{"name":"Moatize","name_ar":"مواتيز","name_ascii":"Moatize","featurecla":"Populated place","adm0":"Mozambique","adm0_a3":"MOZ","scalerank":7,"pop_max":42000},"geometry":{"type":"Point","coordinates":[33.9500101,-16.0995483]}},{"type":"Feature","properties":{"name":"Luangwa","name_ar":"نهر لوانغوا","name_ascii":"Luangwa","featurecla":"Populated place","adm0":"Mozambique","adm0_a3":"MOZ","scalerank":7,"pop_max":3065},"geometry":{"type":"Point","coordinates":[30.410019499999997,-15.6195776]}},{"type":"Feature","properties":{"name":"Manica","name_ar":"مانيكا","name_ascii":"Manica","featurecla":"Populated place","adm0":"Mozambique","adm0_a3":"MOZ","scalerank":7,"pop_max":4000},"geometry":{"type":"Point","coordinates":[32.8799979,-18.969605700000002]}},{"type":"Feature","properties":{"name":"Espungabera","name_ar":"إسبونغابيرا","name_ascii":"Espungabera","featurecla":"Populated place","adm0":"Mozambique","adm0_a3":"MOZ","scalerank":7,"pop_max":393},"geometry":{"type":"Point","coordinates":[32.7700305,-20.4501355]}},{"type":"Feature","properties":{"name":"Witu","name_ar":"ويتو","name_ascii":"Witu","featurecla":"Populated place","adm0":"Kenya","adm0_a3":"KEN","scalerank":7,"pop_max":5380},"geometry":{"type":"Point","coordinates":[40.430028,-2.3796106]}},{"type":"Feature","properties":{"name":"Tsavo","name_ar":"تسافو","name_ascii":"Tsavo","featurecla":"Populated place","adm0":"Kenya","adm0_a3":"KEN","scalerank":7,"pop_max":414},"geometry":{"type":"Point","coordinates":[38.4666337,-2.9827779]}},{"type":"Feature","properties":{"name":"Voi","name_ar":"فوا","name_ascii":"Voi","featurecla":"Populated place","adm0":"Kenya","adm0_a3":"KEN","scalerank":7,"pop_max":36487},"geometry":{"type":"Point","coordinates":[38.5699865,-3.369576]}},{"type":"Feature","properties":{"name":"Kilifi","name_ar":"كيليفي","name_ascii":"Kilifi","featurecla":"Populated place","adm0":"Kenya","adm0_a3":"KEN","scalerank":7,"pop_max":80339},"geometry":{"type":"Point","coordinates":[39.8500118,-3.609613]}},{"type":"Feature","properties":{"name":"Karonga","name_ar":"ريف كارونجا","name_ascii":"Karonga","featurecla":"Admin-1 capital","adm0":"Malawi","adm0_a3":"MWI","scalerank":7,"pop_max":34207},"geometry":{"type":"Point","coordinates":[33.9333186,-9.9328963]}},{"type":"Feature","properties":{"name":"Thika","name_ar":"ثيكا","name_ascii":"Thika","featurecla":"Populated place","adm0":"Kenya","adm0_a3":"KEN","scalerank":7,"pop_max":99322},"geometry":{"type":"Point","coordinates":[37.0900252,-1.039589]}},{"type":"Feature","properties":{"name":"Kendu Bay","name_ar":"خليج كندو","name_ascii":"Kendu Bay","featurecla":"Populated place","adm0":"Kenya","adm0_a3":"KEN","scalerank":7,"pop_max":91248},"geometry":{"type":"Point","coordinates":[34.6399939,-0.3595788]}},{"type":"Feature","properties":{"name":"Karungu","name_ar":"كارونجو","name_ascii":"Karungu","featurecla":"Populated place","adm0":"Kenya","adm0_a3":"KEN","scalerank":7,"pop_max":2376},"geometry":{"type":"Point","coordinates":[34.1499979,-0.8496264]}},{"type":"Feature","properties":{"name":"Kisii","name_ar":"كيسي","name_ascii":"Kisii","featurecla":"Populated place","adm0":"Kenya","adm0_a3":"KEN","scalerank":7,"pop_max":28547},"geometry":{"type":"Point","coordinates":[34.7599865,-0.6695858]}},{"type":"Feature","properties":{"name":"Montepuez","name_ar":"مونتيبويز","name_ascii":"Montepuez","featurecla":"Populated place","adm0":"Mozambique","adm0_a3":"MOZ","scalerank":7,"pop_max":72279},"geometry":{"type":"Point","coordinates":[39.0000378,-13.1195752]}},{"type":"Feature","properties":{"name":"Mocimboa","name_ar":"موسيمبوا","name_ascii":"Mocimboa","featurecla":"Populated place","adm0":"Mozambique","adm0_a3":"MOZ","scalerank":7,"pop_max":27909},"geometry":{"type":"Point","coordinates":[40.3499812,-11.3195817]}},{"type":"Feature","properties":{"name":"Marrupa","name_ar":"ماروبا","name_ascii":"Marrupa","featurecla":"Populated place","adm0":"Mozambique","adm0_a3":"MOZ","scalerank":7,"pop_max":8762},"geometry":{"type":"Point","coordinates":[37.4994576,-13.1983817]}},{"type":"Feature","properties":{"name":"Cuamba","name_ar":"كوامبا","name_ascii":"Cuamba","featurecla":"Populated place","adm0":"Mozambique","adm0_a3":"MOZ","scalerank":7,"pop_max":73268},"geometry":{"type":"Point","coordinates":[36.5399812,-14.789602400000001]}},{"type":"Feature","properties":{"name":"Ligonha","name_ar":"ليجونيان","name_ascii":"Ligonha","featurecla":"Populated place","adm0":"Mozambique","adm0_a3":"MOZ","scalerank":7,"pop_max":3500},"geometry":{"type":"Point","coordinates":[37.7400114,-15.1756771]}},{"type":"Feature","properties":{"name":"Brits","name_ar":"بريتس","name_ascii":"Brits","featurecla":"Populated place","adm0":"South Africa","adm0_a3":"ZAF","scalerank":7,"pop_max":122497},"geometry":{"type":"Point","coordinates":[27.7799991,-25.6296126]}},{"type":"Feature","properties":{"name":"Bloemhof","name_ar":"بلويمهوف","name_ascii":"Bloemhof","featurecla":"Populated place","adm0":"South Africa","adm0_a3":"ZAF","scalerank":7,"pop_max":17122},"geometry":{"type":"Point","coordinates":[25.5900036,-27.6495927]}},{"type":"Feature","properties":{"name":"Potchefstroom","name_ar":"بوتشيفستروم","name_ascii":"Potchefstroom","featurecla":"Populated place","adm0":"South Africa","adm0_a3":"ZAF","scalerank":7,"pop_max":123669},"geometry":{"type":"Point","coordinates":[27.099989,-26.6995731]}},{"type":"Feature","properties":{"name":"Brandfort","name_ar":"براندفورت","name_ascii":"Brandfort","featurecla":"Populated place","adm0":"South Africa","adm0_a3":"ZAF","scalerank":7,"pop_max":12091},"geometry":{"type":"Point","coordinates":[26.470001600000003,-28.6995544]}},{"type":"Feature","properties":{"name":"Bethlehem","name_ar":"بيت لحم","name_ascii":"Bethlehem","featurecla":"Populated place","adm0":"South Africa","adm0_a3":"ZAF","scalerank":7,"pop_max":83654},"geometry":{"type":"Point","coordinates":[28.2999674,-28.219583700000005]}},{"type":"Feature","properties":{"name":"Macia","name_ar":"ماسيا","name_ascii":"Macia","featurecla":"Populated place","adm0":"Mozambique","adm0_a3":"MOZ","scalerank":7,"pop_max":23156},"geometry":{"type":"Point","coordinates":[33.0900109,-25.0195207]}},{"type":"Feature","properties":{"name":"Massangena","name_ar":"ماسانجينا","name_ascii":"Massangena","featurecla":"Populated place","adm0":"Mozambique","adm0_a3":"MOZ","scalerank":7,"pop_max":650},"geometry":{"type":"Point","coordinates":[32.9563757,-21.5373043]}},{"type":"Feature","properties":{"name":"Mapai","name_ar":"مابي","name_ascii":"Mapai","featurecla":"Populated place","adm0":"Mozambique","adm0_a3":"MOZ","scalerank":7,"pop_max":201},"geometry":{"type":"Point","coordinates":[31.9630513,-22.8426509]}},{"type":"Feature","properties":{"name":"Springs","name_ar":"سبرينغز","name_ascii":"Springs","featurecla":"Populated place","adm0":"South Africa","adm0_a3":"ZAF","scalerank":7,"pop_max":236083},"geometry":{"type":"Point","coordinates":[28.430037,-26.2695735]}},{"type":"Feature","properties":{"name":"Volksrust","name_ar":"فولكسرست","name_ascii":"Volksrust","featurecla":"Populated place","adm0":"South Africa","adm0_a3":"ZAF","scalerank":7,"pop_max":43378},"geometry":{"type":"Point","coordinates":[29.8899996,-27.3595845]}},{"type":"Feature","properties":{"name":"Mbombela","name_ar":"نيلسبرويت","name_ascii":"Mbombela","featurecla":"Admin-1 capital","adm0":"South Africa","adm0_a3":"ZAF","scalerank":7,"pop_max":348138},"geometry":{"type":"Point","coordinates":[30.9800105,-25.4696224]}},{"type":"Feature","properties":{"name":"Komatipoort","name_ar":"كوماتيبورت","name_ascii":"Komatipoort","featurecla":"Populated place","adm0":"South Africa","adm0_a3":"ZAF","scalerank":7,"pop_max":20508},"geometry":{"type":"Point","coordinates":[31.940003600000004,-25.4095744]}},{"type":"Feature","properties":{"name":"Middelburg","name_ar":"ميدلبيرغ","name_ascii":"Middelburg","featurecla":"Populated place","adm0":"South Africa","adm0_a3":"ZAF","scalerank":7,"pop_max":154706},"geometry":{"type":"Point","coordinates":[29.4700252,-25.7596305]}},{"type":"Feature","properties":{"name":"Bethal","name_ar":"بيثال","name_ascii":"Bethal","featurecla":"Populated place","adm0":"South Africa","adm0_a3":"ZAF","scalerank":7,"pop_max":101919},"geometry":{"type":"Point","coordinates":[29.4500264,-26.469613]}},{"type":"Feature","properties":{"name":"Standerton","name_ar":"ستانديرتون","name_ascii":"Standerton","featurecla":"Populated place","adm0":"South Africa","adm0_a3":"ZAF","scalerank":7,"pop_max":74021},"geometry":{"type":"Point","coordinates":[29.2400134,-26.9395068]}},{"type":"Feature","properties":{"name":"Lebowakgomo","name_ar":"ليبواكغومو","name_ascii":"Lebowakgomo","featurecla":"Populated place","adm0":"South Africa","adm0_a3":"ZAF","scalerank":7,"pop_max":33308},"geometry":{"type":"Point","coordinates":[29.4999975,-24.1996224]}},{"type":"Feature","properties":{"name":"Tzaneen","name_ar":"تزانين","name_ascii":"Tzaneen","featurecla":"Populated place","adm0":"South Africa","adm0_a3":"ZAF","scalerank":7,"pop_max":67245},"geometry":{"type":"Point","coordinates":[30.1699825,-23.8195422]}},{"type":"Feature","properties":{"name":"Ulundi","name_ar":"أولوندي","name_ascii":"Ulundi","featurecla":"Populated place","adm0":"South Africa","adm0_a3":"ZAF","scalerank":7,"pop_max":20753},"geometry":{"type":"Point","coordinates":[31.410010099999997,-28.3296028]}},{"type":"Feature","properties":{"name":"Ladysmith","name_ar":"ليديسميث","name_ascii":"Ladysmith","featurecla":"Populated place","adm0":"South Africa","adm0_a3":"ZAF","scalerank":7,"pop_max":47375},"geometry":{"type":"Point","coordinates":[29.780032100000003,-28.5494861]}},{"type":"Feature","properties":{"name":"Port Shepstone","name_ar":"ميناء شيبستون","name_ascii":"Port Shepstone","featurecla":"Populated place","adm0":"South Africa","adm0_a3":"ZAF","scalerank":7,"pop_max":52793},"geometry":{"type":"Point","coordinates":[30.4599906,-30.7195345]}},{"type":"Feature","properties":{"name":"Ubomba","name_ar":"أوبومبا","name_ascii":"Ubomba","featurecla":"Populated place","adm0":"South Africa","adm0_a3":"ZAF","scalerank":7,"pop_max":564},"geometry":{"type":"Point","coordinates":[32.0833024,-27.566083600000002]}},{"type":"Feature","properties":{"name":"Sambava","name_ar":"محافظة سامبافا","name_ascii":"Sambava","featurecla":"Populated place","adm0":"Madagascar","adm0_a3":"MDG","scalerank":7,"pop_max":43465},"geometry":{"type":"Point","coordinates":[50.1665913,-14.2661719]}},{"type":"Feature","properties":{"name":"Ambanja","name_ar":"ريف أمبانجا","name_ascii":"Ambanja","featurecla":"Populated place","adm0":"Madagascar","adm0_a3":"MDG","scalerank":7,"pop_max":30621},"geometry":{"type":"Point","coordinates":[48.4500036,-13.6829]}},{"type":"Feature","properties":{"name":"Ihosy","name_ar":"ايهوسي","name_ascii":"Ihosy","featurecla":"Populated place","adm0":"Madagascar","adm0_a3":"MDG","scalerank":7,"pop_max":16990},"geometry":{"type":"Point","coordinates":[46.1166577,-22.3996289]}},{"type":"Feature","properties":{"name":"Mandritsara","name_ar":"ماندريتسارا","name_ascii":"Mandritsara","featurecla":"Populated place","adm0":"Madagascar","adm0_a3":"MDG","scalerank":7,"pop_max":9705},"geometry":{"type":"Point","coordinates":[48.8166479,-15.832846300000002]}},{"type":"Feature","properties":{"name":"Besalampy","name_ar":"بيسالامبي","name_ascii":"Besalampy","featurecla":"Populated place","adm0":"Madagascar","adm0_a3":"MDG","scalerank":7,"pop_max":1022},"geometry":{"type":"Point","coordinates":[44.4833207,-16.7495345]}},{"type":"Feature","properties":{"name":"Marovoay","name_ar":"ماروفواي","name_ascii":"Marovoay","featurecla":"Populated place","adm0":"Madagascar","adm0_a3":"MDG","scalerank":7,"pop_max":31253},"geometry":{"type":"Point","coordinates":[46.6333186,-16.0995483]}},{"type":"Feature","properties":{"name":"Antsohihy","name_ar":"أنتسوهيهي","name_ascii":"Antsohihy","featurecla":"Populated place","adm0":"Madagascar","adm0_a3":"MDG","scalerank":7,"pop_max":21290},"geometry":{"type":"Point","coordinates":[47.9833654,-14.866083599999998]}},{"type":"Feature","properties":{"name":"Ambatondrazaka","name_ar":"أمباتوندرازاكا","name_ascii":"Ambatondrazaka","featurecla":"Populated place","adm0":"Madagascar","adm0_a3":"MDG","scalerank":7,"pop_max":43134},"geometry":{"type":"Point","coordinates":[48.41667230000001,-17.8328792]}},{"type":"Feature","properties":{"name":"Bekiy","name_ar":"بيكي","name_ascii":"Bekiy","featurecla":"Populated place","adm0":"Madagascar","adm0_a3":"MDG","scalerank":7,"pop_max":4286},"geometry":{"type":"Point","coordinates":[45.3166031,-24.2161588]}},{"type":"Feature","properties":{"name":"Manja","name_ar":"مانيا","name_ascii":"Manja","featurecla":"Populated place","adm0":"Madagascar","adm0_a3":"MDG","scalerank":7,"pop_max":1536},"geometry":{"type":"Point","coordinates":[44.3332523,-21.4329179]}},{"type":"Feature","properties":{"name":"Miandrivazo","name_ar":"مياندريفازو","name_ascii":"Miandrivazo","featurecla":"Populated place","adm0":"Madagascar","adm0_a3":"MDG","scalerank":7,"pop_max":20631},"geometry":{"type":"Point","coordinates":[45.466619800000004,-19.5161873]}},{"type":"Feature","properties":{"name":"Ksar El Kebir","name_ar":"القصر الكبير","name_ascii":"Ksar El Kebir","featurecla":"Populated place","adm0":"Morocco","adm0_a3":"MAR","scalerank":7,"pop_max":306600},"geometry":{"type":"Point","coordinates":[-5.9099858,35.0203805]}},{"type":"Feature","properties":{"name":"Larache","name_ar":"العرائش","name_ascii":"Larache","featurecla":"Populated place","adm0":"Morocco","adm0_a3":"MAR","scalerank":7,"pop_max":120082},"geometry":{"type":"Point","coordinates":[-6.1600222,35.2004212]}},{"type":"Feature","properties":{"name":"Taza","name_ar":"تازة","name_ascii":"Taza","featurecla":"Admin-1 capital","adm0":"Morocco","adm0_a3":"MAR","scalerank":7,"pop_max":199633},"geometry":{"type":"Point","coordinates":[-4.019972,34.2203776]}},{"type":"Feature","properties":{"name":"Ouezzane","name_ar":"وزان","name_ascii":"Ouezzane","featurecla":"Populated place","adm0":"Morocco","adm0_a3":"MAR","scalerank":7,"pop_max":69658},"geometry":{"type":"Point","coordinates":[-5.5700066,34.8103416]}},{"type":"Feature","properties":{"name":"Kenitra","name_ar":"القنيطرة","name_ascii":"Kenitra","featurecla":"Admin-1 capital","adm0":"Morocco","adm0_a3":"MAR","scalerank":7,"pop_max":551786},"geometry":{"type":"Point","coordinates":[-6.5799966,34.2704004]}},{"type":"Feature","properties":{"name":"Settat","name_ar":"سطات","name_ascii":"Settat","featurecla":"Admin-1 capital","adm0":"Morocco","adm0_a3":"MAR","scalerank":7,"pop_max":161748},"geometry":{"type":"Point","coordinates":[-7.6200106,33.0104256]}},{"type":"Feature","properties":{"name":"Er Rachidia","name_ar":"الرشيدية","name_ascii":"Er Rachidia","featurecla":"Populated place","adm0":"Morocco","adm0_a3":"MAR","scalerank":7,"pop_max":228489},"geometry":{"type":"Point","coordinates":[-4.4499716,31.9404134]}},{"type":"Feature","properties":{"name":"Meknes","name_ar":"مكناس","name_ascii":"Meknes","featurecla":"Admin-1 capital","adm0":"Morocco","adm0_a3":"MAR","scalerank":7,"pop_max":697628},"geometry":{"type":"Point","coordinates":[-5.5599813,33.900423]}},{"type":"Feature","properties":{"name":"Tiznit","name_ar":"تزنيت","name_ascii":"Tiznit","featurecla":"Populated place","adm0":"Morocco","adm0_a3":"MAR","scalerank":7,"pop_max":57705},"geometry":{"type":"Point","coordinates":[-9.7399846,29.710420299999996]}},{"type":"Feature","properties":{"name":"El Jadida","name_ar":"الجديدة","name_ascii":"El Jadida","featurecla":"Populated place","adm0":"Morocco","adm0_a3":"MAR","scalerank":7,"pop_max":180470},"geometry":{"type":"Point","coordinates":[-8.5099821,33.2603587]}},{"type":"Feature","properties":{"name":"Chitipa","name_ar":"شيتيبا","name_ascii":"Chitipa","featurecla":"Admin-1 capital","adm0":"Malawi","adm0_a3":"MWI","scalerank":7,"pop_max":13412},"geometry":{"type":"Point","coordinates":[33.266641,-9.716217]}},{"type":"Feature","properties":{"name":"Nkhata Bay","name_ar":"خليج نخاتا","name_ascii":"Nkhata Bay","featurecla":"Admin-1 capital","adm0":"Malawi","adm0_a3":"MWI","scalerank":7,"pop_max":22108},"geometry":{"type":"Point","coordinates":[34.3000146,-11.5996163]}},{"type":"Feature","properties":{"name":"Nkhotakota","name_ar":"نكوتاكوتا","name_ascii":"Nkhotakota","featurecla":"Admin-1 capital","adm0":"Malawi","adm0_a3":"MWI","scalerank":7,"pop_max":59854},"geometry":{"type":"Point","coordinates":[34.3000146,-12.9162801]}},{"type":"Feature","properties":{"name":"Dondo","name_ar":"محافظة دوندو","name_ascii":"Dondo","featurecla":"Populated place","adm0":"Mozambique","adm0_a3":"MOZ","scalerank":7,"pop_max":78648},"geometry":{"type":"Point","coordinates":[34.7300142,-19.6195919]}},{"type":"Feature","properties":{"name":"Chiramba","name_ar":"شيرامبا","name_ascii":"Chiramba","featurecla":"Populated place","adm0":"Mozambique","adm0_a3":"MOZ","scalerank":7,"pop_max":556},"geometry":{"type":"Point","coordinates":[34.6558585,-16.8921098]}},{"type":"Feature","properties":{"name":"Mocuba","name_ar":"موكوبا","name_ascii":"Mocuba","featurecla":"Populated place","adm0":"Mozambique","adm0_a3":"MOZ","scalerank":7,"pop_max":68984},"geometry":{"type":"Point","coordinates":[38.2600313,-16.8495801]}},{"type":"Feature","properties":{"name":"Nicuadala","name_ar":"نيكوادالا","name_ascii":"Nicuadala","featurecla":"Populated place","adm0":"Mozambique","adm0_a3":"MOZ","scalerank":7,"pop_max":6945},"geometry":{"type":"Point","coordinates":[36.8197058,-17.6076733]}},{"type":"Feature","properties":{"name":"Mangochi","name_ar":"مانغوتشي","name_ascii":"Mangochi","featurecla":"Admin-1 capital","adm0":"Malawi","adm0_a3":"MWI","scalerank":7,"pop_max":97711},"geometry":{"type":"Point","coordinates":[35.2699812,-14.4595967]}},{"type":"Feature","properties":{"name":"Salima","name_ar":"سليمة","name_ascii":"Salima","featurecla":"Admin-1 capital","adm0":"Malawi","adm0_a3":"MWI","scalerank":7,"pop_max":71181},"geometry":{"type":"Point","coordinates":[34.4332881,-13.7829455]}},{"type":"Feature","properties":{"name":"Maxixe","name_ar":"ماكسيكسي","name_ascii":"Maxixe","featurecla":"Admin-1 capital","adm0":"Mozambique","adm0_a3":"MOZ","scalerank":7,"pop_max":119868},"geometry":{"type":"Point","coordinates":[35.3885509,-23.8660227]}},{"type":"Feature","properties":{"name":"Panda","name_ar":"باندا","name_ascii":"Panda","featurecla":"Populated place","adm0":"Mozambique","adm0_a3":"MOZ","scalerank":7,"pop_max":602},"geometry":{"type":"Point","coordinates":[34.7302726,-24.0628865]}},{"type":"Feature","properties":{"name":"Quissico","name_ar":"كيوسيكو","name_ascii":"Quissico","featurecla":"Populated place","adm0":"Mozambique","adm0_a3":"MOZ","scalerank":7,"pop_max":1210},"geometry":{"type":"Point","coordinates":[34.765981,-24.7256885]}},{"type":"Feature","properties":{"name":"Vilanculos","name_ar":"فيلانكولوس","name_ascii":"Vilanculos","featurecla":"Populated place","adm0":"Mozambique","adm0_a3":"MOZ","scalerank":7,"pop_max":177},"geometry":{"type":"Point","coordinates":[35.3165934,-21.9995499]}},{"type":"Feature","properties":{"name":"Cradock","name_ar":"كاردوك","name_ascii":"Cradock","featurecla":"Populated place","adm0":"South Africa","adm0_a3":"ZAF","scalerank":7,"pop_max":32898},"geometry":{"type":"Point","coordinates":[25.6100024,-32.1995475]}},{"type":"Feature","properties":{"name":"Uitenhage","name_ar":"يوتينهاغ","name_ascii":"Uitenhage","featurecla":"Populated place","adm0":"South Africa","adm0_a3":"ZAF","scalerank":7,"pop_max":228912},"geometry":{"type":"Point","coordinates":[25.3900158,-33.7596073]}},{"type":"Feature","properties":{"name":"Port Alfred","name_ar":"ميناء بورت ألفريد","name_ascii":"Port Alfred","featurecla":"Populated place","adm0":"South Africa","adm0_a3":"ZAF","scalerank":7,"pop_max":17959},"geometry":{"type":"Point","coordinates":[26.8800024,-33.5995137]}},{"type":"Feature","properties":{"name":"Grahamstown","name_ar":"غراهامستاون","name_ascii":"Grahamstown","featurecla":"Populated place","adm0":"South Africa","adm0_a3":"ZAF","scalerank":7,"pop_max":91548},"geometry":{"type":"Point","coordinates":[26.5200244,-33.2995837]}},{"type":"Feature","properties":{"name":"Port St. Johns","name_ar":"ميناء سانت جونز","name_ascii":"Port St. Johns","featurecla":"Populated place","adm0":"South Africa","adm0_a3":"ZAF","scalerank":7,"pop_max":5939},"geometry":{"type":"Point","coordinates":[29.5283162,-31.627851100000004]}},{"type":"Feature","properties":{"name":"Aliwal North","name_ar":"أليوال نورث","name_ascii":"Aliwal North","featurecla":"Populated place","adm0":"South Africa","adm0_a3":"ZAF","scalerank":7,"pop_max":44436},"geometry":{"type":"Point","coordinates":[26.710038600000004,-30.6895622]}},{"type":"Feature","properties":{"name":"Queenstown","name_ar":"كوينزتاون","name_ascii":"Queenstown","featurecla":"Populated place","adm0":"South Africa","adm0_a3":"ZAF","scalerank":7,"pop_max":105309},"geometry":{"type":"Point","coordinates":[26.8800024,-31.8996175]}},{"type":"Feature","properties":{"name":"Matola","name_ar":"ماتولا","name_ascii":"Matola","featurecla":"Populated place","adm0":"Mozambique","adm0_a3":"MOZ","scalerank":7,"pop_max":543907},"geometry":{"type":"Point","coordinates":[32.4600236,-25.9695919]}},{"type":"Feature","properties":{"name":"Buurhakaba","name_ar":"بورحكب","name_ascii":"Buurhakaba","featurecla":"Populated place","adm0":"Somalia","adm0_a3":"SOM","scalerank":7,"pop_max":31267},"geometry":{"type":"Point","coordinates":[44.0832934,2.7837177]}},{"type":"Feature","properties":{"name":"Luuq","name_ar":"لوق","name_ascii":"Luuq","featurecla":"Populated place","adm0":"Somalia","adm0_a3":"SOM","scalerank":7,"pop_max":33820},"geometry":{"type":"Point","coordinates":[42.550002,3.8004773]}},{"type":"Feature","properties":{"name":"Mandera","name_ar":"مانديرا","name_ascii":"Mandera","featurecla":"Populated place","adm0":"Somalia","adm0_a3":"SOM","scalerank":7,"pop_max":52885},"geometry":{"type":"Point","coordinates":[41.8600183,3.9404429000000003]}},{"type":"Feature","properties":{"name":"Ferfer","name_ar":"فيرفير","name_ascii":"Ferfer","featurecla":"Populated place","adm0":"Somalia","adm0_a3":"SOM","scalerank":7,"pop_max":6000},"geometry":{"type":"Point","coordinates":[45.16503620000001,5.0854118]}},{"type":"Feature","properties":{"name":"Jawhar","name_ar":"جوهر","name_ascii":"Jawhar","featurecla":"Admin-1 capital","adm0":"Somalia","adm0_a3":"SOM","scalerank":7,"pop_max":111308},"geometry":{"type":"Point","coordinates":[45.5165909,2.7670003]}},{"type":"Feature","properties":{"name":"Hurdiyo","name_ar":"هورديو","name_ascii":"Hurdiyo","featurecla":"Populated place","adm0":"Somalia","adm0_a3":"SOM","scalerank":7,"pop_max":176},"geometry":{"type":"Point","coordinates":[51.12332880000001,10.5820272]}},{"type":"Feature","properties":{"name":"Qardho","name_ar":"قرضو","name_ascii":"Qardho","featurecla":"Populated place","adm0":"Somalia","adm0_a3":"SOM","scalerank":7,"pop_max":1341},"geometry":{"type":"Point","coordinates":[49.1659806,9.5004136]}},{"type":"Feature","properties":{"name":"Caluula","name_ar":"علولة","name_ascii":"Caluula","featurecla":"Populated place","adm0":"Somalia","adm0_a3":"SOM","scalerank":7,"pop_max":513},"geometry":{"type":"Point","coordinates":[50.7500183,11.9669556]}},{"type":"Feature","properties":{"name":"Buur Gaabo","name_ar":"بور جابو","name_ascii":"Buur Gaabo","featurecla":"Populated place","adm0":"Somalia","adm0_a3":"SOM","scalerank":7,"pop_max":3096},"geometry":{"type":"Point","coordinates":[41.8519598,-1.2008699]}},{"type":"Feature","properties":{"name":"Goundam","name_ar":"بلدية غاوندام","name_ascii":"Goundam","featurecla":"Populated place","adm0":"Mali","adm0_a3":"MLI","scalerank":7,"pop_max":8456},"geometry":{"type":"Point","coordinates":[-3.6665827,16.416994]}},{"type":"Feature","properties":{"name":"Aguelhok","name_ar":"أجلهوكي","name_ascii":"Aguelhok","featurecla":"Populated place","adm0":"Mali","adm0_a3":"MLI","scalerank":7,"pop_max":9000},"geometry":{"type":"Point","coordinates":[0.8563712,19.4548706]}},{"type":"Feature","properties":{"name":"Bourem","name_ar":"باوريم","name_ascii":"Bourem","featurecla":"Populated place","adm0":"Mali","adm0_a3":"MLI","scalerank":7,"pop_max":30000},"geometry":{"type":"Point","coordinates":[-0.3499893,16.9003754]}},{"type":"Feature","properties":{"name":"Zouirat","name_ar":"الزويرات","name_ascii":"Zouirat","featurecla":"Populated place","adm0":"Mauritania","adm0_a3":"MRT","scalerank":7,"pop_max":56345},"geometry":{"type":"Point","coordinates":[-12.4833055,22.7303813]}},{"type":"Feature","properties":{"name":"Chegga","name_ar":"الشقة","name_ascii":"Chegga","featurecla":"Populated place","adm0":"Mauritania","adm0_a3":"MRT","scalerank":7,"pop_max":10},"geometry":{"type":"Point","coordinates":[-5.7799679,25.3804004]}},{"type":"Feature","properties":{"name":"Magta Lajar","name_ar":"مقطع الحجار","name_ascii":"Magta Lajar","featurecla":"Populated place","adm0":"Mauritania","adm0_a3":"MRT","scalerank":7,"pop_max":10},"geometry":{"type":"Point","coordinates":[-13.4999876,17.0003951]}},{"type":"Feature","properties":{"name":"Bogue","name_ar":"بوغي","name_ascii":"Bogue","featurecla":"Populated place","adm0":"Mauritania","adm0_a3":"MRT","scalerank":7,"pop_max":10415},"geometry":{"type":"Point","coordinates":[-14.2699665,16.5903943]}},{"type":"Feature","properties":{"name":"Boutilimit","name_ar":"بوتلميت","name_ascii":"Boutilimit","featurecla":"Populated place","adm0":"Mauritania","adm0_a3":"MRT","scalerank":7,"pop_max":14142},"geometry":{"type":"Point","coordinates":[-14.700043599999999,17.5503874]}},{"type":"Feature","properties":{"name":"Sélibaby","name_ar":"سيليبابي","name_ascii":"Selibaby","featurecla":"Admin-1 capital","adm0":"Mauritania","adm0_a3":"MRT","scalerank":7,"pop_max":460},"geometry":{"type":"Point","coordinates":[-12.1833238,15.167018700000002]}},{"type":"Feature","properties":{"name":"Kati","name_ar":"كاتي","name_ascii":"Kati","featurecla":"Populated place","adm0":"Mali","adm0_a3":"MLI","scalerank":7,"pop_max":66895},"geometry":{"type":"Point","coordinates":[-8.0800084,12.750422]}},{"type":"Feature","properties":{"name":"Banamba","name_ar":"بانامبا","name_ascii":"Banamba","featurecla":"Populated place","adm0":"Mali","adm0_a3":"MLI","scalerank":7,"pop_max":30591},"geometry":{"type":"Point","coordinates":[-7.449995200000001,13.550399]}},{"type":"Feature","properties":{"name":"Kangaba","name_ar":"كانجابا","name_ascii":"Kangaba","featurecla":"Admin-1 capital","adm0":"Mali","adm0_a3":"MLI","scalerank":7,"pop_max":17232},"geometry":{"type":"Point","coordinates":[-8.4400122,11.9404197]}},{"type":"Feature","properties":{"name":"Nioro du Sahel","name_ar":"نيورو","name_ascii":"Nioro du Sahel","featurecla":"Populated place","adm0":"Mali","adm0_a3":"MLI","scalerank":7,"pop_max":14421},"geometry":{"type":"Point","coordinates":[-9.5899679,15.230425600000002]}},{"type":"Feature","properties":{"name":"Bafoulabé","name_ar":"بافولابي","name_ascii":"Bafoulabe","featurecla":"Populated place","adm0":"Mali","adm0_a3":"MLI","scalerank":7,"pop_max":26823},"geometry":{"type":"Point","coordinates":[-10.820022000000002,13.8003837]}},{"type":"Feature","properties":{"name":"Satadougou","name_ar":"ساتادوغو","name_ascii":"Satadougou","featurecla":"Populated place","adm0":"Mali","adm0_a3":"MLI","scalerank":7,"pop_max":706},"geometry":{"type":"Point","coordinates":[-11.4066012,12.6169934]}},{"type":"Feature","properties":{"name":"Yélimané","name_ar":"ييليماني","name_ascii":"Yelimane","featurecla":"Populated place","adm0":"Mali","adm0_a3":"MLI","scalerank":7,"pop_max":988},"geometry":{"type":"Point","coordinates":[-10.5666266,15.133713200000003]}},{"type":"Feature","properties":{"name":"Kita","name_ar":"كيتا","name_ascii":"Kita","featurecla":"Populated place","adm0":"Mali","adm0_a3":"MLI","scalerank":7,"pop_max":46435},"geometry":{"type":"Point","coordinates":[-9.4833077,13.0504037]}},{"type":"Feature","properties":{"name":"Koutiala","name_ar":"كوتيالا","name_ascii":"Koutiala","featurecla":"Populated place","adm0":"Mali","adm0_a3":"MLI","scalerank":7,"pop_max":104927},"geometry":{"type":"Point","coordinates":[-5.4699868,12.3904181]}},{"type":"Feature","properties":{"name":"Sikasso","name_ar":"سيكاسو","name_ascii":"Sikasso","featurecla":"Admin-1 capital","adm0":"Mali","adm0_a3":"MLI","scalerank":7,"pop_max":225753},"geometry":{"type":"Point","coordinates":[-5.6799998,11.3204059]}},{"type":"Feature","properties":{"name":"Bougouni","name_ar":"بلدية بونجوني","name_ascii":"Bougouni","featurecla":"Populated place","adm0":"Mali","adm0_a3":"MLI","scalerank":7,"pop_max":35450},"geometry":{"type":"Point","coordinates":[-7.489966900000001,11.4204256]}},{"type":"Feature","properties":{"name":"Timbedra","name_ar":"تمبدغة","name_ascii":"Timbedra","featurecla":"Populated place","adm0":"Mauritania","adm0_a3":"MRT","scalerank":7,"pop_max":245},"geometry":{"type":"Point","coordinates":[-8.1666181,16.2504151]}},{"type":"Feature","properties":{"name":"Nema","name_ar":"النعمة","name_ascii":"Nema","featurecla":"Admin-1 capital","adm0":"Mauritania","adm0_a3":"MRT","scalerank":7,"pop_max":200000},"geometry":{"type":"Point","coordinates":[-7.2500074,16.6170593]}},{"type":"Feature","properties":{"name":"Markala","name_ar":"ماركالا","name_ascii":"Markala","featurecla":"Populated place","adm0":"Mali","adm0_a3":"MLI","scalerank":7,"pop_max":53738},"geometry":{"type":"Point","coordinates":[-6.0699502,13.6703658]}},{"type":"Feature","properties":{"name":"Sokolo","name_ar":"سوكولو","name_ascii":"Sokolo","featurecla":"Populated place","adm0":"Mali","adm0_a3":"MLI","scalerank":7,"pop_max":4374},"geometry":{"type":"Point","coordinates":[-6.1333055,14.7337376]}},{"type":"Feature","properties":{"name":"San","name_ar":"سان","name_ascii":"San","featurecla":"Admin-1 capital","adm0":"Mali","adm0_a3":"MLI","scalerank":7,"pop_max":41386},"geometry":{"type":"Point","coordinates":[-4.9000474,13.3004142]}},{"type":"Feature","properties":{"name":"Biu","name_ar":"بيو","name_ascii":"Biu","featurecla":"Populated place","adm0":"Nigeria","adm0_a3":"NGA","scalerank":7,"pop_max":95005},"geometry":{"type":"Point","coordinates":[12.1899947,10.6204228]}},{"type":"Feature","properties":{"name":"Bama","name_ar":"محافظة باما","name_ascii":"Bama","featurecla":"Populated place","adm0":"Nigeria","adm0_a3":"NGA","scalerank":7,"pop_max":118121},"geometry":{"type":"Point","coordinates":[13.6900065,11.5203937]}},{"type":"Feature","properties":{"name":"Aba","name_ar":"آبا","name_ascii":"Aba","featurecla":"Populated place","adm0":"Nigeria","adm0_a3":"NGA","scalerank":7,"pop_max":897560},"geometry":{"type":"Point","coordinates":[7.349980000000001,5.100398]}},{"type":"Feature","properties":{"name":"Opobo","name_ar":"أوبوبو","name_ascii":"Opobo","featurecla":"Populated place","adm0":"Nigeria","adm0_a3":"NGA","scalerank":7,"pop_max":34911},"geometry":{"type":"Point","coordinates":[7.5599929999999995,4.5704045]}},{"type":"Feature","properties":{"name":"Orlu","name_ar":"أورلو","name_ascii":"Orlu","featurecla":"Populated place","adm0":"Nigeria","adm0_a3":"NGA","scalerank":7,"pop_max":9351},"geometry":{"type":"Point","coordinates":[7.0333068,5.7837154]}},{"type":"Feature","properties":{"name":"Oturkpo","name_ar":"أوتوكبو","name_ascii":"Oturkpo","featurecla":"Populated place","adm0":"Nigeria","adm0_a3":"NGA","scalerank":7,"pop_max":68220},"geometry":{"type":"Point","coordinates":[8.1299841,7.190399599999999]}},{"type":"Feature","properties":{"name":"Calabar","name_ar":"كالابار","name_ascii":"Calabar","featurecla":"Admin-1 capital","adm0":"Nigeria","adm0_a3":"NGA","scalerank":7,"pop_max":461796},"geometry":{"type":"Point","coordinates":[8.3300236,4.9604065]}},{"type":"Feature","properties":{"name":"Wukari","name_ar":"ووكاري","name_ascii":"Wukari","featurecla":"Populated place","adm0":"Nigeria","adm0_a3":"NGA","scalerank":7,"pop_max":92933},"geometry":{"type":"Point","coordinates":[9.7800126,7.8704098]}},{"type":"Feature","properties":{"name":"Jalingo","name_ar":"جالينجو","name_ascii":"Jalingo","featurecla":"Admin-1 capital","adm0":"Nigeria","adm0_a3":"NGA","scalerank":7,"pop_max":117757},"geometry":{"type":"Point","coordinates":[11.3600195,8.9003727]}},{"type":"Feature","properties":{"name":"Kontagora","name_ar":"كونتاغورا","name_ascii":"Kontagora","featurecla":"Populated place","adm0":"Nigeria","adm0_a3":"NGA","scalerank":7,"pop_max":98754},"geometry":{"type":"Point","coordinates":[5.4699397,10.4003587]}},{"type":"Feature","properties":{"name":"Bida","name_ar":"بيدا","name_ascii":"Bida","featurecla":"Populated place","adm0":"Nigeria","adm0_a3":"NGA","scalerank":7,"pop_max":173849},"geometry":{"type":"Point","coordinates":[6.0100101,9.0804134]}},{"type":"Feature","properties":{"name":"Abeokuta","name_ar":"أبيوكوتا","name_ascii":"Abeokuta","featurecla":"Admin-1 capital","adm0":"Nigeria","adm0_a3":"NGA","scalerank":7,"pop_max":593100},"geometry":{"type":"Point","coordinates":[3.3500175,7.1604273]}},{"type":"Feature","properties":{"name":"Ijebu Ode","name_ar":"إيجيبو أودي","name_ascii":"Ijebu Ode","featurecla":"Populated place","adm0":"Nigeria","adm0_a3":"NGA","scalerank":7,"pop_max":209175},"geometry":{"type":"Point","coordinates":[3.9200085,6.820448]}},{"type":"Feature","properties":{"name":"Akure","name_ar":"اكوري","name_ascii":"Akure","featurecla":"Admin-1 capital","adm0":"Nigeria","adm0_a3":"NGA","scalerank":7,"pop_max":420594},"geometry":{"type":"Point","coordinates":[5.1999821,7.250395900000001]}},{"type":"Feature","properties":{"name":"Ikare","name_ar":"إيكاري","name_ascii":"Ikare","featurecla":"Populated place","adm0":"Nigeria","adm0_a3":"NGA","scalerank":7,"pop_max":1099931},"geometry":{"type":"Point","coordinates":[5.7599996,7.5304305]}},{"type":"Feature","properties":{"name":"Owo","name_ar":"أووى","name_ascii":"Owo","featurecla":"Populated place","adm0":"Nigeria","adm0_a3":"NGA","scalerank":7,"pop_max":276574},"geometry":{"type":"Point","coordinates":[5.5899841,7.200399000000001]}},{"type":"Feature","properties":{"name":"Ondo","name_ar":"أوندو","name_ascii":"Ondo","featurecla":"Populated place","adm0":"Nigeria","adm0_a3":"NGA","scalerank":7,"pop_max":257005},"geometry":{"type":"Point","coordinates":[4.840004,7.090405700000001]}},{"type":"Feature","properties":{"name":"Ado Ekiti","name_ar":"آدو إكيتي","name_ascii":"Ado Ekiti","featurecla":"Admin-1 capital","adm0":"Nigeria","adm0_a3":"NGA","scalerank":7,"pop_max":446749},"geometry":{"type":"Point","coordinates":[5.2199808,7.6303727]}},{"type":"Feature","properties":{"name":"Ife","name_ar":"ايفي","name_ascii":"Ife","featurecla":"Populated place","adm0":"Nigeria","adm0_a3":"NGA","scalerank":7,"pop_max":482365},"geometry":{"type":"Point","coordinates":[4.5600211,7.4804336]}},{"type":"Feature","properties":{"name":"Oshogbo","name_ar":"أوسوغبو","name_ascii":"Oshogbo","featurecla":"Admin-1 capital","adm0":"Nigeria","adm0_a3":"NGA","scalerank":7,"pop_max":408245},"geometry":{"type":"Point","coordinates":[4.5600211,7.7703642]}},{"type":"Feature","properties":{"name":"Oyo","name_ar":"أويو","name_ascii":"Oyo","featurecla":"Populated place","adm0":"Nigeria","adm0_a3":"NGA","scalerank":7,"pop_max":736072},"geometry":{"type":"Point","coordinates":[3.9299821,7.850436800000001]}},{"type":"Feature","properties":{"name":"Awka","name_ar":"اوكا","name_ascii":"Awka","featurecla":"Admin-1 capital","adm0":"Nigeria","adm0_a3":"NGA","scalerank":7,"pop_max":500000},"geometry":{"type":"Point","coordinates":[7.0699971,6.2104336]}},{"type":"Feature","properties":{"name":"Onitsha","name_ar":"اونيتشا","name_ascii":"Onitsha","featurecla":"Admin-1 capital","adm0":"Nigeria","adm0_a3":"NGA","scalerank":7,"pop_max":73374},"geometry":{"type":"Point","coordinates":[6.779989,6.140412]}},{"type":"Feature","properties":{"name":"Azare","name_ar":"أزاري","name_ascii":"Azare","featurecla":"Populated place","adm0":"Nigeria","adm0_a3":"NGA","scalerank":7,"pop_max":105687},"geometry":{"type":"Point","coordinates":[10.1900134,11.6804098]}},{"type":"Feature","properties":{"name":"Bauchi","name_ar":"باوتشي","name_ascii":"Bauchi","featurecla":"Admin-1 capital","adm0":"Nigeria","adm0_a3":"NGA","scalerank":7,"pop_max":316149},"geometry":{"type":"Point","coordinates":[9.8400089,10.3103642]}},{"type":"Feature","properties":{"name":"Gombe","name_ar":"غومبي","name_ascii":"Gombe","featurecla":"Admin-1 capital","adm0":"Nigeria","adm0_a3":"NGA","scalerank":7,"pop_max":270366},"geometry":{"type":"Point","coordinates":[11.1699536,10.2904429]}},{"type":"Feature","properties":{"name":"Kumo","name_ar":"كومو","name_ascii":"Kumo","featurecla":"Populated place","adm0":"Nigeria","adm0_a3":"NGA","scalerank":7,"pop_max":35712},"geometry":{"type":"Point","coordinates":[11.2130517,10.0457033]}},{"type":"Feature","properties":{"name":"Sapele","name_ar":"سابيله","name_ascii":"Sapele","featurecla":"Populated place","adm0":"Nigeria","adm0_a3":"NGA","scalerank":7,"pop_max":309162},"geometry":{"type":"Point","coordinates":[5.6800044,5.8904273]}},{"type":"Feature","properties":{"name":"Nsukka","name_ar":"نسوكا","name_ascii":"Nsukka","featurecla":"Populated place","adm0":"Nigeria","adm0_a3":"NGA","scalerank":7,"pop_max":111017},"geometry":{"type":"Point","coordinates":[7.383363,6.8670343]}},{"type":"Feature","properties":{"name":"Lokoja","name_ar":"لوكوجا","name_ascii":"Lokoja","featurecla":"Admin-1 capital","adm0":"Nigeria","adm0_a3":"NGA","scalerank":7,"pop_max":60579},"geometry":{"type":"Point","coordinates":[6.7399397,7.8003881999999996]}},{"type":"Feature","properties":{"name":"Idah","name_ar":"إيدا","name_ascii":"Idah","featurecla":"Populated place","adm0":"Nigeria","adm0_a3":"NGA","scalerank":7,"pop_max":75087},"geometry":{"type":"Point","coordinates":[6.7399397,7.1104045]}},{"type":"Feature","properties":{"name":"Lafia","name_ar":"لافيا","name_ascii":"Lafia","featurecla":"Admin-1 capital","adm0":"Nigeria","adm0_a3":"NGA","scalerank":7,"pop_max":127236},"geometry":{"type":"Point","coordinates":[8.5200378,8.4904236]}},{"type":"Feature","properties":{"name":"Keffi","name_ar":"كيفي","name_ascii":"Keffi","featurecla":"Populated place","adm0":"Nigeria","adm0_a3":"NGA","scalerank":7,"pop_max":85911},"geometry":{"type":"Point","coordinates":[7.8736173,8.8490322]}},{"type":"Feature","properties":{"name":"Funtua","name_ar":"فونتوا","name_ascii":"Funtua","featurecla":"Populated place","adm0":"Nigeria","adm0_a3":"NGA","scalerank":7,"pop_max":180475},"geometry":{"type":"Point","coordinates":[7.3200077,11.5203937]}},{"type":"Feature","properties":{"name":"Katsina","name_ar":"كاتسينا","name_ascii":"Katsina","featurecla":"Admin-1 capital","adm0":"Nigeria","adm0_a3":"NGA","scalerank":7,"pop_max":432149},"geometry":{"type":"Point","coordinates":[7.5999906,12.9904073]}},{"type":"Feature","properties":{"name":"Gusau","name_ar":"جوساو","name_ascii":"Gusau","featurecla":"Admin-1 capital","adm0":"Nigeria","adm0_a3":"NGA","scalerank":7,"pop_max":226857},"geometry":{"type":"Point","coordinates":[6.6599963,12.170405700000002]}},{"type":"Feature","properties":{"name":"Nguru","name_ar":"نغورو","name_ascii":"Nguru","featurecla":"Populated place","adm0":"Nigeria","adm0_a3":"NGA","scalerank":7,"pop_max":111014},"geometry":{"type":"Point","coordinates":[10.4499975,12.8803882]}},{"type":"Feature","properties":{"name":"Gashua","name_ar":"غاشوا","name_ascii":"Gashua","featurecla":"Admin-1 capital","adm0":"Nigeria","adm0_a3":"NGA","scalerank":7,"pop_max":125817},"geometry":{"type":"Point","coordinates":[11.0399873,12.8704922]}},{"type":"Feature","properties":{"name":"Potiskum","name_ar":"بوتيسكوم","name_ascii":"Potiskum","featurecla":"Populated place","adm0":"Nigeria","adm0_a3":"NGA","scalerank":7,"pop_max":86002},"geometry":{"type":"Point","coordinates":[11.0799849,11.7103821]}},{"type":"Feature","properties":{"name":"Birnin Kebbi","name_ar":"بيرنين كيبي","name_ascii":"Birnin Kebbi","featurecla":"Admin-1 capital","adm0":"Nigeria","adm0_a3":"NGA","scalerank":7,"pop_max":108164},"geometry":{"type":"Point","coordinates":[4.1999397,12.4504144]}},{"type":"Feature","properties":{"name":"Koko","name_ar":"كوكو","name_ascii":"Koko","featurecla":"Populated place","adm0":"Nigeria","adm0_a3":"NGA","scalerank":7,"pop_max":25792},"geometry":{"type":"Point","coordinates":[4.5169746,11.4231903]}},{"type":"Feature","properties":{"name":"Mubi","name_ar":"موبي","name_ascii":"Mubi","featurecla":"Populated place","adm0":"Nigeria","adm0_a3":"NGA","scalerank":7,"pop_max":225705},"geometry":{"type":"Point","coordinates":[13.2700321,10.2703408]}},{"type":"Feature","properties":{"name":"Numan","name_ar":"نومان","name_ascii":"Numan","featurecla":"Populated place","adm0":"Nigeria","adm0_a3":"NGA","scalerank":7,"pop_max":77617},"geometry":{"type":"Point","coordinates":[12.0400297,9.4604419]}},{"type":"Feature","properties":{"name":"Dirj","name_ar":"ديرج","name_ascii":"Dirj","featurecla":"Populated place","adm0":"Libya","adm0_a3":"LBY","scalerank":7,"pop_max":931},"geometry":{"type":"Point","coordinates":[10.4566638,30.1679118]}},{"type":"Feature","properties":{"name":"Nalut","name_ar":"نالوت","name_ascii":"Nalut","featurecla":"Populated place","adm0":"Libya","adm0_a3":"LBY","scalerank":7,"pop_max":66609},"geometry":{"type":"Point","coordinates":[10.9700175,31.8804429]}},{"type":"Feature","properties":{"name":"Zillah","name_ar":"زلة","name_ascii":"Zillah","featurecla":"Populated place","adm0":"Libya","adm0_a3":"LBY","scalerank":7,"pop_max":10},"geometry":{"type":"Point","coordinates":[17.583360600000002,28.5504136]}},{"type":"Feature","properties":{"name":"Al Khums","name_ar":"الخمس","name_ascii":"Al Khums","featurecla":"Admin-1 capital","adm0":"Libya","adm0_a3":"LBY","scalerank":7,"pop_max":201943},"geometry":{"type":"Point","coordinates":[14.2599975,32.6604212]}},{"type":"Feature","properties":{"name":"Tajarhi","name_ar":"تجرهي","name_ascii":"Tajarhi","featurecla":"Populated place","adm0":"Libya","adm0_a3":"LBY","scalerank":7,"pop_max":1500},"geometry":{"type":"Point","coordinates":[14.470837399999999,24.3703587]}},{"type":"Feature","properties":{"name":"Umm al Abid","name_ar":"أم العبيد","name_ascii":"Umm al Abid","featurecla":"Populated place","adm0":"Libya","adm0_a3":"LBY","scalerank":7,"pop_max":300},"geometry":{"type":"Point","coordinates":[15.033335300000001,27.5170142]}},{"type":"Feature","properties":{"name":"Az Zawiyah","name_ar":"الزاوية","name_ascii":"Az Zawiyah","featurecla":"Admin-1 capital","adm0":"Libya","adm0_a3":"LBY","scalerank":7,"pop_max":200000},"geometry":{"type":"Point","coordinates":[12.7199882,32.7604151]}},{"type":"Feature","properties":{"name":"Gharyan","name_ar":"غريان","name_ascii":"Gharyan","featurecla":"Admin-1 capital","adm0":"Libya","adm0_a3":"LBY","scalerank":7,"pop_max":146810},"geometry":{"type":"Point","coordinates":[13.0199698,32.1703736]}},{"type":"Feature","properties":{"name":"Mizdah","name_ar":"مزدة","name_ascii":"Mizdah","featurecla":"Populated place","adm0":"Libya","adm0_a3":"LBY","scalerank":7,"pop_max":26107},"geometry":{"type":"Point","coordinates":[12.9833313,31.433725999999997]}},{"type":"Feature","properties":{"name":"Bani Walid","name_ar":"بني وليد","name_ascii":"Bani Walid","featurecla":"Populated place","adm0":"Libya","adm0_a3":"LBY","scalerank":7,"pop_max":65392},"geometry":{"type":"Point","coordinates":[13.9899882,31.770397999999997]}},{"type":"Feature","properties":{"name":"Al Marj","name_ar":"المرج","name_ascii":"Al Marj","featurecla":"Populated place","adm0":"Libya","adm0_a3":"LBY","scalerank":7,"pop_max":169540},"geometry":{"type":"Point","coordinates":[20.8299841,32.5004568]}},{"type":"Feature","properties":{"name":"Al Bayda","name_ar":"البيضاء","name_ascii":"Al Bayda","featurecla":"Populated place","adm0":"Libya","adm0_a3":"LBY","scalerank":7,"pop_max":1794},"geometry":{"type":"Point","coordinates":[21.6200134,32.7604151]}},{"type":"Feature","properties":{"name":"Shahhat","name_ar":"شحات","name_ascii":"Shahhat","featurecla":"Populated place","adm0":"Libya","adm0_a3":"LBY","scalerank":7,"pop_max":45000},"geometry":{"type":"Point","coordinates":[21.8621691,32.828137]}},{"type":"Feature","properties":{"name":"El Agheila","name_ar":"العقيلة","name_ascii":"El Agheila","featurecla":"Populated place","adm0":"Libya","adm0_a3":"LBY","scalerank":7,"pop_max":100},"geometry":{"type":"Point","coordinates":[19.2000061,30.257027800000003]}},{"type":"Feature","properties":{"name":"Maradah","name_ar":"مرادة","name_ascii":"Maradah","featurecla":"Populated place","adm0":"Libya","adm0_a3":"LBY","scalerank":7,"pop_max":2500},"geometry":{"type":"Point","coordinates":[19.2166459,29.2337053]}},{"type":"Feature","properties":{"name":"Qaminis","name_ar":"قمينس","name_ascii":"Qaminis","featurecla":"Populated place","adm0":"Libya","adm0_a3":"LBY","scalerank":7,"pop_max":5348},"geometry":{"type":"Point","coordinates":[20.0154602,31.660637199999996]}},{"type":"Feature","properties":{"name":"As Sidr","name_ar":"ميناء السدرة النفطي","name_ascii":"As Sidr","featurecla":"Populated place","adm0":"Libya","adm0_a3":"LBY","scalerank":7,"pop_max":50},"geometry":{"type":"Point","coordinates":[18.266626300000002,30.670413400000005]}},{"type":"Feature","properties":{"name":"Al Jaghbub","name_ar":"الجغبوب","name_ascii":"Al Jaghbub","featurecla":"Populated place","adm0":"Libya","adm0_a3":"LBY","scalerank":7,"pop_max":1744},"geometry":{"type":"Point","coordinates":[24.5165808,29.750392100000003]}},{"type":"Feature","properties":{"name":"Karasburg","name_ar":"كارازبورغ","name_ascii":"Karasburg","featurecla":"Admin-1 capital","adm0":"Namibia","adm0_a3":"NAM","scalerank":7,"pop_max":6054},"geometry":{"type":"Point","coordinates":[18.7399825,-28.0195959]}},{"type":"Feature","properties":{"name":"Bethanie","name_ar":"بيثاني","name_ascii":"Bethanie","featurecla":"Admin-1 capital","adm0":"Namibia","adm0_a3":"NAM","scalerank":7,"pop_max":10363},"geometry":{"type":"Point","coordinates":[17.150002,-26.4995337]}},{"type":"Feature","properties":{"name":"Oranjemund","name_ar":"أورانجيموند","name_ascii":"Oranjemund","featurecla":"Populated place","adm0":"Namibia","adm0_a3":"NAM","scalerank":7,"pop_max":8496},"geometry":{"type":"Point","coordinates":[16.4299943,-28.5494861]}},{"type":"Feature","properties":{"name":"Mariental","name_ar":"مارينتال","name_ascii":"Mariental","featurecla":"Admin-1 capital","adm0":"Namibia","adm0_a3":"NAM","scalerank":7,"pop_max":13380},"geometry":{"type":"Point","coordinates":[17.9599267,-24.6195967]}},{"type":"Feature","properties":{"name":"Rehoboth","name_ar":"ريهوبوث","name_ascii":"Rehoboth","featurecla":"Admin-1 capital","adm0":"Namibia","adm0_a3":"NAM","scalerank":7,"pop_max":25219},"geometry":{"type":"Point","coordinates":[17.0800321,-23.3195727]}},{"type":"Feature","properties":{"name":"Outjo","name_ar":"أوتجو","name_ascii":"Outjo","featurecla":"Admin-1 capital","adm0":"Namibia","adm0_a3":"NAM","scalerank":7,"pop_max":6557},"geometry":{"type":"Point","coordinates":[16.1400378,-20.1095361]}},{"type":"Feature","properties":{"name":"Opuwo","name_ar":"أوبوو","name_ascii":"Opuwo","featurecla":"Populated place","adm0":"Namibia","adm0_a3":"NAM","scalerank":7,"pop_max":4857},"geometry":{"type":"Point","coordinates":[13.8200244,-18.0595837]}},{"type":"Feature","properties":{"name":"Usakos","name_ar":"أوساكوس","name_ascii":"Usakos","featurecla":"Populated place","adm0":"Namibia","adm0_a3":"NAM","scalerank":7,"pop_max":9147},"geometry":{"type":"Point","coordinates":[15.580020300000001,-21.9995499]}},{"type":"Feature","properties":{"name":"Okahandja","name_ar":"أوكاهانديا","name_ascii":"Okahandja","featurecla":"Admin-1 capital","adm0":"Namibia","adm0_a3":"NAM","scalerank":7,"pop_max":20879},"geometry":{"type":"Point","coordinates":[16.9100166,-21.9796028]}},{"type":"Feature","properties":{"name":"Otjiwarongo","name_ar":"أوتجيوارونغو","name_ascii":"Otjiwarongo","featurecla":"Admin-1 region capital","adm0":"Namibia","adm0_a3":"NAM","scalerank":7,"pop_max":24815},"geometry":{"type":"Point","coordinates":[16.6400073,-20.4595406]}},{"type":"Feature","properties":{"name":"Oshikango","name_ar":"أوشيكانغو","name_ascii":"Oshikango","featurecla":"Populated place","adm0":"Namibia","adm0_a3":"NAM","scalerank":7,"pop_max":12423},"geometry":{"type":"Point","coordinates":[15.880002,-17.3995207]}},{"type":"Feature","properties":{"name":"Cuangar","name_ar":"سونجار","name_ascii":"Cuangar","featurecla":"Populated place","adm0":"Namibia","adm0_a3":"NAM","scalerank":7,"pop_max":500},"geometry":{"type":"Point","coordinates":[18.6199898,-17.6095337]}},{"type":"Feature","properties":{"name":"Katima Mulilo","name_ar":"كاتيما موليلو","name_ascii":"Katima Mulilo","featurecla":"Populated place","adm0":"Namibia","adm0_a3":"NAM","scalerank":7,"pop_max":25027},"geometry":{"type":"Point","coordinates":[24.2600073,-17.4996179]}},{"type":"Feature","properties":{"name":"Mucusso","name_ar":"موكوسو","name_ascii":"Mucusso","featurecla":"Populated place","adm0":"Angola","adm0_a3":"AGO","scalerank":7,"pop_max":100},"geometry":{"type":"Point","coordinates":[21.4299991,-18.0195345]}},{"type":"Feature","properties":{"name":"Dawra","name_ar":"دورة","name_ascii":"Dawra","featurecla":"Populated place","adm0":"Morocco","adm0_a3":"MAR","scalerank":7,"pop_max":10},"geometry":{"type":"Point","coordinates":[-12.9921892,27.462909]}},{"type":"Feature","properties":{"name":"Lemsid","name_ar":"لمسيد","name_ascii":"Lemsid","featurecla":"Populated place","adm0":"Morocco","adm0_a3":"MAR","scalerank":7,"pop_max":100},"geometry":{"type":"Point","coordinates":[-13.8481922,26.5481866]}},{"type":"Feature","properties":{"name":"Tan Tan","name_ar":"طانطان","name_ascii":"Tan Tan","featurecla":"Populated place","adm0":"Morocco","adm0_a3":"MAR","scalerank":7,"pop_max":64868},"geometry":{"type":"Point","coordinates":[-11.1000308,28.4303951]}},{"type":"Feature","properties":{"name":"Bir Anzarane","name_ar":"بئر إنزران","name_ascii":"Bir Anzarane","featurecla":"Populated place","adm0":"Morocco","adm0_a3":"MAR","scalerank":7,"pop_max":6597},"geometry":{"type":"Point","coordinates":[-14.5333096,23.8837476]}},{"type":"Feature","properties":{"name":"Bolama","name_ar":"بولاما","name_ascii":"Bolama","featurecla":"Admin-1 capital","adm0":"Guinea Bissau","adm0_a3":"GNB","scalerank":7,"pop_max":10769},"geometry":{"type":"Point","coordinates":[-15.482804,11.582953]}},{"type":"Feature","properties":{"name":"Bafatá","name_ar":"بافاتا","name_ascii":"Bafata","featurecla":"Admin-1 capital","adm0":"Guinea Bissau","adm0_a3":"GNB","scalerank":7,"pop_max":29704},"geometry":{"type":"Point","coordinates":[-14.666014599999999,12.1669951]}},{"type":"Feature","properties":{"name":"Mbaïki","name_ar":"امبايكي","name_ascii":"Mbaiki","featurecla":"Admin-1 capital","adm0":"Central African Republic","adm0_a3":"CAF","scalerank":7,"pop_max":67132},"geometry":{"type":"Point","coordinates":[17.999976,3.8704214]}},{"type":"Feature","properties":{"name":"Carnot","name_ar":"كارنوت","name_ascii":"Carnot","featurecla":"Populated place","adm0":"Central African Republic","adm0_a3":"CAF","scalerank":7,"pop_max":38071},"geometry":{"type":"Point","coordinates":[15.866617800000002,4.9336898]}},{"type":"Feature","properties":{"name":"Bozoum","name_ar":"بوزوم","name_ascii":"Bozoum","featurecla":"Admin-1 capital","adm0":"Central African Republic","adm0_a3":"CAF","scalerank":7,"pop_max":40201},"geometry":{"type":"Point","coordinates":[16.3833304,6.3169904]}},{"type":"Feature","properties":{"name":"Kaga Bandoro","name_ar":"كاغا باندورو","name_ascii":"Kaga Bandoro","featurecla":"Admin-1 capital","adm0":"Central African Republic","adm0_a3":"CAF","scalerank":7,"pop_max":56520},"geometry":{"type":"Point","coordinates":[19.1800073,6.9803866]}},{"type":"Feature","properties":{"name":"Zemio","name_ar":"زيميو","name_ascii":"Zemio","featurecla":"Populated place","adm0":"Central African Republic","adm0_a3":"CAF","scalerank":7,"pop_max":20000},"geometry":{"type":"Point","coordinates":[25.1332873,5.0336579]}},{"type":"Feature","properties":{"name":"Yakossi","name_ar":"ياكوسي","name_ascii":"Yakossi","featurecla":"Populated place","adm0":"Central African Republic","adm0_a3":"CAF","scalerank":7,"pop_max":500},"geometry":{"type":"Point","coordinates":[23.316654,5.6170073]}},{"type":"Feature","properties":{"name":"Zongo","name_ar":"زونغو","name_ascii":"Zongo","featurecla":"Populated place","adm0":"Congo (Kinshasa)","adm0_a3":"COD","scalerank":7,"pop_max":17667},"geometry":{"type":"Point","coordinates":[18.6150288,4.3303416]}},{"type":"Feature","properties":{"name":"Libenge","name_ar":"ليبنغي","name_ascii":"Libenge","featurecla":"Populated place","adm0":"Congo (Kinshasa)","adm0_a3":"COD","scalerank":7,"pop_max":27053},"geometry":{"type":"Point","coordinates":[18.6199898,3.6604342000000005]}},{"type":"Feature","properties":{"name":"Bongandanga","name_ar":"بونغاندانغا","name_ascii":"Bongandanga","featurecla":"Populated place","adm0":"Congo (Kinshasa)","adm0_a3":"COD","scalerank":7,"pop_max":4105},"geometry":{"type":"Point","coordinates":[21.0500223,1.5103587]}},{"type":"Feature","properties":{"name":"Ikela","name_ar":"إكيلا","name_ascii":"Ikela","featurecla":"Populated place","adm0":"Congo (Kinshasa)","adm0_a3":"COD","scalerank":7,"pop_max":291},"geometry":{"type":"Point","coordinates":[23.2665795,-1.1829394]}},{"type":"Feature","properties":{"name":"Binga","name_ar":"بنغا","name_ascii":"Binga","featurecla":"Populated place","adm0":"Congo (Kinshasa)","adm0_a3":"COD","scalerank":7,"pop_max":64639},"geometry":{"type":"Point","coordinates":[20.4199833,2.3834062]}},{"type":"Feature","properties":{"name":"Basankusu","name_ar":"باسنكوسو","name_ascii":"Basankusu","featurecla":"Populated place","adm0":"Congo (Kinshasa)","adm0_a3":"COD","scalerank":7,"pop_max":52216},"geometry":{"type":"Point","coordinates":[19.8000211,1.2337089]}},{"type":"Feature","properties":{"name":"Boende","name_ar":"بويندي","name_ascii":"Boende","featurecla":"Populated place","adm0":"Congo (Kinshasa)","adm0_a3":"COD","scalerank":7,"pop_max":32091},"geometry":{"type":"Point","coordinates":[20.8600081,-0.2195874]}},{"type":"Feature","properties":{"name":"Gbadolite","name_ar":"جبادوليت","name_ascii":"Gbadolite","featurecla":"Populated place","adm0":"Congo (Kinshasa)","adm0_a3":"COD","scalerank":7,"pop_max":50493},"geometry":{"type":"Point","coordinates":[21.0199467,4.2903699]}},{"type":"Feature","properties":{"name":"Businga","name_ar":"بوسينجا","name_ascii":"Businga","featurecla":"Populated place","adm0":"Congo (Kinshasa)","adm0_a3":"COD","scalerank":7,"pop_max":34247},"geometry":{"type":"Point","coordinates":[20.8699816,3.3403762]}},{"type":"Feature","properties":{"name":"Bosobolo","name_ar":"بوسوبولو","name_ascii":"Bosobolo","featurecla":"Populated place","adm0":"Congo (Kinshasa)","adm0_a3":"COD","scalerank":7,"pop_max":14553},"geometry":{"type":"Point","coordinates":[19.8800162,4.190376]}},{"type":"Feature","properties":{"name":"Zouar","name_ar":"زوار","name_ascii":"Zouar","featurecla":"Populated place","adm0":"Chad","adm0_a3":"TCD","scalerank":7,"pop_max":204},"geometry":{"type":"Point","coordinates":[16.5277661,20.458737]}},{"type":"Feature","properties":{"name":"Bol","name_ar":"بول","name_ascii":"Bol","featurecla":"Admin-1 capital","adm0":"Chad","adm0_a3":"TCD","scalerank":7,"pop_max":3303},"geometry":{"type":"Point","coordinates":[14.7146984,13.4589575]}},{"type":"Feature","properties":{"name":"Calatrava","name_ar":"كالاترافا","name_ascii":"Calatrava","featurecla":"Populated place","adm0":"Equatorial Guinea","adm0_a3":"GNQ","scalerank":7,"pop_max":628},"geometry":{"type":"Point","coordinates":[9.4185876,1.1164034]}},{"type":"Feature","properties":{"name":"Mongomo","name_ar":"مونغومو","name_ascii":"Mongomo","featurecla":"Admin-1 capital","adm0":"Equatorial Guinea","adm0_a3":"GNQ","scalerank":7,"pop_max":6560},"geometry":{"type":"Point","coordinates":[11.3165596,1.6336845]}},{"type":"Feature","properties":{"name":"Ati","name_ar":"أتي","name_ascii":"Ati","featurecla":"Admin-1 capital","adm0":"Chad","adm0_a3":"TCD","scalerank":7,"pop_max":25373},"geometry":{"type":"Point","coordinates":[18.3332889,13.2170602]}},{"type":"Feature","properties":{"name":"Oum Hadjer","name_ar":"أم هاجر","name_ascii":"Oum Hadjer","featurecla":"Populated place","adm0":"Chad","adm0_a3":"TCD","scalerank":7,"pop_max":19271},"geometry":{"type":"Point","coordinates":[19.6833357,13.3004142]}},{"type":"Feature","properties":{"name":"Mongo","name_ar":"مونقو","name_ascii":"Mongo","featurecla":"Admin-1 capital","adm0":"Chad","adm0_a3":"TCD","scalerank":7,"pop_max":27763},"geometry":{"type":"Point","coordinates":[18.6999849,12.183738200000002]}},{"type":"Feature","properties":{"name":"Doba","name_ar":"دوبا","name_ascii":"Doba","featurecla":"Admin-1 capital","adm0":"Chad","adm0_a3":"TCD","scalerank":7,"pop_max":29597},"geometry":{"type":"Point","coordinates":[16.8500203,8.6504397]}},{"type":"Feature","properties":{"name":"Pala","name_ar":"بالا","name_ascii":"Pala","featurecla":"Populated place","adm0":"Chad","adm0_a3":"TCD","scalerank":7,"pop_max":35466},"geometry":{"type":"Point","coordinates":[14.9666211,9.3504228]}},{"type":"Feature","properties":{"name":"Bongor","name_ar":"بونقور","name_ascii":"Bongor","featurecla":"Admin-1 capital","adm0":"Chad","adm0_a3":"TCD","scalerank":7,"pop_max":193941},"geometry":{"type":"Point","coordinates":[15.387163900000001,10.2859471]}},{"type":"Feature","properties":{"name":"Kelo","name_ar":"كيلو","name_ascii":"Kelo","featurecla":"Populated place","adm0":"Chad","adm0_a3":"TCD","scalerank":7,"pop_max":96224},"geometry":{"type":"Point","coordinates":[15.800006900000001,9.3170657]}},{"type":"Feature","properties":{"name":"Tanta","name_ar":"طنطا","name_ascii":"Tanta","featurecla":"Admin-1 capital","adm0":"Egypt","adm0_a3":"EGY","scalerank":7,"pop_max":404901},"geometry":{"type":"Point","coordinates":[31.000009299999995,30.790431900000005]}},{"type":"Feature","properties":{"name":"Ismaïlia","name_ar":"الإسماعيلية","name_ascii":"Ismailia","featurecla":"Admin-1 capital","adm0":"Egypt","adm0_a3":"EGY","scalerank":7,"pop_max":656135},"geometry":{"type":"Point","coordinates":[32.2599841,30.590340800000003]}},{"type":"Feature","properties":{"name":"El Mansura","name_ar":"الشرقيه","name_ascii":"El Mansura","featurecla":"Admin-1 capital","adm0":"Egypt","adm0_a3":"EGY","scalerank":7,"pop_max":600000},"geometry":{"type":"Point","coordinates":[31.380037800000004,31.050441899999996]}},{"type":"Feature","properties":{"name":"Dumyat","name_ar":"دمياط","name_ascii":"Dumyat","featurecla":"Admin-1 capital","adm0":"Egypt","adm0_a3":"EGY","scalerank":7,"pop_max":299459},"geometry":{"type":"Point","coordinates":[31.8200109,31.420393500000003]}},{"type":"Feature","properties":{"name":"Matruh","name_ar":"مرسى مطروح","name_ascii":"Matruh","featurecla":"Admin-1 capital","adm0":"Egypt","adm0_a3":"EGY","scalerank":7,"pop_max":103470},"geometry":{"type":"Point","coordinates":[27.2300069,31.350423600000003]}},{"type":"Feature","properties":{"name":"El Alamein","name_ar":"العلمين","name_ascii":"El Alamein","featurecla":"Populated place","adm0":"Egypt","adm0_a3":"EGY","scalerank":7,"pop_max":7400},"geometry":{"type":"Point","coordinates":[28.949953600000004,30.817071099999996]}},{"type":"Feature","properties":{"name":"El Daba","name_ar":"الضبعة","name_ascii":"El Daba","featurecla":"Populated place","adm0":"Egypt","adm0_a3":"EGY","scalerank":7,"pop_max":14212},"geometry":{"type":"Point","coordinates":[28.4332926,31.0337763]}},{"type":"Feature","properties":{"name":"Salum","name_ar":"السلوم","name_ascii":"Salum","featurecla":"Populated place","adm0":"Egypt","adm0_a3":"EGY","scalerank":7,"pop_max":7330},"geometry":{"type":"Point","coordinates":[25.1500305,31.566973699999995]}},{"type":"Feature","properties":{"name":"Damanhûr","name_ar":"دمنهور","name_ascii":"Damanhur","featurecla":"Admin-1 capital","adm0":"Egypt","adm0_a3":"EGY","scalerank":7,"pop_max":500000},"geometry":{"type":"Point","coordinates":[30.4700158,31.050441899999996]}},{"type":"Feature","properties":{"name":"Samalut","name_ar":"سمالوط","name_ascii":"Samalut","featurecla":"Populated place","adm0":"Egypt","adm0_a3":"EGY","scalerank":7,"pop_max":152097},"geometry":{"type":"Point","coordinates":[30.710001200000004,28.3004289]}},{"type":"Feature","properties":{"name":"Mallawi","name_ar":"ملوي","name_ascii":"Mallawi","featurecla":"Populated place","adm0":"Egypt","adm0_a3":"EGY","scalerank":7,"pop_max":217365},"geometry":{"type":"Point","coordinates":[30.8399674,27.730412]}},{"type":"Feature","properties":{"name":"Beni Mazar","name_ar":"بني مزار","name_ascii":"Beni Mazar","featurecla":"Populated place","adm0":"Egypt","adm0_a3":"EGY","scalerank":7,"pop_max":79553},"geometry":{"type":"Point","coordinates":[30.809995100000002,28.4903915]}},{"type":"Feature","properties":{"name":"Beni Suef","name_ar":"بني سويف","name_ascii":"Beni Suef","featurecla":"Admin-1 capital","adm0":"Egypt","adm0_a3":"EGY","scalerank":7,"pop_max":489450},"geometry":{"type":"Point","coordinates":[31.0900297,29.080381299999996]}},{"type":"Feature","properties":{"name":"Rashid","name_ar":"رشيد","name_ascii":"Rashid","featurecla":"Populated place","adm0":"Egypt","adm0_a3":"EGY","scalerank":7,"pop_max":199509},"geometry":{"type":"Point","coordinates":[30.3900207,31.4603911]}},{"type":"Feature","properties":{"name":"Qasr Farafra","name_ar":"الفرافرة","name_ascii":"Qasr Farafra","featurecla":"Populated place","adm0":"Egypt","adm0_a3":"EGY","scalerank":7,"pop_max":5000},"geometry":{"type":"Point","coordinates":[27.9665511,27.067145]}},{"type":"Feature","properties":{"name":"El Qasr","name_ar":"القصر","name_ascii":"El Qasr","featurecla":"Populated place","adm0":"Egypt","adm0_a3":"EGY","scalerank":7,"pop_max":1716},"geometry":{"type":"Point","coordinates":[28.883291,25.7004326]}},{"type":"Feature","properties":{"name":"Isna","name_ar":"إسنا","name_ascii":"Isna","featurecla":"Populated place","adm0":"Egypt","adm0_a3":"EGY","scalerank":7,"pop_max":100000},"geometry":{"type":"Point","coordinates":[32.5499406,25.2904059]}},{"type":"Feature","properties":{"name":"Qena","name_ar":"قنا","name_ascii":"Qena","featurecla":"Admin-1 capital","adm0":"Egypt","adm0_a3":"EGY","scalerank":7,"pop_max":302027},"geometry":{"type":"Point","coordinates":[32.720007700000004,26.1504568]}},{"type":"Feature","properties":{"name":"Girga","name_ar":"جرجا","name_ascii":"Girga","featurecla":"Populated place","adm0":"Egypt","adm0_a3":"EGY","scalerank":7,"pop_max":128250},"geometry":{"type":"Point","coordinates":[31.8800073,26.3303683]}},{"type":"Feature","properties":{"name":"Sohag","name_ar":"سوهاج","name_ascii":"Sohag","featurecla":"Admin-1 capital","adm0":"Egypt","adm0_a3":"EGY","scalerank":7,"pop_max":600000},"geometry":{"type":"Point","coordinates":[31.7000183,26.5504065]}},{"type":"Feature","properties":{"name":"Berenice","name_ar":"برنيس","name_ascii":"Berenice","featurecla":"Populated place","adm0":"Egypt","adm0_a3":"EGY","scalerank":7,"pop_max":10},"geometry":{"type":"Point","coordinates":[35.4841801,23.9459918]}},{"type":"Feature","properties":{"name":"Bur Safaga","name_ar":"سفاجا","name_ascii":"Bur Safaga","featurecla":"Populated place","adm0":"Egypt","adm0_a3":"EGY","scalerank":7,"pop_max":32944},"geometry":{"type":"Point","coordinates":[33.9333186,26.7337287]}},{"type":"Feature","properties":{"name":"El Tur","name_ar":"الطور","name_ascii":"El Tur","featurecla":"Admin-1 capital","adm0":"Egypt","adm0_a3":"EGY","scalerank":7,"pop_max":27628},"geometry":{"type":"Point","coordinates":[33.6147973,28.239389]}},{"type":"Feature","properties":{"name":"El Arish","name_ar":"العريش","name_ascii":"El Arish","featurecla":"Admin-1 capital","adm0":"Egypt","adm0_a3":"EGY","scalerank":7,"pop_max":178651},"geometry":{"type":"Point","coordinates":[33.8005619,31.1248818]}},{"type":"Feature","properties":{"name":"Yangambi","name_ar":"يانغامبي","name_ascii":"Yangambi","featurecla":"Populated place","adm0":"Congo (Kinshasa)","adm0_a3":"COD","scalerank":7,"pop_max":35531},"geometry":{"type":"Point","coordinates":[24.4300227,0.770378]}},{"type":"Feature","properties":{"name":"Aketi","name_ar":"أكيتي","name_ascii":"Aketi","featurecla":"Populated place","adm0":"Congo (Kinshasa)","adm0_a3":"COD","scalerank":7,"pop_max":58601},"geometry":{"type":"Point","coordinates":[23.7799849,2.7404645]}},{"type":"Feature","properties":{"name":"Mongbwalu","name_ar":"مونغبوالو","name_ascii":"Mongbwalu","featurecla":"Populated place","adm0":"Congo (Kinshasa)","adm0_a3":"COD","scalerank":7,"pop_max":2819},"geometry":{"type":"Point","coordinates":[30.033298299999995,1.9504352000000003]}},{"type":"Feature","properties":{"name":"Bafwasende","name_ar":"بوافاسندي","name_ascii":"Bafwasende","featurecla":"Populated place","adm0":"Congo (Kinshasa)","adm0_a3":"COD","scalerank":7,"pop_max":149},"geometry":{"type":"Point","coordinates":[27.2665938,1.0838473]}},{"type":"Feature","properties":{"name":"Bunia","name_ar":"بونيا","name_ascii":"Bunia","featurecla":"Populated place","adm0":"Congo (Kinshasa)","adm0_a3":"COD","scalerank":7,"pop_max":96764},"geometry":{"type":"Point","coordinates":[30.240004,1.5604073]}},{"type":"Feature","properties":{"name":"Wamba","name_ar":"وامبا","name_ascii":"Wamba","featurecla":"Populated place","adm0":"Congo (Kinshasa)","adm0_a3":"COD","scalerank":7,"pop_max":146871},"geometry":{"type":"Point","coordinates":[27.9899605,2.1404236]}},{"type":"Feature","properties":{"name":"Basoko","name_ar":"باسوكو","name_ascii":"Basoko","featurecla":"Populated place","adm0":"Congo (Kinshasa)","adm0_a3":"COD","scalerank":7,"pop_max":43709},"geometry":{"type":"Point","coordinates":[23.590022300000005,1.2404269]}},{"type":"Feature","properties":{"name":"Tessenei","name_ar":"تسني","name_ascii":"Tessenei","featurecla":"Populated place","adm0":"Eritrea","adm0_a3":"ERI","scalerank":7,"pop_max":15255},"geometry":{"type":"Point","coordinates":[36.6574934,15.1103813]}},{"type":"Feature","properties":{"name":"Agordat","name_ar":"أغوردات","name_ascii":"Agordat","featurecla":"Populated place","adm0":"Eritrea","adm0_a3":"ERI","scalerank":7,"pop_max":28600},"geometry":{"type":"Point","coordinates":[37.8866691,15.549036699999998]}},{"type":"Feature","properties":{"name":"Massawa","name_ar":"مصوع","name_ascii":"Massawa","featurecla":"Admin-1 capital","adm0":"Eritrea","adm0_a3":"ERI","scalerank":7,"pop_max":142564},"geometry":{"type":"Point","coordinates":[39.4500362,15.6101182]}},{"type":"Feature","properties":{"name":"Keren","name_ar":"كرن","name_ascii":"Keren","featurecla":"Admin-1 capital","adm0":"Eritrea","adm0_a3":"ERI","scalerank":7,"pop_max":150000},"geometry":{"type":"Point","coordinates":[38.45435135296248,15.781441409744621]}},{"type":"Feature","properties":{"name":"Mendefera","name_ar":"منديفيرا","name_ascii":"Mendefera","featurecla":"Admin-1 capital","adm0":"Eritrea","adm0_a3":"ERI","scalerank":7,"pop_max":257390},"geometry":{"type":"Point","coordinates":[38.8163281,14.885976400000002]}},{"type":"Feature","properties":{"name":"Ali Sabih","name_ar":"علي صبيح","name_ascii":"Ali Sabih","featurecla":"Admin-1 capital","adm0":"Djibouti","adm0_a3":"DJI","scalerank":7,"pop_max":40074},"geometry":{"type":"Point","coordinates":[42.7125244,11.1562299]}},{"type":"Feature","properties":{"name":"Obock","name_ar":"أوبوك","name_ascii":"Obock","featurecla":"Admin-1 capital","adm0":"Djibouti","adm0_a3":"DJI","scalerank":7,"pop_max":17776},"geometry":{"type":"Point","coordinates":[43.2855643,11.973441]}},{"type":"Feature","properties":{"name":"Kenge","name_ar":"كينجي","name_ascii":"Kenge","featurecla":"Populated place","adm0":"Congo (Kinshasa)","adm0_a3":"COD","scalerank":7,"pop_max":241},"geometry":{"type":"Point","coordinates":[16.8999397,-4.8295902]}},{"type":"Feature","properties":{"name":"Bolobo","name_ar":"بولوبو","name_ascii":"Bolobo","featurecla":"Populated place","adm0":"Congo (Kinshasa)","adm0_a3":"COD","scalerank":7,"pop_max":27862},"geometry":{"type":"Point","coordinates":[16.23998,-2.1595207]}},{"type":"Feature","properties":{"name":"Kahemba","name_ar":"كاهيمبا","name_ascii":"Kahemba","featurecla":"Populated place","adm0":"Congo (Kinshasa)","adm0_a3":"COD","scalerank":7,"pop_max":50000},"geometry":{"type":"Point","coordinates":[19.0000183,-7.2829289]}},{"type":"Feature","properties":{"name":"Bulungu","name_ar":"بولونغو","name_ascii":"Bulungu","featurecla":"Populated place","adm0":"Congo (Kinshasa)","adm0_a3":"COD","scalerank":7,"pop_max":48344},"geometry":{"type":"Point","coordinates":[18.599991,-4.5496073]}},{"type":"Feature","properties":{"name":"Lusanga","name_ar":"لوزانغا","name_ascii":"Lusanga","featurecla":"Populated place","adm0":"Congo (Kinshasa)","adm0_a3":"COD","scalerank":7,"pop_max":177},"geometry":{"type":"Point","coordinates":[16.5166556,-5.5829293]}},{"type":"Feature","properties":{"name":"Mangai","name_ar":"محافظة مانجي","name_ascii":"Mangai","featurecla":"Populated place","adm0":"Congo (Kinshasa)","adm0_a3":"COD","scalerank":7,"pop_max":37188},"geometry":{"type":"Point","coordinates":[19.5300118,-4.0396126]}},{"type":"Feature","properties":{"name":"Kasongo-Lunda","name_ar":"كاسونغو-لوندا","name_ascii":"Kasongo-Lunda","featurecla":"Populated place","adm0":"Congo (Kinshasa)","adm0_a3":"COD","scalerank":7,"pop_max":20060},"geometry":{"type":"Point","coordinates":[16.8299698,-6.4796187]}},{"type":"Feature","properties":{"name":"Mushie","name_ar":"موشي","name_ascii":"Mushie","featurecla":"Populated place","adm0":"Congo (Kinshasa)","adm0_a3":"COD","scalerank":7,"pop_max":33062},"geometry":{"type":"Point","coordinates":[16.9200419,-3.0196232]}},{"type":"Feature","properties":{"name":"Dibaya","name_ar":"دباية","name_ascii":"Dibaya","featurecla":"Populated place","adm0":"Congo (Kinshasa)","adm0_a3":"COD","scalerank":7,"pop_max":603},"geometry":{"type":"Point","coordinates":[22.8700146,-6.5095394]}},{"type":"Feature","properties":{"name":"Mweka","name_ar":"مويكا","name_ascii":"Mweka","featurecla":"Populated place","adm0":"Congo (Kinshasa)","adm0_a3":"COD","scalerank":7,"pop_max":50675},"geometry":{"type":"Point","coordinates":[21.5699906,-4.8396155]}},{"type":"Feature","properties":{"name":"Luebo","name_ar":"لويبو","name_ascii":"Luebo","featurecla":"Populated place","adm0":"Congo (Kinshasa)","adm0_a3":"COD","scalerank":7,"pop_max":35183},"geometry":{"type":"Point","coordinates":[21.4100004,-5.3495068]}},{"type":"Feature","properties":{"name":"Demba","name_ar":"ديمبا","name_ascii":"Demba","featurecla":"Populated place","adm0":"Congo (Kinshasa)","adm0_a3":"COD","scalerank":7,"pop_max":22263},"geometry":{"type":"Point","coordinates":[22.2599743,-5.5096004]}},{"type":"Feature","properties":{"name":"Ilebo","name_ar":"إيليبو","name_ascii":"Ilebo","featurecla":"Populated place","adm0":"Congo (Kinshasa)","adm0_a3":"COD","scalerank":7,"pop_max":107093},"geometry":{"type":"Point","coordinates":[20.6099975,-4.3195955]}},{"type":"Feature","properties":{"name":"Moanda","name_ar":"مواندا","name_ascii":"Moanda","featurecla":"Populated place","adm0":"Congo (Kinshasa)","adm0_a3":"COD","scalerank":7,"pop_max":153915},"geometry":{"type":"Point","coordinates":[12.3549975,-5.9229085]}},{"type":"Feature","properties":{"name":"Kimpese","name_ar":"كيمبيزي","name_ascii":"Kimpese","featurecla":"Populated place","adm0":"Congo (Kinshasa)","adm0_a3":"COD","scalerank":7,"pop_max":10578},"geometry":{"type":"Point","coordinates":[14.4333203,-5.549598]}},{"type":"Feature","properties":{"name":"Kasangulu","name_ar":"كاسانغولو","name_ascii":"Kasangulu","featurecla":"Populated place","adm0":"Congo (Kinshasa)","adm0_a3":"COD","scalerank":7,"pop_max":27961},"geometry":{"type":"Point","coordinates":[15.179993000000001,-4.5795797]}},{"type":"Feature","properties":{"name":"Mbanza-Ngungu","name_ar":"مبانزا نغونغو","name_ascii":"Mbanza-Ngungu","featurecla":"Populated place","adm0":"Congo (Kinshasa)","adm0_a3":"COD","scalerank":7,"pop_max":197545},"geometry":{"type":"Point","coordinates":[14.860012600000001,-5.2496163]}},{"type":"Feature","properties":{"name":"Tshela","name_ar":"تشيلا","name_ascii":"Tshela","featurecla":"Populated place","adm0":"Congo (Kinshasa)","adm0_a3":"COD","scalerank":7,"pop_max":38845},"geometry":{"type":"Point","coordinates":[12.9300012,-4.9695817]}},{"type":"Feature","properties":{"name":"Mwenga","name_ar":"موينغا","name_ascii":"Mwenga","featurecla":"Populated place","adm0":"Congo (Kinshasa)","adm0_a3":"COD","scalerank":7,"pop_max":2216},"geometry":{"type":"Point","coordinates":[28.4325175,-3.0382267]}},{"type":"Feature","properties":{"name":"Kampene","name_ar":"كامبنا","name_ascii":"Kampene","featurecla":"Populated place","adm0":"Congo (Kinshasa)","adm0_a3":"COD","scalerank":7,"pop_max":37034},"geometry":{"type":"Point","coordinates":[26.6700411,-3.5995361000000003]}},{"type":"Feature","properties":{"name":"Kalima","name_ar":"كاليما","name_ascii":"Kalima","featurecla":"Populated place","adm0":"Congo (Kinshasa)","adm0_a3":"COD","scalerank":7,"pop_max":194},"geometry":{"type":"Point","coordinates":[26.430004,-2.5095768]}},{"type":"Feature","properties":{"name":"Lubutu","name_ar":"لوبوتو","name_ascii":"Lubutu","featurecla":"Populated place","adm0":"Congo (Kinshasa)","adm0_a3":"COD","scalerank":7,"pop_max":1313},"geometry":{"type":"Point","coordinates":[26.583328,-0.7328894]}},{"type":"Feature","properties":{"name":"Kabinda","name_ar":"كابيندا","name_ascii":"Kabinda","featurecla":"Populated place","adm0":"Congo (Kinshasa)","adm0_a3":"COD","scalerank":7,"pop_max":59004},"geometry":{"type":"Point","coordinates":[24.4799939,-6.1296142]}},{"type":"Feature","properties":{"name":"Lubao","name_ar":"ليباو","name_ascii":"Lubao","featurecla":"Populated place","adm0":"Congo (Kinshasa)","adm0_a3":"COD","scalerank":7,"pop_max":43068},"geometry":{"type":"Point","coordinates":[25.7499939,-5.3895561]}},{"type":"Feature","properties":{"name":"Lusambo","name_ar":"لوسامبو","name_ascii":"Lusambo","featurecla":"Populated place","adm0":"Congo (Kinshasa)","adm0_a3":"COD","scalerank":7,"pop_max":41416},"geometry":{"type":"Point","coordinates":[23.4300321,-4.9695817]}},{"type":"Feature","properties":{"name":"Gandajika","name_ar":"جانداجيكا","name_ascii":"Gandajika","featurecla":"Populated place","adm0":"Congo (Kinshasa)","adm0_a3":"COD","scalerank":7,"pop_max":154425},"geometry":{"type":"Point","coordinates":[23.9600256,-6.7396028]}},{"type":"Feature","properties":{"name":"Lodja","name_ar":"لوديا","name_ascii":"Lodja","featurecla":"Populated place","adm0":"Congo (Kinshasa)","adm0_a3":"COD","scalerank":7,"pop_max":68244},"geometry":{"type":"Point","coordinates":[23.591413638094178,-3.532144326154366]}},{"type":"Feature","properties":{"name":"Dilolo","name_ar":"ديلولو","name_ascii":"Dilolo","featurecla":"Populated place","adm0":"Congo (Kinshasa)","adm0_a3":"COD","scalerank":7,"pop_max":7854},"geometry":{"type":"Point","coordinates":[22.3333032,-10.6996195]}},{"type":"Feature","properties":{"name":"Nyunzu","name_ar":"نايونزو","name_ascii":"Nyunzu","featurecla":"Populated place","adm0":"Congo (Kinshasa)","adm0_a3":"COD","scalerank":7,"pop_max":15397},"geometry":{"type":"Point","coordinates":[28.0166772,-5.9495735]}},{"type":"Feature","properties":{"name":"Kasaji","name_ar":"كاساجي","name_ascii":"Kasaji","featurecla":"Populated place","adm0":"Congo (Kinshasa)","adm0_a3":"COD","scalerank":7,"pop_max":11969},"geometry":{"type":"Point","coordinates":[23.4499792,-10.3662032]}},{"type":"Feature","properties":{"name":"Luanza","name_ar":"لوانزا","name_ascii":"Luanza","featurecla":"Populated place","adm0":"Congo (Kinshasa)","adm0_a3":"COD","scalerank":7,"pop_max":861},"geometry":{"type":"Point","coordinates":[28.6999947,-8.6995866]}},{"type":"Feature","properties":{"name":"Moba","name_ar":"موبا","name_ascii":"Moba","featurecla":"Populated place","adm0":"Congo (Kinshasa)","adm0_a3":"COD","scalerank":7,"pop_max":10006},"geometry":{"type":"Point","coordinates":[29.7199841,-7.0595833]}},{"type":"Feature","properties":{"name":"Bukama","name_ar":"بوكاما","name_ascii":"Bukama","featurecla":"Populated place","adm0":"Congo (Kinshasa)","adm0_a3":"COD","scalerank":7,"pop_max":38770},"geometry":{"type":"Point","coordinates":[25.8400142,-9.2095813]}},{"type":"Feature","properties":{"name":"Kaniama","name_ar":"كانياما","name_ascii":"Kaniama","featurecla":"Admin-1 capital","adm0":"Congo (Kinshasa)","adm0_a3":"COD","scalerank":7,"pop_max":36481},"geometry":{"type":"Point","coordinates":[24.1700386,-7.5696297]}},{"type":"Feature","properties":{"name":"Kipushi","name_ar":"كيبوشي","name_ascii":"Kipushi","featurecla":"Populated place","adm0":"Congo (Kinshasa)","adm0_a3":"COD","scalerank":7,"pop_max":113347},"geometry":{"type":"Point","coordinates":[27.2500057,-11.7596065]}},{"type":"Feature","properties":{"name":"Kambove","name_ar":"كامبوف","name_ascii":"Kambove","featurecla":"Populated place","adm0":"Congo (Kinshasa)","adm0_a3":"COD","scalerank":7,"pop_max":36702},"geometry":{"type":"Point","coordinates":[26.6000195,-10.8695833]}},{"type":"Feature","properties":{"name":"Kongolo","name_ar":"كونغولو","name_ascii":"Kongolo","featurecla":"Populated place","adm0":"Congo (Kinshasa)","adm0_a3":"COD","scalerank":7,"pop_max":105202},"geometry":{"type":"Point","coordinates":[26.9799963,-5.3794791]}},{"type":"Feature","properties":{"name":"Kabalo","name_ar":"كابالو","name_ascii":"Kabalo","featurecla":"Populated place","adm0":"Congo (Kinshasa)","adm0_a3":"COD","scalerank":7,"pop_max":29833},"geometry":{"type":"Point","coordinates":[26.9100264,-6.0496191]}},{"type":"Feature","properties":{"name":"Beni","name_ar":"بني","name_ascii":"Beni","featurecla":"Populated place","adm0":"Congo (Kinshasa)","adm0_a3":"COD","scalerank":7,"pop_max":332903},"geometry":{"type":"Point","coordinates":[29.4500264,0.4904468]}},{"type":"Feature","properties":{"name":"Bansang","name_ar":"بانسانغ","name_ascii":"Bansang","featurecla":"Populated place","adm0":"The Gambia","adm0_a3":"GMB","scalerank":7,"pop_max":7615},"geometry":{"type":"Point","coordinates":[-14.6500208,13.4336361]}},{"type":"Feature","properties":{"name":"Brikama","name_ar":"بريكاما","name_ascii":"Brikama","featurecla":"Admin-1 capital","adm0":"The Gambia","adm0_a3":"GMB","scalerank":7,"pop_max":195136},"geometry":{"type":"Point","coordinates":[-16.6599498,13.2803638]}},{"type":"Feature","properties":{"name":"Tamale","name_ar":"تامالي","name_ascii":"Tamale","featurecla":"Admin-1 capital","adm0":"Ghana","adm0_a3":"GHA","scalerank":7,"pop_max":360579},"geometry":{"type":"Point","coordinates":[-0.8399852,9.4004197]}},{"type":"Feature","properties":{"name":"Yendi","name_ar":"يندى","name_ascii":"Yendi","featurecla":"Populated place","adm0":"Ghana","adm0_a3":"GHA","scalerank":7,"pop_max":42972},"geometry":{"type":"Point","coordinates":[-0.0166504,9.4337252]}},{"type":"Feature","properties":{"name":"Bolgatanga","name_ar":"بولجاتانجا","name_ascii":"Bolgatanga","featurecla":"Admin-1 capital","adm0":"Ghana","adm0_a3":"GHA","scalerank":7,"pop_max":82177},"geometry":{"type":"Point","coordinates":[-0.8499846,10.7903866]}},{"type":"Feature","properties":{"name":"Bawku","name_ar":"باوكو","name_ascii":"Bawku","featurecla":"Populated place","adm0":"Ghana","adm0_a3":"GHA","scalerank":7,"pop_max":73594},"geometry":{"type":"Point","coordinates":[-0.23999599999999996,11.060395900000001]}},{"type":"Feature","properties":{"name":"Wa","name_ar":"وا","name_ascii":"Wa","featurecla":"Admin-1 capital","adm0":"Ghana","adm0_a3":"GHA","scalerank":7,"pop_max":78107},"geometry":{"type":"Point","coordinates":[-2.5000131,10.0604053]}},{"type":"Feature","properties":{"name":"Obuasi","name_ar":"أوبواسي","name_ascii":"Obuasi","featurecla":"Populated place","adm0":"Ghana","adm0_a3":"GHA","scalerank":7,"pop_max":180117},"geometry":{"type":"Point","coordinates":[-1.6599868,6.190409]}},{"type":"Feature","properties":{"name":"Berekum","name_ar":"بيريكوم","name_ascii":"Berekum","featurecla":"Populated place","adm0":"Ghana","adm0_a3":"GHA","scalerank":7,"pop_max":46287},"geometry":{"type":"Point","coordinates":[-2.5900076,7.450383699999999]}},{"type":"Feature","properties":{"name":"Winneba","name_ar":"واينيبا","name_ascii":"Winneba","featurecla":"Populated place","adm0":"Ghana","adm0_a3":"GHA","scalerank":7,"pop_max":44254},"geometry":{"type":"Point","coordinates":[-0.6300497,5.3504344]}},{"type":"Feature","properties":{"name":"Cape Coast","name_ar":"كيب كوست","name_ascii":"Cape Coast","featurecla":"Admin-1 capital","adm0":"Ghana","adm0_a3":"GHA","scalerank":7,"pop_max":143015},"geometry":{"type":"Point","coordinates":[-1.249986,5.1103715]}},{"type":"Feature","properties":{"name":"Nkawkaw","name_ar":"نكاوكاو","name_ascii":"Nkawkaw","featurecla":"Populated place","adm0":"Ghana","adm0_a3":"GHA","scalerank":7,"pop_max":62667},"geometry":{"type":"Point","coordinates":[-0.7800147,6.5504645]}},{"type":"Feature","properties":{"name":"Koforidua","name_ar":"كوفوريدوا","name_ascii":"Koforidua","featurecla":"Admin-1 capital","adm0":"Ghana","adm0_a3":"GHA","scalerank":7,"pop_max":156653},"geometry":{"type":"Point","coordinates":[-0.26002060000000005,6.0904151]}},{"type":"Feature","properties":{"name":"Tema","name_ar":"تيما","name_ascii":"Tema","featurecla":"Populated place","adm0":"Ghana","adm0_a3":"GHA","scalerank":7,"pop_max":209000},"geometry":{"type":"Point","coordinates":[0.0100146,5.640365]}},{"type":"Feature","properties":{"name":"Ho","name_ar":"هو","name_ascii":"Ho","featurecla":"Admin-1 capital","adm0":"Ghana","adm0_a3":"GHA","scalerank":7,"pop_max":93044},"geometry":{"type":"Point","coordinates":[0.4699865,6.6004098]}},{"type":"Feature","properties":{"name":"Ewo","name_ar":"إيو","name_ascii":"Ewo","featurecla":"Admin-1 capital","adm0":"Congo (Brazzaville)","adm0_a3":"COG","scalerank":7,"pop_max":10650},"geometry":{"type":"Point","coordinates":[14.820015,-0.8795988]}},{"type":"Feature","properties":{"name":"Mékambo","name_ar":"ميكامبو","name_ascii":"Mekambo","featurecla":"Populated place","adm0":"Gabon","adm0_a3":"GAB","scalerank":7,"pop_max":3170},"geometry":{"type":"Point","coordinates":[13.9332991,1.0170813]}},{"type":"Feature","properties":{"name":"Makokou","name_ar":"ماكوكو","name_ascii":"Makokou","featurecla":"Admin-1 capital","adm0":"Gabon","adm0_a3":"GAB","scalerank":7,"pop_max":17070},"geometry":{"type":"Point","coordinates":[12.8665942,0.5670829]}},{"type":"Feature","properties":{"name":"Mitzik","name_ar":"ميتزيك","name_ascii":"Mitzik","featurecla":"Populated place","adm0":"Gabon","adm0_a3":"GAB","scalerank":7,"pop_max":4111},"geometry":{"type":"Point","coordinates":[11.5666219,0.7837105]}},{"type":"Feature","properties":{"name":"Bitam","name_ar":"بايتام","name_ascii":"Bitam","featurecla":"Populated place","adm0":"Gabon","adm0_a3":"GAB","scalerank":7,"pop_max":17637},"geometry":{"type":"Point","coordinates":[11.4833711,2.083657]}},{"type":"Feature","properties":{"name":"Lambaréné","name_ar":"لامباريني","name_ascii":"Lambarene","featurecla":"Admin-1 capital","adm0":"Gabon","adm0_a3":"GAB","scalerank":7,"pop_max":25310},"geometry":{"type":"Point","coordinates":[10.2166267,-0.6996098]}},{"type":"Feature","properties":{"name":"Bifoum","name_ar":"بيفاون","name_ascii":"Bifoum","featurecla":"Populated place","adm0":"Gabon","adm0_a3":"GAB","scalerank":7,"pop_max":134},"geometry":{"type":"Point","coordinates":[10.3832316,-0.3329138]}},{"type":"Feature","properties":{"name":"Ndende","name_ar":"نديندي","name_ascii":"Ndende","featurecla":"Populated place","adm0":"Gabon","adm0_a3":"GAB","scalerank":7,"pop_max":6200},"geometry":{"type":"Point","coordinates":[11.3832739,-2.3829179]}},{"type":"Feature","properties":{"name":"Mouila","name_ar":"مويلا","name_ascii":"Mouila","featurecla":"Admin-1 capital","adm0":"Gabon","adm0_a3":"GAB","scalerank":7,"pop_max":28000},"geometry":{"type":"Point","coordinates":[11.016681300000002,-1.8661535]}},{"type":"Feature","properties":{"name":"Omboué","name_ar":"أومبواه","name_ascii":"Omboue","featurecla":"Populated place","adm0":"Gabon","adm0_a3":"GAB","scalerank":7,"pop_max":1667},"geometry":{"type":"Point","coordinates":[9.2499674,-1.5662235]}},{"type":"Feature","properties":{"name":"Moanda","name_ar":"مواندا","name_ascii":"Moanda","featurecla":"Populated place","adm0":"Gabon","adm0_a3":"GAB","scalerank":7,"pop_max":30151},"geometry":{"type":"Point","coordinates":[13.2000105,-1.5655001]}},{"type":"Feature","properties":{"name":"Okandja","name_ar":"أوكاندجا","name_ascii":"Okandja","featurecla":"Populated place","adm0":"Gabon","adm0_a3":"GAB","scalerank":7,"pop_max":7155},"geometry":{"type":"Point","coordinates":[13.679547493075411,-0.6567753691648363]}},{"type":"Feature","properties":{"name":"Koulamoutou","name_ar":"كولاموتو","name_ascii":"Koulamoutou","featurecla":"Admin-1 capital","adm0":"Gabon","adm0_a3":"GAB","scalerank":7,"pop_max":16222},"geometry":{"type":"Point","coordinates":[12.4833101,-1.1329166]}},{"type":"Feature","properties":{"name":"Impfondo","name_ar":"إيمبغوندوا","name_ascii":"Impfondo","featurecla":"Admin-1 capital","adm0":"Congo (Brazzaville)","adm0_a3":"COG","scalerank":7,"pop_max":20859},"geometry":{"type":"Point","coordinates":[18.0400252,1.6403766]}},{"type":"Feature","properties":{"name":"Sembe","name_ar":"سيمبي","name_ascii":"Sembe","featurecla":"Populated place","adm0":"Congo (Brazzaville)","adm0_a3":"COG","scalerank":7,"pop_max":9679},"geometry":{"type":"Point","coordinates":[14.5800297,1.6403766]}},{"type":"Feature","properties":{"name":"Moloundou","name_ar":"مولوندو","name_ascii":"Moloundou","featurecla":"Populated place","adm0":"Congo (Brazzaville)","adm0_a3":"COG","scalerank":7,"pop_max":12244},"geometry":{"type":"Point","coordinates":[15.2166833,2.0337376]}},{"type":"Feature","properties":{"name":"Debre Birhan","name_ar":"ديبري بيرهان","name_ascii":"Debre Birhan","featurecla":"Populated place","adm0":"Ethiopia","adm0_a3":"ETH","scalerank":7,"pop_max":65231},"geometry":{"type":"Point","coordinates":[39.5300313,9.6803768]}},{"type":"Feature","properties":{"name":"Bati","name_ar":"باتي","name_ascii":"Bati","featurecla":"Populated place","adm0":"Ethiopia","adm0_a3":"ETH","scalerank":7,"pop_max":19260},"geometry":{"type":"Point","coordinates":[40.0165649,11.1837476]}},{"type":"Feature","properties":{"name":"Adigrat","name_ar":"آديغرات","name_ascii":"Adigrat","featurecla":"Populated place","adm0":"Ethiopia","adm0_a3":"ETH","scalerank":7,"pop_max":104021},"geometry":{"type":"Point","coordinates":[39.4699833,14.2804319]}},{"type":"Feature","properties":{"name":"Aksum","name_ar":"أكسوم","name_ascii":"Aksum","featurecla":"Populated place","adm0":"Ethiopia","adm0_a3":"ETH","scalerank":7,"pop_max":47487},"geometry":{"type":"Point","coordinates":[38.7200032,14.130415300000001]}},{"type":"Feature","properties":{"name":"Yirga Alem","name_ar":"إرغالم","name_ascii":"Yirga Alem","featurecla":"Populated place","adm0":"Ethiopia","adm0_a3":"ETH","scalerank":7,"pop_max":36292},"geometry":{"type":"Point","coordinates":[38.4099963,6.7504265]}},{"type":"Feature","properties":{"name":"Hosaina","name_ar":"حسينة","name_ascii":"Hosaina","featurecla":"Populated place","adm0":"Ethiopia","adm0_a3":"ETH","scalerank":7,"pop_max":89300},"geometry":{"type":"Point","coordinates":[37.8500305,7.5503776]}},{"type":"Feature","properties":{"name":"Dila","name_ar":"ديلا","name_ascii":"Dila","featurecla":"Populated place","adm0":"Ethiopia","adm0_a3":"ETH","scalerank":7,"pop_max":47021},"geometry":{"type":"Point","coordinates":[38.3100024,6.410421400000001]}},{"type":"Feature","properties":{"name":"Giyon","name_ar":"جيون","name_ascii":"Giyon","featurecla":"Populated place","adm0":"Ethiopia","adm0_a3":"ETH","scalerank":7,"pop_max":114534},"geometry":{"type":"Point","coordinates":[37.9700232,8.5304212]}},{"type":"Feature","properties":{"name":"Hagere Hiywet","name_ar":"آمبو","name_ascii":"Hagere Hiywet","featurecla":"Populated place","adm0":"Ethiopia","adm0_a3":"ETH","scalerank":7,"pop_max":43920},"geometry":{"type":"Point","coordinates":[37.8500305,8.9803937]}},{"type":"Feature","properties":{"name":"Nekemte","name_ar":"نقمتي","name_ascii":"Nekemte","featurecla":"Admin-1 capital","adm0":"Ethiopia","adm0_a3":"ETH","scalerank":7,"pop_max":73018},"geometry":{"type":"Point","coordinates":[36.5300077,9.0904645]}},{"type":"Feature","properties":{"name":"Asela","name_ar":"أسيلا","name_ascii":"Asela","featurecla":"Admin-1 capital","adm0":"Ethiopia","adm0_a3":"ETH","scalerank":7,"pop_max":82240},"geometry":{"type":"Point","coordinates":[39.1399259,7.9504049000000006]}},{"type":"Feature","properties":{"name":"Shashemene","name_ar":"شاشامان","name_ascii":"Shashemene","featurecla":"Populated place","adm0":"Ethiopia","adm0_a3":"ETH","scalerank":7,"pop_max":114350},"geometry":{"type":"Point","coordinates":[38.590037,7.200399000000001]}},{"type":"Feature","properties":{"name":"Dembi Dolo","name_ar":"دمبيدولو","name_ascii":"Dembi Dolo","featurecla":"Populated place","adm0":"Ethiopia","adm0_a3":"ETH","scalerank":7,"pop_max":27780},"geometry":{"type":"Point","coordinates":[34.7999841,8.5337285]}},{"type":"Feature","properties":{"name":"Gimbi","name_ar":"جيمبي","name_ascii":"Gimbi","featurecla":"Populated place","adm0":"Ethiopia","adm0_a3":"ETH","scalerank":7,"pop_max":31809},"geometry":{"type":"Point","coordinates":[35.83330600000001,9.1670231]}},{"type":"Feature","properties":{"name":"Asosa","name_ar":"آسوسا","name_ascii":"Asosa","featurecla":"Populated place","adm0":"Ethiopia","adm0_a3":"ETH","scalerank":7,"pop_max":30512},"geometry":{"type":"Point","coordinates":[34.5333337,10.066994]}},{"type":"Feature","properties":{"name":"Jijiga","name_ar":"جيجيجا","name_ascii":"Jijiga","featurecla":"Admin-1 capital","adm0":"Ethiopia","adm0_a3":"ETH","scalerank":7,"pop_max":56821},"geometry":{"type":"Point","coordinates":[42.7899873,9.3504228]}},{"type":"Feature","properties":{"name":"Owando","name_ar":"أواندو","name_ascii":"Owando","featurecla":"Admin-1 capital","adm0":"Congo (Brazzaville)","adm0_a3":"COG","scalerank":7,"pop_max":34070},"geometry":{"type":"Point","coordinates":[15.9199996,-0.4796232000000001]}},{"type":"Feature","properties":{"name":"Makoua","name_ar":"ماكوا","name_ascii":"Makoua","featurecla":"Populated place","adm0":"Congo (Brazzaville)","adm0_a3":"COG","scalerank":7,"pop_max":11355},"geometry":{"type":"Point","coordinates":[15.6400166,-0.0095744]}},{"type":"Feature","properties":{"name":"Sibiti","name_ar":"سينتي","name_ascii":"Sibiti","featurecla":"Admin-1 capital","adm0":"Congo (Brazzaville)","adm0_a3":"COG","scalerank":7,"pop_max":22811},"geometry":{"type":"Point","coordinates":[13.3500272,-3.6896081]}},{"type":"Feature","properties":{"name":"Mossendjo","name_ar":"موسيندجو","name_ascii":"Mossendjo","featurecla":"Populated place","adm0":"Congo (Brazzaville)","adm0_a3":"COG","scalerank":7,"pop_max":30936},"geometry":{"type":"Point","coordinates":[12.7199882,-2.9396281]}},{"type":"Feature","properties":{"name":"Loubomo","name_ar":"دوليسي","name_ascii":"Loubomo","featurecla":"Admin-1 capital","adm0":"Congo (Brazzaville)","adm0_a3":"COG","scalerank":7,"pop_max":103894},"geometry":{"type":"Point","coordinates":[12.670017,-4.1796041]}},{"type":"Feature","properties":{"name":"Gamboma","name_ar":"جامبوما","name_ascii":"Gamboma","featurecla":"Populated place","adm0":"Congo (Brazzaville)","adm0_a3":"COG","scalerank":7,"pop_max":20877},"geometry":{"type":"Point","coordinates":[15.8500297,-1.8794861000000003]}},{"type":"Feature","properties":{"name":"Djambala","name_ar":"جامبالا","name_ascii":"Djambala","featurecla":"Admin-1 capital","adm0":"Congo (Brazzaville)","adm0_a3":"COG","scalerank":7,"pop_max":9651},"geometry":{"type":"Point","coordinates":[14.749993400000001,-2.5396008]}},{"type":"Feature","properties":{"name":"Ferkessédougou","name_ar":"فيركيسيدوغو","name_ascii":"Ferkessedougou","featurecla":"Populated place","adm0":"Ivory Coast","adm0_a3":"CIV","scalerank":7,"pop_max":62008},"geometry":{"type":"Point","coordinates":[-5.2000291,9.6004075]}},{"type":"Feature","properties":{"name":"Kérouané","name_ar":"كيروان","name_ascii":"Kerouane","featurecla":"Admin-1 capital","adm0":"Guinea","adm0_a3":"GIN","scalerank":7,"pop_max":15406},"geometry":{"type":"Point","coordinates":[-9.019976800000002,9.270376]}},{"type":"Feature","properties":{"name":"Siguiri","name_ar":"سيجويري","name_ascii":"Siguiri","featurecla":"Admin-1 capital","adm0":"Guinea","adm0_a3":"GIN","scalerank":7,"pop_max":50159},"geometry":{"type":"Point","coordinates":[-9.1666346,11.4170925]}},{"type":"Feature","properties":{"name":"Mamou","name_ar":"مامو","name_ascii":"Mamou","featurecla":"Admin-1 capital","adm0":"Guinea","adm0_a3":"GIN","scalerank":7,"pop_max":71153},"geometry":{"type":"Point","coordinates":[-12.1000214,10.3803858]}},{"type":"Feature","properties":{"name":"Kamsar","name_ar":"كامسار","name_ascii":"Kamsar","featurecla":"Populated place","adm0":"Guinea","adm0_a3":"GIN","scalerank":7,"pop_max":34973},"geometry":{"type":"Point","coordinates":[-14.6050106,10.6854059]}},{"type":"Feature","properties":{"name":"Fria","name_ar":"فريا","name_ascii":"Fria","featurecla":"Admin-1 capital","adm0":"Guinea","adm0_a3":"GIN","scalerank":7,"pop_max":23729},"geometry":{"type":"Point","coordinates":[-13.5499846,10.3803858]}},{"type":"Feature","properties":{"name":"Odienné","name_ar":"أودييني","name_ascii":"Odienne","featurecla":"Admin-1 capital","adm0":"Ivory Coast","adm0_a3":"CIV","scalerank":7,"pop_max":49857},"geometry":{"type":"Point","coordinates":[-7.5800131,9.510413]}},{"type":"Feature","properties":{"name":"Macenta","name_ar":"ماسنتا","name_ascii":"Macenta","featurecla":"Admin-1 capital","adm0":"Guinea","adm0_a3":"GIN","scalerank":7,"pop_max":43102},"geometry":{"type":"Point","coordinates":[-9.4800004,8.5503683]}},{"type":"Feature","properties":{"name":"Yomou","name_ar":"يومو","name_ascii":"Yomou","featurecla":"Admin-1 capital","adm0":"Guinea","adm0_a3":"GIN","scalerank":7,"pop_max":3614},"geometry":{"type":"Point","coordinates":[-9.2699874,7.5704281]}},{"type":"Feature","properties":{"name":"Faranah","name_ar":"فارانا","name_ascii":"Faranah","featurecla":"Admin-1 capital","adm0":"Guinea","adm0_a3":"GIN","scalerank":7,"pop_max":19469},"geometry":{"type":"Point","coordinates":[-10.7500004,10.0404065]}},{"type":"Feature","properties":{"name":"Kissidougou","name_ar":"كيسيدوغو","name_ascii":"Kissidougou","featurecla":"Admin-1 capital","adm0":"Guinea","adm0_a3":"GIN","scalerank":7,"pop_max":66815},"geometry":{"type":"Point","coordinates":[-10.1200131,9.1904584]}},{"type":"Feature","properties":{"name":"Man","name_ar":"مان","name_ascii":"Man","featurecla":"Admin-1 capital","adm0":"Ivory Coast","adm0_a3":"CIV","scalerank":7,"pop_max":146974},"geometry":{"type":"Point","coordinates":[-7.5499891,7.4004126]}},{"type":"Feature","properties":{"name":"Séguéla","name_ar":"سيغويلا","name_ascii":"Seguela","featurecla":"Admin-1 capital","adm0":"Ivory Coast","adm0_a3":"CIV","scalerank":7,"pop_max":51157},"geometry":{"type":"Point","coordinates":[-6.6700169,7.9504049000000006]}},{"type":"Feature","properties":{"name":"Gagnoa","name_ar":"غانيوا","name_ascii":"Gagnoa","featurecla":"Admin-1 capital","adm0":"Ivory Coast","adm0_a3":"CIV","scalerank":7,"pop_max":123184},"geometry":{"type":"Point","coordinates":[-5.8799876,6.1504114]}},{"type":"Feature","properties":{"name":"Soubré","name_ar":"سوبري","name_ascii":"Soubre","featurecla":"Admin-1 capital","adm0":"Ivory Coast","adm0_a3":"CIV","scalerank":7,"pop_max":108933},"geometry":{"type":"Point","coordinates":[-6.6100206,5.7904075]}},{"type":"Feature","properties":{"name":"San-Pedro","name_ar":"سان بيدرو","name_ascii":"San-Pedro","featurecla":"Admin-1 capital","adm0":"Ivory Coast","adm0_a3":"CIV","scalerank":7,"pop_max":210273},"geometry":{"type":"Point","coordinates":[-6.6399671,4.7704181]}},{"type":"Feature","properties":{"name":"Sassandra","name_ar":"ساساندرا","name_ascii":"Sassandra","featurecla":"Populated place","adm0":"Ivory Coast","adm0_a3":"CIV","scalerank":7,"pop_max":38411},"geometry":{"type":"Point","coordinates":[-6.0832827,4.9503813]}},{"type":"Feature","properties":{"name":"Bondoukou","name_ar":"بوندوكو","name_ascii":"Bondoukou","featurecla":"Admin-1 capital","adm0":"Ivory Coast","adm0_a3":"CIV","scalerank":7,"pop_max":58297},"geometry":{"type":"Point","coordinates":[-2.8000206,8.0304258]}},{"type":"Feature","properties":{"name":"Agboville","name_ar":"أغبوفيل","name_ascii":"Agboville","featurecla":"Admin-1 capital","adm0":"Ivory Coast","adm0_a3":"CIV","scalerank":7,"pop_max":81770},"geometry":{"type":"Point","coordinates":[-4.2800336,5.9403467]}},{"type":"Feature","properties":{"name":"Dimbokro","name_ar":"ديمبوكرو","name_ascii":"Dimbokro","featurecla":"Admin-1 capital","adm0":"Ivory Coast","adm0_a3":"CIV","scalerank":7,"pop_max":67349},"geometry":{"type":"Point","coordinates":[-4.7100074,6.6504584]}},{"type":"Feature","properties":{"name":"Grand Bassam","name_ar":"جراند بسام","name_ascii":"Grand Bassam","featurecla":"Populated place","adm0":"Ivory Coast","adm0_a3":"CIV","scalerank":7,"pop_max":73772},"geometry":{"type":"Point","coordinates":[-3.7499884000000003,5.2003919]}},{"type":"Feature","properties":{"name":"Dabou","name_ar":"دابو","name_ascii":"Dabou","featurecla":"Populated place","adm0":"Ivory Coast","adm0_a3":"CIV","scalerank":7,"pop_max":72913},"geometry":{"type":"Point","coordinates":[-4.3899494,5.3203587]}},{"type":"Feature","properties":{"name":"Guiglo","name_ar":"غيغلو","name_ascii":"Guiglo","featurecla":"Admin-1 capital","adm0":"Ivory Coast","adm0_a3":"CIV","scalerank":7,"pop_max":39134},"geometry":{"type":"Point","coordinates":[-7.489966900000001,6.5504645]}},{"type":"Feature","properties":{"name":"Abengourou","name_ar":"أبنغورو","name_ascii":"Abengourou","featurecla":"Admin-1 capital","adm0":"Ivory Coast","adm0_a3":"CIV","scalerank":7,"pop_max":104020},"geometry":{"type":"Point","coordinates":[-3.4900043,6.730376]}},{"type":"Feature","properties":{"name":"Bafang","name_ar":"بافانغ","name_ascii":"Bafang","featurecla":"Populated place","adm0":"Cameroon","adm0_a3":"CMR","scalerank":7,"pop_max":93145},"geometry":{"type":"Point","coordinates":[10.1799882,5.1703937]}},{"type":"Feature","properties":{"name":"Foumban","name_ar":"فاومبان","name_ascii":"Foumban","featurecla":"Populated place","adm0":"Cameroon","adm0_a3":"CMR","scalerank":7,"pop_max":92673},"geometry":{"type":"Point","coordinates":[10.8999959,5.7303854]}},{"type":"Feature","properties":{"name":"Bafoussam","name_ar":"بافوسام","name_ascii":"Bafoussam","featurecla":"Admin-1 capital","adm0":"Cameroon","adm0_a3":"CMR","scalerank":7,"pop_max":290768},"geometry":{"type":"Point","coordinates":[10.4099483,5.4904258]}},{"type":"Feature","properties":{"name":"Kumba","name_ar":"كومبا","name_ascii":"Kumba","featurecla":"Populated place","adm0":"Cameroon","adm0_a3":"CMR","scalerank":7,"pop_max":144413},"geometry":{"type":"Point","coordinates":[9.4399816,4.6403744]}},{"type":"Feature","properties":{"name":"Eyumojok","name_ar":"أيموجوك","name_ascii":"Eyumojok","featurecla":"Populated place","adm0":"Cameroon","adm0_a3":"CMR","scalerank":7,"pop_max":5798},"geometry":{"type":"Point","coordinates":[8.983317,5.7503583]}},{"type":"Feature","properties":{"name":"Limbe","name_ar":"ليمبي","name_ascii":"Limbe","featurecla":"Populated place","adm0":"Cameroon","adm0_a3":"CMR","scalerank":7,"pop_max":212474},"geometry":{"type":"Point","coordinates":[9.1900227,4.0303858]}},{"type":"Feature","properties":{"name":"Nola","name_ar":"نولا","name_ascii":"Nola","featurecla":"Admin-1 capital","adm0":"Central African Republic","adm0_a3":"CAF","scalerank":7,"pop_max":26809},"geometry":{"type":"Point","coordinates":[16.0666056,3.5336977000000003]}},{"type":"Feature","properties":{"name":"Kribi","name_ar":"كريبي","name_ascii":"Kribi","featurecla":"Populated place","adm0":"Cameroon","adm0_a3":"CMR","scalerank":7,"pop_max":55224},"geometry":{"type":"Point","coordinates":[9.9100305,2.9404265000000005]}},{"type":"Feature","properties":{"name":"Sibut","name_ar":"سيبوت","name_ascii":"Sibut","featurecla":"Admin-1 capital","adm0":"Central African Republic","adm0_a3":"CAF","scalerank":7,"pop_max":34267},"geometry":{"type":"Point","coordinates":[19.0833207,5.7337702]}},{"type":"Feature","properties":{"name":"Bossangoa","name_ar":"بوسانجو","name_ascii":"Bossangoa","featurecla":"Admin-1 capital","adm0":"Central African Republic","adm0_a3":"CAF","scalerank":7,"pop_max":63064},"geometry":{"type":"Point","coordinates":[17.4499837,6.4837244]}},{"type":"Feature","properties":{"name":"Birao","name_ar":"بيراو","name_ascii":"Birao","featurecla":"Admin-1 capital","adm0":"Central African Republic","adm0_a3":"CAF","scalerank":7,"pop_max":10178},"geometry":{"type":"Point","coordinates":[22.7833016,10.2836992]}},{"type":"Feature","properties":{"name":"Ouadda","name_ar":"اوادا","name_ascii":"Ouadda","featurecla":"Populated place","adm0":"Central African Republic","adm0_a3":"CAF","scalerank":7,"pop_max":5434},"geometry":{"type":"Point","coordinates":[22.4000175,8.0670903]}},{"type":"Feature","properties":{"name":"Bangassou","name_ar":"بانغاسو","name_ascii":"Bangassou","featurecla":"Admin-1 capital","adm0":"Central African Republic","adm0_a3":"CAF","scalerank":7,"pop_max":32841},"geometry":{"type":"Point","coordinates":[22.8166329,4.7337537]}},{"type":"Feature","properties":{"name":"Ghanzi","name_ar":"غانزي","name_ascii":"Ghanzi","featurecla":"Admin-1 capital","adm0":"Botswana","adm0_a3":"BWA","scalerank":7,"pop_max":6306},"geometry":{"type":"Point","coordinates":[21.6399605,-21.6996199]}},{"type":"Feature","properties":{"name":"Bossembélé","name_ar":"بوسيمبيلي","name_ascii":"Bossembele","featurecla":"Populated place","adm0":"Central African Republic","adm0_a3":"CAF","scalerank":7,"pop_max":7287},"geometry":{"type":"Point","coordinates":[17.6500232,5.2670028]}},{"type":"Feature","properties":{"name":"Nkongsamba","name_ar":"نكونغسامبا","name_ascii":"Nkongsamba","featurecla":"Populated place","adm0":"Cameroon","adm0_a3":"CMR","scalerank":7,"pop_max":117063},"geometry":{"type":"Point","coordinates":[9.9400028,4.9604065]}},{"type":"Feature","properties":{"name":"Edéa","name_ar":"إديا","name_ascii":"Edea","featurecla":"Populated place","adm0":"Cameroon","adm0_a3":"CMR","scalerank":7,"pop_max":203149},"geometry":{"type":"Point","coordinates":[10.1199918,3.8004773]}},{"type":"Feature","properties":{"name":"Wum","name_ar":"ووم","name_ascii":"Wum","featurecla":"Populated place","adm0":"Cameroon","adm0_a3":"CMR","scalerank":7,"pop_max":68836},"geometry":{"type":"Point","coordinates":[10.0700207,6.400422]}},{"type":"Feature","properties":{"name":"Kumbo","name_ar":"كومبو","name_ascii":"Kumbo","featurecla":"Populated place","adm0":"Cameroon","adm0_a3":"CMR","scalerank":7,"pop_max":125486},"geometry":{"type":"Point","coordinates":[10.680009300000002,6.2203813]}},{"type":"Feature","properties":{"name":"Bafia","name_ar":"بافيا","name_ascii":"Bafia","featurecla":"Populated place","adm0":"Cameroon","adm0_a3":"CMR","scalerank":7,"pop_max":69270},"geometry":{"type":"Point","coordinates":[11.2300016,4.7503935]}},{"type":"Feature","properties":{"name":"Mbalmayo","name_ar":"مبالمايو","name_ascii":"Mbalmayo","featurecla":"Populated place","adm0":"Cameroon","adm0_a3":"CMR","scalerank":7,"pop_max":80206},"geometry":{"type":"Point","coordinates":[11.5000109,3.5203911]}},{"type":"Feature","properties":{"name":"Eséka","name_ar":"إيسيكا","name_ascii":"Eseka","featurecla":"Populated place","adm0":"Cameroon","adm0_a3":"CMR","scalerank":7,"pop_max":22221},"geometry":{"type":"Point","coordinates":[10.766619,3.6504090000000002]}},{"type":"Feature","properties":{"name":"Bertoua","name_ar":"بيرتوا","name_ascii":"Bertoua","featurecla":"Admin-1 capital","adm0":"Cameroon","adm0_a3":"CMR","scalerank":7,"pop_max":218111},"geometry":{"type":"Point","coordinates":[13.6799812,4.5804297]}},{"type":"Feature","properties":{"name":"Abong Mbang","name_ar":"أبونغ-مبانغ","name_ascii":"Abong Mbang","featurecla":"Populated place","adm0":"Cameroon","adm0_a3":"CMR","scalerank":7,"pop_max":14661},"geometry":{"type":"Point","coordinates":[13.183319,3.9836961]}},{"type":"Feature","properties":{"name":"Batouri","name_ar":"ريف باتوري","name_ascii":"Batouri","featurecla":"Populated place","adm0":"Cameroon","adm0_a3":"CMR","scalerank":7,"pop_max":43821},"geometry":{"type":"Point","coordinates":[14.366606000000003,4.4336945]}},{"type":"Feature","properties":{"name":"Bélabo","name_ar":"بيلابو","name_ascii":"Belabo","featurecla":"Populated place","adm0":"Cameroon","adm0_a3":"CMR","scalerank":7,"pop_max":22553},"geometry":{"type":"Point","coordinates":[13.3000044,4.9336898]}},{"type":"Feature","properties":{"name":"Meiganga","name_ar":"ميغانغا","name_ascii":"Meiganga","featurecla":"Populated place","adm0":"Cameroon","adm0_a3":"CMR","scalerank":7,"pop_max":80100},"geometry":{"type":"Point","coordinates":[14.2899698,6.5204922000000005]}},{"type":"Feature","properties":{"name":"Ngaoundéré","name_ar":"نغاونديري","name_ascii":"Ngaoundere","featurecla":"Admin-1 capital","adm0":"Cameroon","adm0_a3":"CMR","scalerank":7,"pop_max":231357},"geometry":{"type":"Point","coordinates":[13.5799873,7.3203658]}},{"type":"Feature","properties":{"name":"Tibati","name_ar":"تباتي","name_ascii":"Tibati","featurecla":"Populated place","adm0":"Cameroon","adm0_a3":"CMR","scalerank":7,"pop_max":35589},"geometry":{"type":"Point","coordinates":[12.6333268,6.4669812]}},{"type":"Feature","properties":{"name":"Kontcha","name_ar":"كونتشا","name_ascii":"Kontcha","featurecla":"Populated place","adm0":"Cameroon","adm0_a3":"CMR","scalerank":7,"pop_max":8018},"geometry":{"type":"Point","coordinates":[12.2332995,7.967018899999999]}},{"type":"Feature","properties":{"name":"Guider","name_ar":"جويدر","name_ascii":"Guider","featurecla":"Populated place","adm0":"Cameroon","adm0_a3":"CMR","scalerank":7,"pop_max":84647},"geometry":{"type":"Point","coordinates":[13.940017,9.9303874]}},{"type":"Feature","properties":{"name":"Mbe","name_ar":"إمبيو","name_ascii":"Mbe","featurecla":"Populated place","adm0":"Cameroon","adm0_a3":"CMR","scalerank":7,"pop_max":3950},"geometry":{"type":"Point","coordinates":[13.6000378,7.850436800000001]}},{"type":"Feature","properties":{"name":"Lucapa","name_ar":"لوكابا","name_ascii":"Lucapa","featurecla":"Admin-1 capital","adm0":"Angola","adm0_a3":"AGO","scalerank":7,"pop_max":31041},"geometry":{"type":"Point","coordinates":[20.7400154,-8.4196037]}},{"type":"Feature","properties":{"name":"Capenda-Camulemba","name_ar":"كابندا كاموليمبا","name_ascii":"Capenda-Camulemba","featurecla":"Populated place","adm0":"Angola","adm0_a3":"AGO","scalerank":7,"pop_max":80000},"geometry":{"type":"Point","coordinates":[18.4300272,-9.4195943]}},{"type":"Feature","properties":{"name":"Saurimo","name_ar":"ساوريمو","name_ascii":"Saurimo","featurecla":"Admin-1 capital","adm0":"Angola","adm0_a3":"AGO","scalerank":7,"pop_max":41316},"geometry":{"type":"Point","coordinates":[20.390010900000004,-9.6595797]}},{"type":"Feature","properties":{"name":"Muconda","name_ar":"موكوندا","name_ascii":"Muconda","featurecla":"Populated place","adm0":"Angola","adm0_a3":"AGO","scalerank":7,"pop_max":2324},"geometry":{"type":"Point","coordinates":[21.31998,-10.5996256]}},{"type":"Feature","properties":{"name":"Cacolo","name_ar":"كاكولو","name_ascii":"Cacolo","featurecla":"Populated place","adm0":"Angola","adm0_a3":"AGO","scalerank":7,"pop_max":984},"geometry":{"type":"Point","coordinates":[19.2600024,-10.1496273]}},{"type":"Feature","properties":{"name":"Caxito","name_ar":"كاكسيتو","name_ascii":"Caxito","featurecla":"Admin-1 capital","adm0":"Angola","adm0_a3":"AGO","scalerank":7,"pop_max":28224},"geometry":{"type":"Point","coordinates":[13.6599825,-8.579542200000002]}},{"type":"Feature","properties":{"name":"Camabatela","name_ar":"كاماباتيلا","name_ascii":"Camabatela","featurecla":"Populated place","adm0":"Angola","adm0_a3":"AGO","scalerank":7,"pop_max":12837},"geometry":{"type":"Point","coordinates":[15.370007300000001,-8.1895919]}},{"type":"Feature","properties":{"name":"Ndalatando","name_ar":"ندالاتاندو","name_ascii":"Ndalatando","featurecla":"Admin-1 capital","adm0":"Angola","adm0_a3":"AGO","scalerank":7,"pop_max":8144},"geometry":{"type":"Point","coordinates":[14.909983699999998,-9.2995499]}},{"type":"Feature","properties":{"name":"Quibala","name_ar":"كويبالا","name_ascii":"Quibala","featurecla":"Populated place","adm0":"Angola","adm0_a3":"AGO","scalerank":7,"pop_max":8915},"geometry":{"type":"Point","coordinates":[14.979953600000002,-10.7295919]}},{"type":"Feature","properties":{"name":"Calulo","name_ar":"كالولو","name_ascii":"Calulo","featurecla":"Populated place","adm0":"Angola","adm0_a3":"AGO","scalerank":7,"pop_max":795},"geometry":{"type":"Point","coordinates":[14.900010100000001,-9.9996106]}},{"type":"Feature","properties":{"name":"Waku Kungo","name_ar":"واكو-كونغو","name_ascii":"Waku Kungo","featurecla":"Populated place","adm0":"Angola","adm0_a3":"AGO","scalerank":7,"pop_max":12069},"geometry":{"type":"Point","coordinates":[15.119996699999998,-11.359527600000002]}},{"type":"Feature","properties":{"name":"Songo","name_ar":"سونجو","name_ascii":"Songo","featurecla":"Populated place","adm0":"Angola","adm0_a3":"AGO","scalerank":7,"pop_max":10579},"geometry":{"type":"Point","coordinates":[14.8499873,-7.3495915]}},{"type":"Feature","properties":{"name":"Mbanza-Congo","name_ar":"مبانزا كونغو","name_ascii":"Mbanza-Congo","featurecla":"Admin-1 capital","adm0":"Angola","adm0_a3":"AGO","scalerank":7,"pop_max":60182},"geometry":{"type":"Point","coordinates":[14.2399987,-6.2696057]}},{"type":"Feature","properties":{"name":"Nzeto","name_ar":"نزيتو","name_ascii":"Nzeto","featurecla":"Populated place","adm0":"Angola","adm0_a3":"AGO","scalerank":7,"pop_max":21059},"geometry":{"type":"Point","coordinates":[12.8600313,-7.2295988]}},{"type":"Feature","properties":{"name":"Soyo","name_ar":"سويو","name_ascii":"Soyo","featurecla":"Populated place","adm0":"Angola","adm0_a3":"AGO","scalerank":7,"pop_max":67491},"geometry":{"type":"Point","coordinates":[12.3699837,-6.1296142]}},{"type":"Feature","properties":{"name":"Cabinda","name_ar":"كابيندا","name_ascii":"Cabinda","featurecla":"Admin-1 capital","adm0":"Angola","adm0_a3":"AGO","scalerank":7,"pop_max":91791},"geometry":{"type":"Point","coordinates":[12.1899947,-5.5596232]}},{"type":"Feature","properties":{"name":"Calucinga","name_ar":"كالوسينجا","name_ascii":"Calucinga","featurecla":"Populated place","adm0":"Angola","adm0_a3":"AGO","scalerank":7,"pop_max":531},"geometry":{"type":"Point","coordinates":[16.1999825,-11.3195817]}},{"type":"Feature","properties":{"name":"Camacupa","name_ar":"كاماكوبا","name_ascii":"Camacupa","featurecla":"Populated place","adm0":"Angola","adm0_a3":"AGO","scalerank":7,"pop_max":19828},"geometry":{"type":"Point","coordinates":[17.4699825,-12.0195906]}},{"type":"Feature","properties":{"name":"Cubal","name_ar":"كوبال","name_ascii":"Cubal","featurecla":"Populated place","adm0":"Angola","adm0_a3":"AGO","scalerank":7,"pop_max":4837},"geometry":{"type":"Point","coordinates":[14.2399987,-13.0395801]}},{"type":"Feature","properties":{"name":"Mavinga","name_ar":"مافينجا","name_ascii":"Mavinga","featurecla":"Populated place","adm0":"Angola","adm0_a3":"AGO","scalerank":7,"pop_max":30000},"geometry":{"type":"Point","coordinates":[20.3600386,-15.7895414]}},{"type":"Feature","properties":{"name":"Cuito Caunavale","name_ar":"كيتو كوانافال","name_ascii":"Cuito Caunavale","featurecla":"Populated place","adm0":"Angola","adm0_a3":"AGO","scalerank":7,"pop_max":149},"geometry":{"type":"Point","coordinates":[19.1699821,-15.159605699999998]}},{"type":"Feature","properties":{"name":"Luiana","name_ar":"لويانا","name_ascii":"Luiana","featurecla":"Populated place","adm0":"Angola","adm0_a3":"AGO","scalerank":7,"pop_max":150},"geometry":{"type":"Point","coordinates":[22.9999808,-17.3695483]}},{"type":"Feature","properties":{"name":"Ondjiva","name_ar":"اوندجيفا","name_ascii":"Ondjiva","featurecla":"Admin-1 capital","adm0":"Angola","adm0_a3":"AGO","scalerank":7,"pop_max":10169},"geometry":{"type":"Point","coordinates":[15.730037000000001,-17.0696183]}},{"type":"Feature","properties":{"name":"Chitado","name_ar":"شيتادو","name_ascii":"Chitado","featurecla":"Populated place","adm0":"Angola","adm0_a3":"AGO","scalerank":7,"pop_max":500},"geometry":{"type":"Point","coordinates":[13.9200183,-17.3196289]}},{"type":"Feature","properties":{"name":"Chibemba","name_ar":"تشيبيمبا","name_ascii":"Chibemba","featurecla":"Populated place","adm0":"Angola","adm0_a3":"AGO","scalerank":7,"pop_max":1502},"geometry":{"type":"Point","coordinates":[14.0800085,-15.7495955]}},{"type":"Feature","properties":{"name":"Chibia","name_ar":"شيبيا","name_ascii":"Chibia","featurecla":"Populated place","adm0":"Angola","adm0_a3":"AGO","scalerank":7,"pop_max":1411},"geometry":{"type":"Point","coordinates":[13.6900065,-15.1896297]}},{"type":"Feature","properties":{"name":"Quipungo","name_ar":"كويبونجو","name_ascii":"Quipungo","featurecla":"Populated place","adm0":"Angola","adm0_a3":"AGO","scalerank":7,"pop_max":186},"geometry":{"type":"Point","coordinates":[14.5500057,-14.8295483]}},{"type":"Feature","properties":{"name":"Luau","name_ar":"لواو","name_ascii":"Luau","featurecla":"Populated place","adm0":"Angola","adm0_a3":"AGO","scalerank":7,"pop_max":18465},"geometry":{"type":"Point","coordinates":[22.230002,-10.7095414]}},{"type":"Feature","properties":{"name":"Cangamba","name_ar":"كانغامبا","name_ascii":"Cangamba","featurecla":"Populated place","adm0":"Angola","adm0_a3":"AGO","scalerank":7,"pop_max":1307},"geometry":{"type":"Point","coordinates":[19.8600175,-13.6995915]}},{"type":"Feature","properties":{"name":"Lumbala Nguimbo","name_ar":"لومبالا نغويمبو","name_ascii":"Lumbala Nguimbo","featurecla":"Populated place","adm0":"Angola","adm0_a3":"AGO","scalerank":7,"pop_max":25},"geometry":{"type":"Point","coordinates":[21.4400244,-14.0996187]}},{"type":"Feature","properties":{"name":"Cazombo","name_ar":"كازومبو","name_ascii":"Cazombo","featurecla":"Populated place","adm0":"Angola","adm0_a3":"AGO","scalerank":7,"pop_max":298},"geometry":{"type":"Point","coordinates":[22.9000386,-11.8895727]}},{"type":"Feature","properties":{"name":"Timimoun","name_ar":"تيميمون","name_ascii":"Timimoun","featurecla":"Populated place","adm0":"Algeria","adm0_a3":"DZA","scalerank":7,"pop_max":49237},"geometry":{"type":"Point","coordinates":[0.2699987,29.236521599999996]}},{"type":"Feature","properties":{"name":"Sidi bel Abbes","name_ar":"سيدي بلعباس","name_ascii":"Sidi bel Abbes","featurecla":"Admin-1 capital","adm0":"Algeria","adm0_a3":"DZA","scalerank":7,"pop_max":208604},"geometry":{"type":"Point","coordinates":[-0.6399716,35.1903443]}},{"type":"Feature","properties":{"name":"Tlimcen","name_ar":"تلمسان","name_ascii":"Tlimcen","featurecla":"Admin-1 capital","adm0":"Algeria","adm0_a3":"DZA","scalerank":7,"pop_max":229777},"geometry":{"type":"Point","coordinates":[-1.3200076,34.8904142]}},{"type":"Feature","properties":{"name":"Béni Ounif","name_ar":"بني ونيف","name_ascii":"Beni Ounif","featurecla":"Populated place","adm0":"Algeria","adm0_a3":"DZA","scalerank":7,"pop_max":5628},"geometry":{"type":"Point","coordinates":[-1.2513813000000003,32.0492698]}},{"type":"Feature","properties":{"name":"Abadla","name_ar":"العبادلة","name_ascii":"Abadla","featurecla":"Populated place","adm0":"Algeria","adm0_a3":"DZA","scalerank":7,"pop_max":14364},"geometry":{"type":"Point","coordinates":[-2.7333063,31.017084800000003]}},{"type":"Feature","properties":{"name":"Sefra","name_ar":"عين الصفراء","name_ascii":"Sefra","featurecla":"Populated place","adm0":"Algeria","adm0_a3":"DZA","scalerank":7,"pop_max":63420},"geometry":{"type":"Point","coordinates":[-0.5799494,32.7604151]}},{"type":"Feature","properties":{"name":"Skikda","name_ar":"سكيكدة","name_ascii":"Skikda","featurecla":"Admin-1 capital","adm0":"Algeria","adm0_a3":"DZA","scalerank":7,"pop_max":225181},"geometry":{"type":"Point","coordinates":[6.8999816,36.880422]}},{"type":"Feature","properties":{"name":"Kandi","name_ar":"كاندى","name_ascii":"Kandi","featurecla":"Admin-1 capital","adm0":"Benin","adm0_a3":"BEN","scalerank":7,"pop_max":109701},"geometry":{"type":"Point","coordinates":[2.9400166,11.1303658]}},{"type":"Feature","properties":{"name":"Ouidah","name_ar":"أويدا","name_ascii":"Ouidah","featurecla":"Admin-1 capital","adm0":"Benin","adm0_a3":"BEN","scalerank":7,"pop_max":83503},"geometry":{"type":"Point","coordinates":[2.089991,6.3603727]}},{"type":"Feature","properties":{"name":"Abomey","name_ar":"أبوميه","name_ascii":"Abomey","featurecla":"Admin-1 capital","adm0":"Benin","adm0_a3":"BEN","scalerank":7,"pop_max":82154},"geometry":{"type":"Point","coordinates":[1.9899971,7.190399599999999]}},{"type":"Feature","properties":{"name":"Natitingou","name_ar":"ناتيتنغو","name_ascii":"Natitingou","featurecla":"Admin-1 capital","adm0":"Benin","adm0_a3":"BEN","scalerank":7,"pop_max":80892},"geometry":{"type":"Point","coordinates":[1.3899821,10.3204153]}},{"type":"Feature","properties":{"name":"Djougou","name_ar":"دجوغو","name_ascii":"Djougou","featurecla":"Admin-1 capital","adm0":"Benin","adm0_a3":"BEN","scalerank":7,"pop_max":202810},"geometry":{"type":"Point","coordinates":[1.6800419,9.700427300000001]}},{"type":"Feature","properties":{"name":"Djanet","name_ar":"جانت","name_ascii":"Djanet","featurecla":"Populated place","adm0":"Algeria","adm0_a3":"DZA","scalerank":7,"pop_max":666},"geometry":{"type":"Point","coordinates":[9.482253,24.5529057]}},{"type":"Feature","properties":{"name":"I-n-Amenas","name_ar":"إن أميناس","name_ascii":"I-n-Amenas","featurecla":"Populated place","adm0":"Algeria","adm0_a3":"DZA","scalerank":7,"pop_max":216},"geometry":{"type":"Point","coordinates":[9.5500008,28.0503408]}},{"type":"Feature","properties":{"name":"In Amguel","name_ar":"عين أمقل","name_ascii":"In Amguel","featurecla":"Populated place","adm0":"Algeria","adm0_a3":"DZA","scalerank":7,"pop_max":3030},"geometry":{"type":"Point","coordinates":[5.1647387,23.69394]}},{"type":"Feature","properties":{"name":"El Bayadh","name_ar":"البيّض","name_ascii":"El Bayadh","featurecla":"Populated place","adm0":"Algeria","adm0_a3":"DZA","scalerank":7,"pop_max":67413},"geometry":{"type":"Point","coordinates":[1.0099536,33.6903583]}},{"type":"Feature","properties":{"name":"El Oued","name_ar":"الوادي","name_ascii":"El Oued","featurecla":"Populated place","adm0":"Algeria","adm0_a3":"DZA","scalerank":7,"pop_max":177497},"geometry":{"type":"Point","coordinates":[6.8599841,33.3704037]}},{"type":"Feature","properties":{"name":"Hassi Messaoud","name_ar":"حاسي مسعود","name_ascii":"Hassi Messaoud","featurecla":"Populated place","adm0":"Algeria","adm0_a3":"DZA","scalerank":7,"pop_max":18124},"geometry":{"type":"Point","coordinates":[6.0544519,31.7023401]}},{"type":"Feature","properties":{"name":"Chlef","name_ar":"الشلف","name_ascii":"Chlef","featurecla":"Populated place","adm0":"Algeria","adm0_a3":"DZA","scalerank":7,"pop_max":449167},"geometry":{"type":"Point","coordinates":[1.3199605,36.1704136]}},{"type":"Feature","properties":{"name":"Mascara","name_ar":"معسكر","name_ascii":"Mascara","featurecla":"Admin-1 capital","adm0":"Algeria","adm0_a3":"DZA","scalerank":7,"pop_max":108230},"geometry":{"type":"Point","coordinates":[0.1400325,35.400409]}},{"type":"Feature","properties":{"name":"Mostaganem","name_ar":"مستغانم","name_ascii":"Mostaganem","featurecla":"Admin-1 capital","adm0":"Algeria","adm0_a3":"DZA","scalerank":7,"pop_max":188354},"geometry":{"type":"Point","coordinates":[0.0899839,35.940376]}},{"type":"Feature","properties":{"name":"Saïda","name_ar":"سعيدة","name_ascii":"Saida","featurecla":"Admin-1 capital","adm0":"Algeria","adm0_a3":"DZA","scalerank":7,"pop_max":142213},"geometry":{"type":"Point","coordinates":[0.1400325,34.8403915]}},{"type":"Feature","properties":{"name":"Tiarat","name_ar":"تيارت","name_ascii":"Tiarat","featurecla":"Admin-1 capital","adm0":"Algeria","adm0_a3":"DZA","scalerank":7,"pop_max":184195},"geometry":{"type":"Point","coordinates":[1.3199605,35.38043600000001]}},{"type":"Feature","properties":{"name":"Béjaïa","name_ar":"بجاية","name_ascii":"Bejaia","featurecla":"Admin-1 capital","adm0":"Algeria","adm0_a3":"DZA","scalerank":7,"pop_max":384937},"geometry":{"type":"Point","coordinates":[5.0700158,36.7603776]}},{"type":"Feature","properties":{"name":"Blida","name_ar":"البليدة","name_ascii":"Blida","featurecla":"Admin-1 capital","adm0":"Algeria","adm0_a3":"DZA","scalerank":7,"pop_max":511348},"geometry":{"type":"Point","coordinates":[2.8299975,36.4203467]}},{"type":"Feature","properties":{"name":"Bouïra","name_ar":"البويرة","name_ascii":"Bouira","featurecla":"Admin-1 capital","adm0":"Algeria","adm0_a3":"DZA","scalerank":7,"pop_max":110144},"geometry":{"type":"Point","coordinates":[3.9000096999999996,36.3804783]}},{"type":"Feature","properties":{"name":"Médéa","name_ar":"المدية","name_ascii":"Medea","featurecla":"Admin-1 capital","adm0":"Algeria","adm0_a3":"DZA","scalerank":7,"pop_max":147707},"geometry":{"type":"Point","coordinates":[2.7700012,36.2704075]}},{"type":"Feature","properties":{"name":"Souk Ahras","name_ar":"سوق أهراس","name_ascii":"Souk Ahras","featurecla":"Populated place","adm0":"Algeria","adm0_a3":"DZA","scalerank":7,"pop_max":134947},"geometry":{"type":"Point","coordinates":[7.949995100000001,36.2903805]}},{"type":"Feature","properties":{"name":"Tébessa","name_ar":"تبسة","name_ascii":"Tebessa","featurecla":"Admin-1 capital","adm0":"Algeria","adm0_a3":"DZA","scalerank":7,"pop_max":171742},"geometry":{"type":"Point","coordinates":[8.1200105,35.4104342]}},{"type":"Feature","properties":{"name":"Lokhwabe","name_ar":"لوكهوابي","name_ascii":"Lokhwabe","featurecla":"Populated place","adm0":"Botswana","adm0_a3":"BWA","scalerank":7,"pop_max":1473},"geometry":{"type":"Point","coordinates":[21.8300264,-24.1695984]}},{"type":"Feature","properties":{"name":"Lehututu","name_ar":"ليهوتو","name_ascii":"Lehututu","featurecla":"Populated place","adm0":"Botswana","adm0_a3":"BWA","scalerank":7,"pop_max":1942},"geometry":{"type":"Point","coordinates":[21.870024,-23.9696106]}},{"type":"Feature","properties":{"name":"Tshabong","name_ar":"تسابونغ","name_ascii":"Tshabong","featurecla":"Admin-1 capital","adm0":"Botswana","adm0_a3":"BWA","scalerank":7,"pop_max":9679},"geometry":{"type":"Point","coordinates":[22.4000175,-26.009486100000004]}},{"type":"Feature","properties":{"name":"Tsau","name_ar":"تساو","name_ascii":"Tsau","featurecla":"Populated place","adm0":"Botswana","adm0_a3":"BWA","scalerank":7,"pop_max":1409},"geometry":{"type":"Point","coordinates":[22.4599621,-20.1596106]}},{"type":"Feature","properties":{"name":"Nokaneng","name_ar":"نوكينغ","name_ascii":"Nokaneng","featurecla":"Populated place","adm0":"Botswana","adm0_a3":"BWA","scalerank":7,"pop_max":1763},"geometry":{"type":"Point","coordinates":[22.2699996,-19.6696146]}},{"type":"Feature","properties":{"name":"Mohembo","name_ar":"موهمبو","name_ascii":"Mohembo","featurecla":"Populated place","adm0":"Botswana","adm0_a3":"BWA","scalerank":7,"pop_max":757},"geometry":{"type":"Point","coordinates":[21.8000024,-18.2995691]}},{"type":"Feature","properties":{"name":"Maun","name_ar":"ماون","name_ascii":"Maun","featurecla":"Admin-1 capital","adm0":"Botswana","adm0_a3":"BWA","scalerank":7,"pop_max":49945},"geometry":{"type":"Point","coordinates":[23.4200069,-19.9895951]}},{"type":"Feature","properties":{"name":"Kasane","name_ar":"كاسان","name_ascii":"Kasane","featurecla":"Admin-1 capital","adm0":"Botswana","adm0_a3":"BWA","scalerank":7,"pop_max":9250},"geometry":{"type":"Point","coordinates":[25.1500305,-17.8095731]}},{"type":"Feature","properties":{"name":"Nata","name_ar":"ناتا","name_ascii":"Nata","featurecla":"Populated place","adm0":"Botswana","adm0_a3":"BWA","scalerank":7,"pop_max":4794},"geometry":{"type":"Point","coordinates":[26.190018700000003,-20.209478300000004]}},{"type":"Feature","properties":{"name":"Mopipi","name_ar":"موبيبي","name_ascii":"Mopipi","featurecla":"Populated place","adm0":"Botswana","adm0_a3":"BWA","scalerank":7,"pop_max":3301},"geometry":{"type":"Point","coordinates":[24.8800211,-21.1795483]}},{"type":"Feature","properties":{"name":"Palapye","name_ar":"بالابيه","name_ascii":"Palapye","featurecla":"Populated place","adm0":"Botswana","adm0_a3":"BWA","scalerank":7,"pop_max":30650},"geometry":{"type":"Point","coordinates":[27.130013,-22.5596191]}},{"type":"Feature","properties":{"name":"Bururi","name_ar":"بوروري","name_ascii":"Bururi","featurecla":"Admin-1 capital","adm0":"Burundi","adm0_a3":"BDI","scalerank":7,"pop_max":20393},"geometry":{"type":"Point","coordinates":[29.6165795,-3.9507291]}},{"type":"Feature","properties":{"name":"Muyinga","name_ar":"موينغا","name_ascii":"Muyinga","featurecla":"Admin-1 capital","adm0":"Burundi","adm0_a3":"BDI","scalerank":7,"pop_max":71076},"geometry":{"type":"Point","coordinates":[30.3172603,-2.8523466]}},{"type":"Feature","properties":{"name":"Lobatse","name_ar":"لوباتس","name_ascii":"Lobatse","featurecla":"Admin-1 capital","adm0":"Botswana","adm0_a3":"BWA","scalerank":7,"pop_max":69804},"geometry":{"type":"Point","coordinates":[25.680024,-25.2196118]}},{"type":"Feature","properties":{"name":"Kanye","name_ar":"كانييه","name_ascii":"Kanye","featurecla":"Admin-1 capital","adm0":"Botswana","adm0_a3":"BWA","scalerank":7,"pop_max":46831},"geometry":{"type":"Point","coordinates":[25.339993,-24.9696012]}},{"type":"Feature","properties":{"name":"Koudougou","name_ar":"كودوغو","name_ascii":"Koudougou","featurecla":"Admin-1 capital","adm0":"Burkina Faso","adm0_a3":"BFA","scalerank":7,"pop_max":87347},"geometry":{"type":"Point","coordinates":[-2.3699952,12.2504783]}},{"type":"Feature","properties":{"name":"Ouahigouya","name_ar":"واهيغويا","name_ascii":"Ouahigouya","featurecla":"Admin-1 capital","adm0":"Burkina Faso","adm0_a3":"BFA","scalerank":7,"pop_max":79504},"geometry":{"type":"Point","coordinates":[-2.4199921,13.5704236]}},{"type":"Feature","properties":{"name":"Kaya","name_ar":"كايا","name_ascii":"Kaya","featurecla":"Admin-1 capital","adm0":"Burkina Faso","adm0_a3":"BFA","scalerank":7,"pop_max":40017},"geometry":{"type":"Point","coordinates":[-1.0900474,13.0903754]}},{"type":"Feature","properties":{"name":"Tenkodogo","name_ar":"تينكودوجو","name_ascii":"Tenkodogo","featurecla":"Admin-1 capital","adm0":"Burkina Faso","adm0_a3":"BFA","scalerank":7,"pop_max":38108},"geometry":{"type":"Point","coordinates":[-0.3697038,11.7804037]}},{"type":"Feature","properties":{"name":"Banfora","name_ar":"بانفورا","name_ascii":"Banfora","featurecla":"Admin-1 capital","adm0":"Burkina Faso","adm0_a3":"BFA","scalerank":7,"pop_max":60288},"geometry":{"type":"Point","coordinates":[-4.7600043,10.630448]}},{"type":"Feature","properties":{"name":"Gitega","name_ar":"غيتغا","name_ascii":"Gitega","featurecla":"Admin-1 capital","adm0":"Burundi","adm0_a3":"BDI","scalerank":7,"pop_max":23167},"geometry":{"type":"Point","coordinates":[29.8435941,-3.4260067]}},{"type":"Feature","properties":{"name":"Curepipe","name_ar":"كوريبيب","name_ascii":"Curepipe","featurecla":"Populated place","adm0":"Mauritius","adm0_a3":"MUS","scalerank":7,"pop_max":299975},"geometry":{"type":"Point","coordinates":[57.5166337,-20.3161902]}},{"type":"Feature","properties":{"name":"Mindelo","name_ar":"منديلو","name_ascii":"Mindelo","featurecla":"Populated place","adm0":"Cape Verde","adm0_a3":"CPV","scalerank":7,"pop_max":70611},"geometry":{"type":"Point","coordinates":[-25.000009200000004,16.8837614]}},{"type":"Feature","properties":{"name":"Lobamba","name_ar":"لوبامبا","name_ascii":"Lobamba","featurecla":"Admin-0 capital alt","adm0":"eSwatini","adm0_a3":"SWZ","scalerank":6,"pop_max":9782},"geometry":{"type":"Point","coordinates":[31.199997100000004,-26.4666675]}},{"type":"Feature","properties":{"name":"Kasese","name_ar":"كاسيس","name_ascii":"Kasese","featurecla":"Admin-1 capital","adm0":"Uganda","adm0_a3":"UGA","scalerank":6,"pop_max":67269},"geometry":{"type":"Point","coordinates":[30.081379140562134,0.17107791012890125]}},{"type":"Feature","properties":{"name":"Benoni","name_ar":"بينوني","name_ascii":"Benoni","featurecla":"Populated place","adm0":"South Africa","adm0_a3":"ZAF","scalerank":6,"pop_max":2986000},"geometry":{"type":"Point","coordinates":[28.3279939,-26.147635]}},{"type":"Feature","properties":{"name":"Vereeniging","name_ar":"فيرينخن","name_ascii":"Vereeniging","featurecla":"Populated place","adm0":"South Africa","adm0_a3":"ZAF","scalerank":6,"pop_max":1074000},"geometry":{"type":"Point","coordinates":[27.9580423,-26.6476562]}},{"type":"Feature","properties":{"name":"Giza","name_ar":"مدينة الجيزة","name_ascii":"El Giza","featurecla":"Populated place","adm0":"Egypt","adm0_a3":"EGY","scalerank":6,"pop_max":2681863},"geometry":{"type":"Point","coordinates":[31.190023600000004,30.0099886]}},{"type":"Feature","properties":{"name":"Sfax","name_ar":"صفاقس","name_ascii":"Sfax","featurecla":"Populated place","adm0":"Tunisia","adm0_a3":"TUN","scalerank":6,"pop_max":453050},"geometry":{"type":"Point","coordinates":[10.7200069,34.7500352]}},{"type":"Feature","properties":{"name":"Mansa","name_ar":"مانسا","name_ascii":"Mansa","featurecla":"Admin-1 capital","adm0":"Zambia","adm0_a3":"ZMB","scalerank":6,"pop_max":42277},"geometry":{"type":"Point","coordinates":[28.8900089,-11.2000024]}},{"type":"Feature","properties":{"name":"Mpika","name_ar":"مبيكا","name_ascii":"Mpika","featurecla":"Populated place","adm0":"Zambia","adm0_a3":"ZMB","scalerank":6,"pop_max":28445},"geometry":{"type":"Point","coordinates":[31.459981199999998,-11.8300415]}},{"type":"Feature","properties":{"name":"Mbala","name_ar":"مبالا","name_ascii":"Mbala","featurecla":"Populated place","adm0":"Zambia","adm0_a3":"ZMB","scalerank":6,"pop_max":20570},"geometry":{"type":"Point","coordinates":[31.3700126,-8.8400431]}},{"type":"Feature","properties":{"name":"Luanshya","name_ar":"لوانشيا","name_ascii":"Luanshya","featurecla":"Populated place","adm0":"Zambia","adm0_a3":"ZMB","scalerank":6,"pop_max":151993},"geometry":{"type":"Point","coordinates":[28.400013,-13.1333211]}},{"type":"Feature","properties":{"name":"Ndola","name_ar":"ندولا","name_ascii":"Ndola","featurecla":"Admin-1 capital","adm0":"Zambia","adm0_a3":"ZMB","scalerank":6,"pop_max":396339},"geometry":{"type":"Point","coordinates":[28.6500236,-12.9999442]}},{"type":"Feature","properties":{"name":"Zambezi","name_ar":"نهر زامبيزي","name_ascii":"Zambezi","featurecla":"Populated place","adm0":"Zambia","adm0_a3":"ZMB","scalerank":6,"pop_max":7074},"geometry":{"type":"Point","coordinates":[23.109948300000003,-13.540014600000001]}},{"type":"Feature","properties":{"name":"Kafue","name_ar":"كافو","name_ascii":"Kafue","featurecla":"Populated place","adm0":"Zambia","adm0_a3":"ZMB","scalerank":6,"pop_max":47554},"geometry":{"type":"Point","coordinates":[28.1800264,-15.7800329]}},{"type":"Feature","properties":{"name":"Mazabuka","name_ar":"مازابوكا","name_ascii":"Mazabuka","featurecla":"Populated place","adm0":"Zambia","adm0_a3":"ZMB","scalerank":6,"pop_max":64006},"geometry":{"type":"Point","coordinates":[27.7600004,-15.8600281]}},{"type":"Feature","properties":{"name":"Hwange","name_ar":"هوانج","name_ascii":"Hwange","featurecla":"Populated place","adm0":"Zimbabwe","adm0_a3":"ZWE","scalerank":6,"pop_max":33989},"geometry":{"type":"Point","coordinates":[26.5000256,-18.370004]}},{"type":"Feature","properties":{"name":"Gweru","name_ar":"غويرو","name_ascii":"Gweru","featurecla":"Admin-1 capital","adm0":"Zimbabwe","adm0_a3":"ZWE","scalerank":6,"pop_max":183358},"geometry":{"type":"Point","coordinates":[29.8200297,-19.4500415]}},{"type":"Feature","properties":{"name":"Mutare","name_ar":"موتاري","name_ascii":"Mutare","featurecla":"Admin-1 capital","adm0":"Zimbabwe","adm0_a3":"ZWE","scalerank":6,"pop_max":249365},"geometry":{"type":"Point","coordinates":[32.6500378,-18.9700191]}},{"type":"Feature","properties":{"name":"Kadoma","name_ar":"كادوما","name_ascii":"Kadoma","featurecla":"Populated place","adm0":"Zimbabwe","adm0_a3":"ZWE","scalerank":6,"pop_max":79174},"geometry":{"type":"Point","coordinates":[29.9099467,-18.3300065]}},{"type":"Feature","properties":{"name":"Dosso","name_ar":"دوسو","name_ascii":"Dosso","featurecla":"Admin-1 capital","adm0":"Niger","adm0_a3":"NER","scalerank":6,"pop_max":49750},"geometry":{"type":"Point","coordinates":[3.2000008000000006,13.050016100000002]}},{"type":"Feature","properties":{"name":"Aweil","name_ar":"أويل","name_ascii":"Aweil","featurecla":"Admin-1 capital","adm0":"South Sudan","adm0_a3":"SSD","scalerank":6,"pop_max":46705},"geometry":{"type":"Point","coordinates":[27.4000223,8.7665566]}},{"type":"Feature","properties":{"name":"Tokar","name_ar":"طوكر","name_ascii":"Tokar","featurecla":"Populated place","adm0":"Sudan","adm0_a3":"SDN","scalerank":6,"pop_max":73202},"geometry":{"type":"Point","coordinates":[37.7332934,18.4333309]}},{"type":"Feature","properties":{"name":"Bo","name_ar":"بو","name_ascii":"Bo","featurecla":"Admin-1 capital","adm0":"Sierra Leone","adm0_a3":"SLE","scalerank":6,"pop_max":174354},"geometry":{"type":"Point","coordinates":[-11.7400175,7.9700161]}},{"type":"Feature","properties":{"name":"Ziguinchor","name_ar":"زيغنشور","name_ascii":"Ziguinchor","featurecla":"Admin-1 capital","adm0":"Senegal","adm0_a3":"SEN","scalerank":6,"pop_max":191716},"geometry":{"type":"Point","coordinates":[-16.2899982,12.5899925]}},{"type":"Feature","properties":{"name":"Arlit","name_ar":"أرليت","name_ascii":"Arlit","featurecla":"Populated place","adm0":"Niger","adm0_a3":"NER","scalerank":6,"pop_max":100000},"geometry":{"type":"Point","coordinates":[7.389004881037264,18.73633857499418]}},{"type":"Feature","properties":{"name":"Djado","name_ar":"دجاي","name_ascii":"Djado","featurecla":"Populated place","adm0":"Niger","adm0_a3":"NER","scalerank":6,"pop_max":10},"geometry":{"type":"Point","coordinates":[12.3075069,21.0149821]}},{"type":"Feature","properties":{"name":"Rumbek","name_ar":"رمبيك","name_ascii":"Rumbek","featurecla":"Admin-1 capital","adm0":"South Sudan","adm0_a3":"SSD","scalerank":6,"pop_max":32083},"geometry":{"type":"Point","coordinates":[29.6832938,6.80001]}},{"type":"Feature","properties":{"name":"Yambio","name_ar":"يامبيو","name_ascii":"Yambio","featurecla":"Admin-1 capital","adm0":"South Sudan","adm0_a3":"SSD","scalerank":6,"pop_max":40382},"geometry":{"type":"Point","coordinates":[28.4163427,4.570533700000001]}},{"type":"Feature","properties":{"name":"Bor","name_ar":"بور","name_ascii":"Bor","featurecla":"Admin-1 capital","adm0":"South Sudan","adm0_a3":"SSD","scalerank":6,"pop_max":26782},"geometry":{"type":"Point","coordinates":[31.5591483,6.2072038]}},{"type":"Feature","properties":{"name":"Medani","name_ar":"ود مدني","name_ascii":"Medani","featurecla":"Admin-1 capital","adm0":"Sudan","adm0_a3":"SDN","scalerank":6,"pop_max":332714},"geometry":{"type":"Point","coordinates":[33.5200105,14.3999595]}},{"type":"Feature","properties":{"name":"Gedaref","name_ar":"القضارف","name_ascii":"Gedaref","featurecla":"Admin-1 capital","adm0":"Sudan","adm0_a3":"SDN","scalerank":6,"pop_max":201282},"geometry":{"type":"Point","coordinates":[35.3800004,14.0399815]}},{"type":"Feature","properties":{"name":"Ad-Damir","name_ar":"الدامر","name_ascii":"EdDamer","featurecla":"Admin-1 capital","adm0":"Sudan","adm0_a3":"SDN","scalerank":6,"pop_max":103941},"geometry":{"type":"Point","coordinates":[33.9599837,17.5899715]}},{"type":"Feature","properties":{"name":"Atbarah","name_ar":"عطبرة","name_ascii":"Atbara","featurecla":"Populated place","adm0":"Sudan","adm0_a3":"SDN","scalerank":6,"pop_max":168612},"geometry":{"type":"Point","coordinates":[33.9799825,17.7099901]}},{"type":"Feature","properties":{"name":"Wadi Halfa","name_ar":"وادي حلفا","name_ascii":"Wadi Halfa","featurecla":"Populated place","adm0":"Sudan","adm0_a3":"SDN","scalerank":6,"pop_max":17121},"geometry":{"type":"Point","coordinates":[31.349962099999996,21.8000246]}},{"type":"Feature","properties":{"name":"Merowe","name_ar":"مروي","name_ascii":"Merowe","featurecla":"Populated place","adm0":"Sudan","adm0_a3":"SDN","scalerank":6,"pop_max":10234},"geometry":{"type":"Point","coordinates":[31.816652000000005,18.483302]}},{"type":"Feature","properties":{"name":"Kosti","name_ar":"كوستي","name_ascii":"Kosti","featurecla":"Admin-1 capital","adm0":"Sudan","adm0_a3":"SDN","scalerank":6,"pop_max":345068},"geometry":{"type":"Point","coordinates":[32.6600114,13.1699829]}},{"type":"Feature","properties":{"name":"Sennar","name_ar":"سنار","name_ascii":"Sennar","featurecla":"Populated place","adm0":"Sudan","adm0_a3":"SDN","scalerank":6,"pop_max":130122},"geometry":{"type":"Point","coordinates":[33.6000057,13.5499597]}},{"type":"Feature","properties":{"name":"El Fasher","name_ar":"الفاشر","name_ascii":"El Fasher","featurecla":"Admin-1 region capital","adm0":"Sudan","adm0_a3":"SDN","scalerank":6,"pop_max":252609},"geometry":{"type":"Point","coordinates":[25.3500183,13.6299807]}},{"type":"Feature","properties":{"name":"Kadugli","name_ar":"كادوقلي","name_ascii":"Kadugli","featurecla":"Admin-1 capital","adm0":"Sudan","adm0_a3":"SDN","scalerank":6,"pop_max":176931},"geometry":{"type":"Point","coordinates":[29.700037,11.0099597]}},{"type":"Feature","properties":{"name":"Nimule","name_ar":"نمولي","name_ascii":"Nimule","featurecla":"Populated place","adm0":"South Sudan","adm0_a3":"SSD","scalerank":6,"pop_max":242},"geometry":{"type":"Point","coordinates":[32.0500227,3.5999986]}},{"type":"Feature","properties":{"name":"De Aar","name_ar":"دي آر","name_ascii":"De Aar","featurecla":"Populated place","adm0":"South Africa","adm0_a3":"ZAF","scalerank":6,"pop_max":32318},"geometry":{"type":"Point","coordinates":[24.0000232,-30.649978000000004]}},{"type":"Feature","properties":{"name":"Alexander Bay","name_ar":"أليكساندر باي","name_ascii":"Alexander Bay","featurecla":"Populated place","adm0":"South Africa","adm0_a3":"ZAF","scalerank":6,"pop_max":1500},"geometry":{"type":"Point","coordinates":[16.5033231,-28.6083455]}},{"type":"Feature","properties":{"name":"Kimberley","name_ar":"كيمبرلي","name_ascii":"Kimberley","featurecla":"Admin-1 capital","adm0":"South Africa","adm0_a3":"ZAF","scalerank":6,"pop_max":165264},"geometry":{"type":"Point","coordinates":[24.770002,-28.7468384]}},{"type":"Feature","properties":{"name":"Oudtshoorn","name_ar":"أوتشورن","name_ascii":"Oudtshoorn","featurecla":"Populated place","adm0":"South Africa","adm0_a3":"ZAF","scalerank":6,"pop_max":76708},"geometry":{"type":"Point","coordinates":[22.1900044,-33.5800317]}},{"type":"Feature","properties":{"name":"Vanhynsdorp","name_ar":"فانرهينسدروب","name_ascii":"Vanhynsdorp","featurecla":"Populated place","adm0":"South Africa","adm0_a3":"ZAF","scalerank":6,"pop_max":3331},"geometry":{"type":"Point","coordinates":[18.7333162,-31.616637400000002]}},{"type":"Feature","properties":{"name":"Saldanha","name_ar":"سالدانها","name_ascii":"Saldanha","featurecla":"Populated place","adm0":"South Africa","adm0_a3":"ZAF","scalerank":6,"pop_max":68284},"geometry":{"type":"Point","coordinates":[17.9300061,-33.0100407]}},{"type":"Feature","properties":{"name":"Mossel Bay","name_ar":"خليج موسيل","name_ascii":"Mossel Bay","featurecla":"Populated place","adm0":"South Africa","adm0_a3":"ZAF","scalerank":6,"pop_max":16743},"geometry":{"type":"Point","coordinates":[22.1300081,-34.1700215]}},{"type":"Feature","properties":{"name":"Chimoio","name_ar":"شيمويو","name_ascii":"Chimoio","featurecla":"Admin-1 capital","adm0":"Mozambique","adm0_a3":"MOZ","scalerank":6,"pop_max":256936},"geometry":{"type":"Point","coordinates":[33.4700394,-19.1200358]}},{"type":"Feature","properties":{"name":"Lichinga","name_ar":"ليشنجا","name_ascii":"Lichinga","featurecla":"Admin-1 capital","adm0":"Mozambique","adm0_a3":"MOZ","scalerank":6,"pop_max":109839},"geometry":{"type":"Point","coordinates":[35.2400089,-13.3000293]}},{"type":"Feature","properties":{"name":"Angoche","name_ar":"أنغوتشي","name_ascii":"Angoche","featurecla":"Populated place","adm0":"Mozambique","adm0_a3":"MOZ","scalerank":6,"pop_max":57835},"geometry":{"type":"Point","coordinates":[39.9100081,-16.2300313]}},{"type":"Feature","properties":{"name":"Mocambique","name_ar":"جزيرة موزامبيق","name_ascii":"Mocambique","featurecla":"Populated place","adm0":"Mozambique","adm0_a3":"MOZ","scalerank":6,"pop_max":54315},"geometry":{"type":"Point","coordinates":[40.6821837,-15.0398989]}},{"type":"Feature","properties":{"name":"Vryburg","name_ar":"فرايبورغ","name_ascii":"Vryburg","featurecla":"Populated place","adm0":"South Africa","adm0_a3":"ZAF","scalerank":6,"pop_max":49588},"geometry":{"type":"Point","coordinates":[24.7300044,-26.9600224]}},{"type":"Feature","properties":{"name":"Rustenburg","name_ar":"روستنبرغ","name_ascii":"Rustenburg","featurecla":"Populated place","adm0":"South Africa","adm0_a3":"ZAF","scalerank":6,"pop_max":165976},"geometry":{"type":"Point","coordinates":[27.2400321,-25.650024800000004]}},{"type":"Feature","properties":{"name":"Mmabatho","name_ar":"ماباثو","name_ascii":"Mmabatho","featurecla":"Admin-1 capital","adm0":"South Africa","adm0_a3":"ZAF","scalerank":6,"pop_max":104428},"geometry":{"type":"Point","coordinates":[25.6100024,-25.8300138]}},{"type":"Feature","properties":{"name":"Klerksdorp","name_ar":"كليركسدورب","name_ascii":"Klerksdorp","featurecla":"Populated place","adm0":"South Africa","adm0_a3":"ZAF","scalerank":6,"pop_max":178921},"geometry":{"type":"Point","coordinates":[26.6200183,-26.8800272]}},{"type":"Feature","properties":{"name":"Kroonstad","name_ar":"كرونستاد","name_ascii":"Kroonstad","featurecla":"Populated place","adm0":"South Africa","adm0_a3":"ZAF","scalerank":6,"pop_max":103992},"geometry":{"type":"Point","coordinates":[27.2100081,-27.660031300000004]}},{"type":"Feature","properties":{"name":"Polokwane","name_ar":"بولوكوان","name_ascii":"Polokwane","featurecla":"Admin-1 capital","adm0":"South Africa","adm0_a3":"ZAF","scalerank":6,"pop_max":220045},"geometry":{"type":"Point","coordinates":[29.4500264,-23.8900289]}},{"type":"Feature","properties":{"name":"Thohoyandou","name_ar":"ثوهوياندو","name_ascii":"Thohoyandou","featurecla":"Populated place","adm0":"South Africa","adm0_a3":"ZAF","scalerank":6,"pop_max":269707},"geometry":{"type":"Point","coordinates":[30.4800411,-22.9500346]}},{"type":"Feature","properties":{"name":"Musina","name_ar":"موسينا","name_ascii":"Musina","featurecla":"Populated place","adm0":"South Africa","adm0_a3":"ZAF","scalerank":6,"pop_max":20191},"geometry":{"type":"Point","coordinates":[30.029991,-22.3399943]}},{"type":"Feature","properties":{"name":"Vryheid","name_ar":"فرايهيد","name_ascii":"Vryheid","featurecla":"Populated place","adm0":"South Africa","adm0_a3":"ZAF","scalerank":6,"pop_max":150012},"geometry":{"type":"Point","coordinates":[30.789996299999995,-27.7600252]}},{"type":"Feature","properties":{"name":"Pietermaritzburg","name_ar":"بيترماريتزبرغ","name_ascii":"Pietermaritzburg","featurecla":"Admin-1 capital","adm0":"South Africa","adm0_a3":"ZAF","scalerank":6,"pop_max":750845},"geometry":{"type":"Point","coordinates":[30.3900207,-29.6100415]}},{"type":"Feature","properties":{"name":"Tangier","name_ar":"طنجة","name_ascii":"Tangier","featurecla":"Admin-1 capital","adm0":"Morocco","adm0_a3":"MAR","scalerank":6,"pop_max":750060},"geometry":{"type":"Point","coordinates":[-5.806197897901798,35.77592490288572]}},{"type":"Feature","properties":{"name":"Agadir","name_ar":"أكادير","name_ascii":"Agadir","featurecla":"Admin-1 capital","adm0":"Morocco","adm0_a3":"MAR","scalerank":6,"pop_max":825467},"geometry":{"type":"Point","coordinates":[-9.6200436,30.439988200000002]}},{"type":"Feature","properties":{"name":"Inhambane","name_ar":"إنهامبان","name_ascii":"Inhambane","featurecla":"Admin-1 capital","adm0":"Mozambique","adm0_a3":"MOZ","scalerank":6,"pop_max":115776},"geometry":{"type":"Point","coordinates":[35.3398175,-23.8580397]}},{"type":"Feature","properties":{"name":"Umtata","name_ar":"متاتا","name_ascii":"Umtata","featurecla":"Populated place","adm0":"South Africa","adm0_a3":"ZAF","scalerank":6,"pop_max":137772},"geometry":{"type":"Point","coordinates":[28.790015,-31.579998800000002]}},{"type":"Feature","properties":{"name":"Graaff Reinet","name_ar":"غراف رينيت","name_ascii":"Graaff Reinet","featurecla":"Populated place","adm0":"South Africa","adm0_a3":"ZAF","scalerank":6,"pop_max":62896},"geometry":{"type":"Point","coordinates":[24.5400419,-32.3000065]}},{"type":"Feature","properties":{"name":"Bhisho","name_ar":"بيشو","name_ascii":"Bhisho","featurecla":"Admin-1 capital","adm0":"South Africa","adm0_a3":"ZAF","scalerank":6,"pop_max":160997},"geometry":{"type":"Point","coordinates":[27.3899971,-32.8699975]}},{"type":"Feature","properties":{"name":"Baydhabo","name_ar":"بيدوا","name_ascii":"Baydhabo","featurecla":"Admin-1 capital","adm0":"Somalia","adm0_a3":"SOM","scalerank":6,"pop_max":129839},"geometry":{"type":"Point","coordinates":[43.6499865,3.1199762]}},{"type":"Feature","properties":{"name":"Marka","name_ar":"مركة","name_ascii":"Marka","featurecla":"Admin-1 capital","adm0":"Somalia","adm0_a3":"SOM","scalerank":6,"pop_max":1958},"geometry":{"type":"Point","coordinates":[44.76889616536284,1.7199492819008253]}},{"type":"Feature","properties":{"name":"Mereeg","name_ar":"مجرد","name_ascii":"Mereeg","featurecla":"Populated place","adm0":"Somalia","adm0_a3":"SOM","scalerank":6,"pop_max":548},"geometry":{"type":"Point","coordinates":[47.2999963,3.7665776]}},{"type":"Feature","properties":{"name":"Beledweyne","name_ar":"بلد وين","name_ascii":"Beledweyne","featurecla":"Admin-1 capital","adm0":"Somalia","adm0_a3":"SOM","scalerank":6,"pop_max":62945},"geometry":{"type":"Point","coordinates":[45.20002110000001,4.7399807]}},{"type":"Feature","properties":{"name":"Boosaaso","name_ar":"بوصاصو","name_ascii":"Boosaaso","featurecla":"Admin-1 capital","adm0":"Somalia","adm0_a3":"SOM","scalerank":6,"pop_max":46969},"geometry":{"type":"Point","coordinates":[49.1799849,11.2800208]}},{"type":"Feature","properties":{"name":"Bandarbeyla","name_ar":"بندر بيلا","name_ascii":"Bandarbeyla","featurecla":"Populated place","adm0":"Somalia","adm0_a3":"SOM","scalerank":6,"pop_max":13753},"geometry":{"type":"Point","coordinates":[50.8166809,9.4833087]}},{"type":"Feature","properties":{"name":"Gaalkacyo","name_ar":"جالكعيو","name_ascii":"Gaalkacyo","featurecla":"Admin-1 capital","adm0":"Somalia","adm0_a3":"SOM","scalerank":6,"pop_max":61200},"geometry":{"type":"Point","coordinates":[47.4300142,6.7699601]}},{"type":"Feature","properties":{"name":"Eyl","name_ar":"مقاطعة ايل","name_ascii":"Eyl","featurecla":"Populated place","adm0":"Somalia","adm0_a3":"SOM","scalerank":6,"pop_max":18904},"geometry":{"type":"Point","coordinates":[49.8332784,7.9833486]}},{"type":"Feature","properties":{"name":"Garoowe","name_ar":"غارو","name_ascii":"Garoowe","featurecla":"Admin-1 capital","adm0":"Somalia","adm0_a3":"SOM","scalerank":6,"pop_max":2568},"geometry":{"type":"Point","coordinates":[48.5000264,8.3999898]}},{"type":"Feature","properties":{"name":"Jamaame","name_ar":"جمامة","name_ascii":"Jamaame","featurecla":"Populated place","adm0":"Somalia","adm0_a3":"SOM","scalerank":6,"pop_max":185270},"geometry":{"type":"Point","coordinates":[42.7505582,0.0721778]}},{"type":"Feature","properties":{"name":"Kismaayo","name_ar":"كيسمايو","name_ascii":"Kismaayo","featurecla":"Admin-1 capital","adm0":"Somalia","adm0_a3":"SOM","scalerank":6,"pop_max":234852},"geometry":{"type":"Point","coordinates":[42.5183243,-0.3566333]}},{"type":"Feature","properties":{"name":"Saint-Louis","name_ar":"سانت لويس","name_ascii":"Saint-Louis","featurecla":"Admin-1 capital","adm0":"Mauritania","adm0_a3":"MRT","scalerank":6,"pop_max":220792},"geometry":{"type":"Point","coordinates":[-16.5100106,16.0199898]}},{"type":"Feature","properties":{"name":"Tidjikdja","name_ar":"تجكجة","name_ascii":"Tidjikdja","featurecla":"Admin-1 capital","adm0":"Mauritania","adm0_a3":"MRT","scalerank":6,"pop_max":19981},"geometry":{"type":"Point","coordinates":[-11.4166006,18.5500163]}},{"type":"Feature","properties":{"name":"Ilorin","name_ar":"إلورين","name_ascii":"Ilorin","featurecla":"Admin-1 capital","adm0":"Nigeria","adm0_a3":"NGA","scalerank":6,"pop_max":771000},"geometry":{"type":"Point","coordinates":[4.54805,8.4919561]}},{"type":"Feature","properties":{"name":"Minna","name_ar":"مينا","name_ascii":"Minna","featurecla":"Admin-1 capital","adm0":"Nigeria","adm0_a3":"NGA","scalerank":6,"pop_max":291905},"geometry":{"type":"Point","coordinates":[6.5500288,9.6199929]}},{"type":"Feature","properties":{"name":"Zaria","name_ar":"زاريا","name_ascii":"Zaria","featurecla":"Populated place","adm0":"Nigeria","adm0_a3":"NGA","scalerank":6,"pop_max":889000},"geometry":{"type":"Point","coordinates":[7.7080639,11.081927200000003]}},{"type":"Feature","properties":{"name":"Jos","name_ar":"جوس","name_ascii":"Jos","featurecla":"Admin-1 capital","adm0":"Nigeria","adm0_a3":"NGA","scalerank":6,"pop_max":816824},"geometry":{"type":"Point","coordinates":[8.8900411,9.929974]}},{"type":"Feature","properties":{"name":"Yola","name_ar":"يولا","name_ascii":"Yola","featurecla":"Admin-1 capital","adm0":"Nigeria","adm0_a3":"NGA","scalerank":6,"pop_max":96006},"geometry":{"type":"Point","coordinates":[12.4800028,9.2099921]}},{"type":"Feature","properties":{"name":"Keetmanshoop","name_ar":"كيتمانشوب","name_ascii":"Keetmanshoop","featurecla":"Admin-1 region capital","adm0":"Namibia","adm0_a3":"NAM","scalerank":6,"pop_max":18039},"geometry":{"type":"Point","coordinates":[18.1299939,-26.5738961]}},{"type":"Feature","properties":{"name":"Maltahöhe","name_ar":"مالتاهو","name_ascii":"Maltahohe","featurecla":"Admin-1 capital","adm0":"Namibia","adm0_a3":"NAM","scalerank":6,"pop_max":2329},"geometry":{"type":"Point","coordinates":[16.939989,-24.8399967]}},{"type":"Feature","properties":{"name":"Swakopmund","name_ar":"سواكوبموند","name_ascii":"Swakopmund","featurecla":"Admin-1 region capital","adm0":"Namibia","adm0_a3":"NAM","scalerank":6,"pop_max":29491},"geometry":{"type":"Point","coordinates":[14.5350195,-22.6688631]}},{"type":"Feature","properties":{"name":"Ongwediva","name_ar":"أونجويفا","name_ascii":"Ongwediva","featurecla":"Populated place","adm0":"Namibia","adm0_a3":"NAM","scalerank":6,"pop_max":25032},"geometry":{"type":"Point","coordinates":[15.770034499999998,-17.7800142]}},{"type":"Feature","properties":{"name":"Rundu","name_ar":"روندو","name_ascii":"Rundu","featurecla":"Populated place","adm0":"Namibia","adm0_a3":"NAM","scalerank":6,"pop_max":58172},"geometry":{"type":"Point","coordinates":[19.7499467,-17.9200057]}},{"type":"Feature","properties":{"name":"Tsumeb","name_ar":"تسوميب","name_ascii":"Tsumeb","featurecla":"Admin-1 capital","adm0":"Namibia","adm0_a3":"NAM","scalerank":6,"pop_max":14959},"geometry":{"type":"Point","coordinates":[17.7100195,-19.2400285]}},{"type":"Feature","properties":{"name":"Tabora","name_ar":"تابورا","name_ascii":"Tabora","featurecla":"Admin-1 capital","adm0":"Tanzania","adm0_a3":"TZA","scalerank":6,"pop_max":146495},"geometry":{"type":"Point","coordinates":[32.80000280000001,-5.0200179]}},{"type":"Feature","properties":{"name":"Lindi","name_ar":"ليندي","name_ascii":"Lindi","featurecla":"Admin-1 capital","adm0":"Tanzania","adm0_a3":"TZA","scalerank":6,"pop_max":41912},"geometry":{"type":"Point","coordinates":[39.6999951,-10.000024]}},{"type":"Feature","properties":{"name":"Songea","name_ar":"سونجيا","name_ascii":"Songea","featurecla":"Admin-1 capital","adm0":"Tanzania","adm0_a3":"TZA","scalerank":6,"pop_max":126449},"geometry":{"type":"Point","coordinates":[35.6500097,-10.6800342]}},{"type":"Feature","properties":{"name":"Tanga","name_ar":"تنجا","name_ascii":"Tanga","featurecla":"Admin-1 capital","adm0":"Tanzania","adm0_a3":"TZA","scalerank":6,"pop_max":224876},"geometry":{"type":"Point","coordinates":[39.0900065,-5.070040700000001]}},{"type":"Feature","properties":{"name":"Goulimine","name_ar":"كلميم","name_ascii":"Goulimine","featurecla":"Admin-1 capital","adm0":"Morocco","adm0_a3":"MAR","scalerank":6,"pop_max":115267},"geometry":{"type":"Point","coordinates":[-10.0700161,28.979973999999995]}},{"type":"Feature","properties":{"name":"Smara","name_ar":"السمارة","name_ascii":"Smara","featurecla":"Populated place","adm0":"Morocco","adm0_a3":"MAR","scalerank":6,"pop_max":48149},"geometry":{"type":"Point","coordinates":[-11.6833285,26.7332894]}},{"type":"Feature","properties":{"name":"Ad Dakhla","name_ar":"مدينة الداخلة","name_ascii":"Ad Dakhla","featurecla":"Admin-1 capital","adm0":"Morocco","adm0_a3":"MAR","scalerank":6,"pop_max":89292},"geometry":{"type":"Point","coordinates":[-15.936810899999998,23.7140559]}},{"type":"Feature","properties":{"name":"Babanusa","name_ar":"بابنوسة","name_ascii":"Babanusa","featurecla":"Populated place","adm0":"Sudan","adm0_a3":"SDN","scalerank":6,"pop_max":19700},"geometry":{"type":"Point","coordinates":[27.7999979,11.3333508]}},{"type":"Feature","properties":{"name":"Greenville","name_ar":"جرينفيل","name_ascii":"Greenville","featurecla":"Admin-1 capital","adm0":"Liberia","adm0_a3":"LBR","scalerank":6,"pop_max":10374},"geometry":{"type":"Point","coordinates":[-9.0388129,5.0111269]}},{"type":"Feature","properties":{"name":"Buchanan","name_ar":"بوكانان","name_ascii":"Buchanan","featurecla":"Admin-1 capital","adm0":"Liberia","adm0_a3":"LBR","scalerank":6,"pop_max":48315},"geometry":{"type":"Point","coordinates":[-10.052472,5.9160846]}},{"type":"Feature","properties":{"name":"Robertsport","name_ar":"روبرتسبورت","name_ascii":"Robertsport","featurecla":"Admin-1 capital","adm0":"Liberia","adm0_a3":"LBR","scalerank":6,"pop_max":11969},"geometry":{"type":"Point","coordinates":[-11.3685932,6.7533203]}},{"type":"Feature","properties":{"name":"Berbérati","name_ar":"بربراتي","name_ascii":"Berberati","featurecla":"Admin-1 capital","adm0":"Central African Republic","adm0_a3":"CAF","scalerank":6,"pop_max":61815},"geometry":{"type":"Point","coordinates":[15.780008099999998,4.2499589]}},{"type":"Feature","properties":{"name":"Bria","name_ar":"بريا","name_ascii":"Bria","featurecla":"Admin-1 capital","adm0":"Central African Republic","adm0_a3":"CAF","scalerank":6,"pop_max":29027},"geometry":{"type":"Point","coordinates":[21.9832987,6.5333079]}},{"type":"Feature","properties":{"name":"Marsabit","name_ar":"مارسابيت","name_ascii":"Marsabit","featurecla":"Populated place","adm0":"Kenya","adm0_a3":"KEN","scalerank":6,"pop_max":16460},"geometry":{"type":"Point","coordinates":[37.9799967,2.3299986]}},{"type":"Feature","properties":{"name":"Moyale","name_ar":"مويالي","name_ascii":"Moyale","featurecla":"Populated place","adm0":"Kenya","adm0_a3":"KEN","scalerank":6,"pop_max":24837},"geometry":{"type":"Point","coordinates":[39.0500089,3.5199776]}},{"type":"Feature","properties":{"name":"Nakuru","name_ar":"ناكورو","name_ascii":"Nakuru","featurecla":"Admin-1 capital","adm0":"Kenya","adm0_a3":"KEN","scalerank":6,"pop_max":364727},"geometry":{"type":"Point","coordinates":[36.0699841,-0.2799971]}},{"type":"Feature","properties":{"name":"Lamu","name_ar":"لامو","name_ascii":"Lamu","featurecla":"Populated place","adm0":"Kenya","adm0_a3":"KEN","scalerank":6,"pop_max":24525},"geometry":{"type":"Point","coordinates":[40.9196664,-2.2620436]}},{"type":"Feature","properties":{"name":"Malindi","name_ar":"ماليندي","name_ascii":"Malindi","featurecla":"Populated place","adm0":"Kenya","adm0_a3":"KEN","scalerank":6,"pop_max":94016},"geometry":{"type":"Point","coordinates":[40.1000223,-3.2099992]}},{"type":"Feature","properties":{"name":"Kisumu","name_ar":"كيزيمو","name_ascii":"Kisumu","featurecla":"Admin-1 capital","adm0":"Kenya","adm0_a3":"KEN","scalerank":6,"pop_max":395615},"geometry":{"type":"Point","coordinates":[34.750013,-0.0900346]}},{"type":"Feature","properties":{"name":"Antsirabe","name_ar":"أنتسيرابي","name_ascii":"Antsirabe","featurecla":"Populated place","adm0":"Madagascar","adm0_a3":"MDG","scalerank":6,"pop_max":307921},"geometry":{"type":"Point","coordinates":[47.0332942,-19.8500171]}},{"type":"Feature","properties":{"name":"Antalaha","name_ar":"ضاحية أنتالاها","name_ascii":"Antalaha","featurecla":"Populated place","adm0":"Madagascar","adm0_a3":"MDG","scalerank":6,"pop_max":47224},"geometry":{"type":"Point","coordinates":[50.2833284,-14.883343500000002]}},{"type":"Feature","properties":{"name":"Andoany","name_ar":"أندواني","name_ascii":"Andoany","featurecla":"Populated place","adm0":"Madagascar","adm0_a3":"MDG","scalerank":6,"pop_max":22680},"geometry":{"type":"Point","coordinates":[48.266604,-13.4000232]}},{"type":"Feature","properties":{"name":"Farafangana","name_ar":"فارافانغانا","name_ascii":"Farafangana","featurecla":"Populated place","adm0":"Madagascar","adm0_a3":"MDG","scalerank":6,"pop_max":24764},"geometry":{"type":"Point","coordinates":[47.83324540000001,-22.816606]}},{"type":"Feature","properties":{"name":"Mananjary","name_ar":"ماناياري","name_ascii":"Mananjary","featurecla":"Populated place","adm0":"Madagascar","adm0_a3":"MDG","scalerank":6,"pop_max":27686},"geometry":{"type":"Point","coordinates":[48.3333182,-21.216652]}},{"type":"Feature","properties":{"name":"Maintirano","name_ar":"ماينترانو","name_ascii":"Maintirano","featurecla":"Populated place","adm0":"Madagascar","adm0_a3":"MDG","scalerank":6,"pop_max":5925},"geometry":{"type":"Point","coordinates":[44.0166825,-18.0666117]}},{"type":"Feature","properties":{"name":"Toamasina","name_ar":"تواماسينا","name_ascii":"Toamasina","featurecla":"Admin-1 capital","adm0":"Madagascar","adm0_a3":"MDG","scalerank":6,"pop_max":210226},"geometry":{"type":"Point","coordinates":[49.40498410000001,-18.1817985]}},{"type":"Feature","properties":{"name":"Maroantsetra","name_ar":"ماروانتسيترا","name_ascii":"Maroantsetra","featurecla":"Populated place","adm0":"Madagascar","adm0_a3":"MDG","scalerank":6,"pop_max":38046},"geometry":{"type":"Point","coordinates":[49.73333610000001,-15.4333358]}},{"type":"Feature","properties":{"name":"Tôlanaro","name_ar":"تولانارو","name_ascii":"Tolanaro","featurecla":"Populated place","adm0":"Madagascar","adm0_a3":"MDG","scalerank":6,"pop_max":16818},"geometry":{"type":"Point","coordinates":[46.9900411,-25.026807]}},{"type":"Feature","properties":{"name":"Morombe","name_ar":"مورومبي","name_ascii":"Morombe","featurecla":"Populated place","adm0":"Madagascar","adm0_a3":"MDG","scalerank":6,"pop_max":16727},"geometry":{"type":"Point","coordinates":[43.3656776,-21.7391385]}},{"type":"Feature","properties":{"name":"Androka","name_ar":"أندروكا","name_ascii":"Androka","featurecla":"Populated place","adm0":"Madagascar","adm0_a3":"MDG","scalerank":6,"pop_max":174},"geometry":{"type":"Point","coordinates":[44.0749469,-25.0219462]}},{"type":"Feature","properties":{"name":"Morondava","name_ar":"موروندافا","name_ascii":"Morondava","featurecla":"Populated place","adm0":"Madagascar","adm0_a3":"MDG","scalerank":6,"pop_max":36803},"geometry":{"type":"Point","coordinates":[44.2833329,-20.2832723]}},{"type":"Feature","properties":{"name":"Lisala","name_ar":"ليسالا","name_ascii":"Lisala","featurecla":"Populated place","adm0":"Congo (Kinshasa)","adm0_a3":"COD","scalerank":6,"pop_max":70087},"geometry":{"type":"Point","coordinates":[21.5099943,2.1400102]}},{"type":"Feature","properties":{"name":"Gemena","name_ar":"جيمينا","name_ascii":"Gemena","featurecla":"Populated place","adm0":"Congo (Kinshasa)","adm0_a3":"COD","scalerank":6,"pop_max":198056},"geometry":{"type":"Point","coordinates":[19.769997100000005,3.2600193]}},{"type":"Feature","properties":{"name":"Fada","name_ar":"فادا","name_ascii":"Fada","featurecla":"Populated place","adm0":"Chad","adm0_a3":"TCD","scalerank":6,"pop_max":448},"geometry":{"type":"Point","coordinates":[21.5902478,17.184725]}},{"type":"Feature","properties":{"name":"Faya Largeau","name_ar":"فايا لارجو","name_ascii":"Faya Largeau","featurecla":"Admin-1 capital","adm0":"Chad","adm0_a3":"TCD","scalerank":6,"pop_max":13400},"geometry":{"type":"Point","coordinates":[19.1167037,17.9166699]}},{"type":"Feature","properties":{"name":"Mao","name_ar":"ماو","name_ascii":"Mao","featurecla":"Admin-1 capital","adm0":"Chad","adm0_a3":"TCD","scalerank":6,"pop_max":18031},"geometry":{"type":"Point","coordinates":[15.313318200000001,14.119434]}},{"type":"Feature","properties":{"name":"Bata","name_ar":"باتا","name_ascii":"Bata","featurecla":"Admin-1 capital","adm0":"Equatorial Guinea","adm0_a3":"GNQ","scalerank":6,"pop_max":173046},"geometry":{"type":"Point","coordinates":[9.7699873,1.8700008000000001]}},{"type":"Feature","properties":{"name":"Biltine","name_ar":"بلتن","name_ascii":"Biltine","featurecla":"Admin-1 capital","adm0":"Chad","adm0_a3":"TCD","scalerank":6,"pop_max":11000},"geometry":{"type":"Point","coordinates":[20.9166971,14.5332589]}},{"type":"Feature","properties":{"name":"Sarh","name_ar":"سار","name_ascii":"Sarh","featurecla":"Admin-1 capital","adm0":"Chad","adm0_a3":"TCD","scalerank":6,"pop_max":169196},"geometry":{"type":"Point","coordinates":[18.3900297,9.1499699]}},{"type":"Feature","properties":{"name":"Am Timan","name_ar":"أم تيمان","name_ascii":"Am Timan","featurecla":"Admin-1 capital","adm0":"Chad","adm0_a3":"TCD","scalerank":6,"pop_max":30443},"geometry":{"type":"Point","coordinates":[20.2832991,11.0332916]}},{"type":"Feature","properties":{"name":"Siwa","name_ar":"سيوة","name_ascii":"Siwa","featurecla":"Populated place","adm0":"Egypt","adm0_a3":"EGY","scalerank":6,"pop_max":23080},"geometry":{"type":"Point","coordinates":[25.5166748,29.200012200000003]}},{"type":"Feature","properties":{"name":"El Minya","name_ar":"المنيا","name_ascii":"El Minya","featurecla":"Admin-1 capital","adm0":"Egypt","adm0_a3":"EGY","scalerank":6,"pop_max":500000},"geometry":{"type":"Point","coordinates":[30.7499987,28.0900025]}},{"type":"Feature","properties":{"name":"Kom Ombo","name_ar":"كوم أمبو","name_ascii":"Kom Ombo","featurecla":"Populated place","adm0":"Egypt","adm0_a3":"EGY","scalerank":6,"pop_max":303962},"geometry":{"type":"Point","coordinates":[32.9500195,24.4699909]}},{"type":"Feature","properties":{"name":"El Kharga","name_ar":"مدينة الخارجة","name_ascii":"El Kharga","featurecla":"Admin-1 capital","adm0":"Egypt","adm0_a3":"EGY","scalerank":6,"pop_max":49991},"geometry":{"type":"Point","coordinates":[30.550010900000004,25.4400092]}},{"type":"Feature","properties":{"name":"Hurghada","name_ar":"الغردقة","name_ascii":"Hurghada","featurecla":"Admin-1 capital","adm0":"Egypt","adm0_a3":"EGY","scalerank":6,"pop_max":157204},"geometry":{"type":"Point","coordinates":[33.830017500000004,27.2300033]}},{"type":"Feature","properties":{"name":"Buta","name_ar":"بوتا","name_ascii":"Buta","featurecla":"Populated place","adm0":"Congo (Kinshasa)","adm0_a3":"COD","scalerank":6,"pop_max":45677},"geometry":{"type":"Point","coordinates":[24.7400297,2.8199945]}},{"type":"Feature","properties":{"name":"Watsa","name_ar":"واتسا","name_ascii":"Watsa","featurecla":"Populated place","adm0":"Congo (Kinshasa)","adm0_a3":"COD","scalerank":6,"pop_max":24516},"geometry":{"type":"Point","coordinates":[29.529969800000003,3.0400069]}},{"type":"Feature","properties":{"name":"Isiro","name_ar":"إسيرو","name_ascii":"Isiro","featurecla":"Populated place","adm0":"Congo (Kinshasa)","adm0_a3":"COD","scalerank":6,"pop_max":157196},"geometry":{"type":"Point","coordinates":[27.6200089,2.7599723]}},{"type":"Feature","properties":{"name":"Bondo","name_ar":"بوندو","name_ascii":"Bondo","featurecla":"Populated place","adm0":"Congo (Kinshasa)","adm0_a3":"COD","scalerank":6,"pop_max":23517},"geometry":{"type":"Point","coordinates":[23.6700175,3.8099599]}},{"type":"Feature","properties":{"name":"Inongo","name_ar":"ريف إينونغو","name_ascii":"Inongo","featurecla":"Populated place","adm0":"Congo (Kinshasa)","adm0_a3":"COD","scalerank":6,"pop_max":40113},"geometry":{"type":"Point","coordinates":[18.2800105,-1.9399992]}},{"type":"Feature","properties":{"name":"Tshikapa","name_ar":"تشيكابا","name_ascii":"Tshikapa","featurecla":"Populated place","adm0":"Congo (Kinshasa)","adm0_a3":"COD","scalerank":6,"pop_max":267462},"geometry":{"type":"Point","coordinates":[20.7700394,-6.4099589]}},{"type":"Feature","properties":{"name":"Boma","name_ar":"بوما","name_ascii":"Boma","featurecla":"Populated place","adm0":"Congo (Kinshasa)","adm0_a3":"COD","scalerank":6,"pop_max":178638},"geometry":{"type":"Point","coordinates":[13.0499939,-5.8299943]}},{"type":"Feature","properties":{"name":"Bukavu","name_ar":"بوكافو","name_ascii":"Bukavu","featurecla":"Admin-1 capital","adm0":"Congo (Kinshasa)","adm0_a3":"COD","scalerank":6,"pop_max":436779},"geometry":{"type":"Point","coordinates":[28.8400378,-2.5099902]}},{"type":"Feature","properties":{"name":"Uvira","name_ar":"أوفيرا","name_ascii":"Uvira","featurecla":"Admin-1 capital","adm0":"Congo (Kinshasa)","adm0_a3":"COD","scalerank":6,"pop_max":170391},"geometry":{"type":"Point","coordinates":[29.1400195,-3.3699894]}},{"type":"Feature","properties":{"name":"Kindu","name_ar":"كيندو","name_ascii":"Kindu","featurecla":"Admin-1 capital","adm0":"Congo (Kinshasa)","adm0_a3":"COD","scalerank":6,"pop_max":262914},"geometry":{"type":"Point","coordinates":[25.9099841,-2.963916]}},{"type":"Feature","properties":{"name":"Mwene-Ditu","name_ar":"مويني-ديتو","name_ascii":"Mwene-Ditu","featurecla":"Admin-1 capital","adm0":"Congo (Kinshasa)","adm0_a3":"COD","scalerank":6,"pop_max":189177},"geometry":{"type":"Point","coordinates":[23.4400057,-7.0000004]}},{"type":"Feature","properties":{"name":"Likasi","name_ar":"ليكاسي","name_ascii":"Likasi","featurecla":"Populated place","adm0":"Congo (Kinshasa)","adm0_a3":"COD","scalerank":6,"pop_max":434408},"geometry":{"type":"Point","coordinates":[26.7800085,-10.9700423]}},{"type":"Feature","properties":{"name":"Manono","name_ar":"مانونو","name_ascii":"Manono","featurecla":"Populated place","adm0":"Congo (Kinshasa)","adm0_a3":"COD","scalerank":6,"pop_max":46111},"geometry":{"type":"Point","coordinates":[27.4499934,-7.3000338]}},{"type":"Feature","properties":{"name":"Kamina","name_ar":"كامينا","name_ascii":"Kamina","featurecla":"Populated place","adm0":"Congo (Kinshasa)","adm0_a3":"COD","scalerank":6,"pop_max":128803},"geometry":{"type":"Point","coordinates":[25.0099873,-8.730024]}},{"type":"Feature","properties":{"name":"Chiromo","name_ar":"تشيرومو","name_ascii":"Chiromo","featurecla":"Populated place","adm0":"Malawi","adm0_a3":"MWI","scalerank":6,"pop_max":25235},"geometry":{"type":"Point","coordinates":[35.1332454,-16.550011800000004]}},{"type":"Feature","properties":{"name":"Zomba","name_ar":"زومبا","name_ascii":"Zomba","featurecla":"Admin-1 capital","adm0":"Malawi","adm0_a3":"MWI","scalerank":6,"pop_max":80932},"geometry":{"type":"Point","coordinates":[35.3100305,-15.390030900000001]}},{"type":"Feature","properties":{"name":"Kumasi","name_ar":"كوماسي","name_ascii":"Kumasi","featurecla":"Admin-1 capital","adm0":"Ghana","adm0_a3":"GHA","scalerank":6,"pop_max":1646000},"geometry":{"type":"Point","coordinates":[-1.6319603,6.691936700000001]}},{"type":"Feature","properties":{"name":"Sekondi","name_ar":"سيكوندي تاكورادي","name_ascii":"Sekondi","featurecla":"Admin-1 capital","adm0":"Ghana","adm0_a3":"GHA","scalerank":6,"pop_max":286248},"geometry":{"type":"Point","coordinates":[-1.7040151,4.9432758]}},{"type":"Feature","properties":{"name":"Oyem","name_ar":"أوييم","name_ascii":"Oyem","featurecla":"Admin-1 capital","adm0":"Gabon","adm0_a3":"GAB","scalerank":6,"pop_max":43423},"geometry":{"type":"Point","coordinates":[11.5833134,1.6166313]}},{"type":"Feature","properties":{"name":"Mayumba","name_ar":"مايومبا","name_ascii":"Mayumba","featurecla":"Populated place","adm0":"Gabon","adm0_a3":"GAB","scalerank":6,"pop_max":3996},"geometry":{"type":"Point","coordinates":[10.650037,-3.4166015]}},{"type":"Feature","properties":{"name":"Gamba","name_ar":"جامبا","name_ascii":"Gamba","featurecla":"Populated place","adm0":"Gabon","adm0_a3":"GAB","scalerank":6,"pop_max":9928},"geometry":{"type":"Point","coordinates":[9.9999991,-2.6500333]}},{"type":"Feature","properties":{"name":"Taoudenni","name_ar":"تودني","name_ascii":"Taoudenni","featurecla":"Populated place","adm0":"Mali","adm0_a3":"MLI","scalerank":6,"pop_max":3019},"geometry":{"type":"Point","coordinates":[-3.9833592000000007,22.6665867]}},{"type":"Feature","properties":{"name":"Araouane","name_ar":"أروان","name_ascii":"Araouane","featurecla":"Populated place","adm0":"Mali","adm0_a3":"MLI","scalerank":6,"pop_max":4026},"geometry":{"type":"Point","coordinates":[-3.5299502,18.9000208]}},{"type":"Feature","properties":{"name":"Tessalit","name_ar":"تساليت","name_ascii":"Tessalit","featurecla":"Populated place","adm0":"Mali","adm0_a3":"MLI","scalerank":6,"pop_max":6000},"geometry":{"type":"Point","coordinates":[1.0888118,20.2013884]}},{"type":"Feature","properties":{"name":"Ménaka","name_ar":"ميناكا","name_ascii":"Menaka","featurecla":"Populated place","adm0":"Mali","adm0_a3":"MLI","scalerank":6,"pop_max":9110},"geometry":{"type":"Point","coordinates":[2.3999979,15.9166628]}},{"type":"Feature","properties":{"name":"Bir Mogrein","name_ar":"بير مغرين","name_ascii":"Bir Mogrein","featurecla":"Populated place","adm0":"Mauritania","adm0_a3":"MRT","scalerank":6,"pop_max":10},"geometry":{"type":"Point","coordinates":[-11.583308800000001,25.2333034]}},{"type":"Feature","properties":{"name":"Rosso","name_ar":"روصو","name_ascii":"Rosso","featurecla":"Admin-1 capital","adm0":"Mauritania","adm0_a3":"MRT","scalerank":6,"pop_max":47203},"geometry":{"type":"Point","coordinates":[-15.812663,16.5240159]}},{"type":"Feature","properties":{"name":"Kiffa","name_ar":"كيفة","name_ascii":"Kiffa","featurecla":"Admin-1 capital","adm0":"Mauritania","adm0_a3":"MRT","scalerank":6,"pop_max":73930},"geometry":{"type":"Point","coordinates":[-11.3999866,16.6199791]}},{"type":"Feature","properties":{"name":"Nara","name_ar":"النوارة","name_ascii":"Nara","featurecla":"Populated place","adm0":"Mali","adm0_a3":"MLI","scalerank":6,"pop_max":18459},"geometry":{"type":"Point","coordinates":[-7.279979700000001,15.180015300000003]}},{"type":"Feature","properties":{"name":"Koulikoro","name_ar":"كوليكورو","name_ascii":"Koulikoro","featurecla":"Admin-1 capital","adm0":"Mali","adm0_a3":"MLI","scalerank":6,"pop_max":23919},"geometry":{"type":"Point","coordinates":[-7.5499891,12.8833079]}},{"type":"Feature","properties":{"name":"Mopti","name_ar":"موبتي","name_ascii":"Mopti","featurecla":"Admin-1 capital","adm0":"Mali","adm0_a3":"MLI","scalerank":6,"pop_max":108456},"geometry":{"type":"Point","coordinates":[-4.1800397,14.489979900000002]}},{"type":"Feature","properties":{"name":"Ouésso","name_ar":"أويسو","name_ascii":"Ouesso","featurecla":"Admin-1 capital","adm0":"Congo (Brazzaville)","adm0_a3":"COG","scalerank":6,"pop_max":28320},"geometry":{"type":"Point","coordinates":[16.0500175,1.6099909]}},{"type":"Feature","properties":{"name":"Ghadamis","name_ar":"غدامس","name_ascii":"Ghadamis","featurecla":"Populated place","adm0":"Libya","adm0_a3":"LBY","scalerank":6,"pop_max":6623},"geometry":{"type":"Point","coordinates":[9.5000297,30.1332886]}},{"type":"Feature","properties":{"name":"Hun","name_ar":"هون","name_ascii":"Hun","featurecla":"Admin-1 capital","adm0":"Libya","adm0_a3":"LBY","scalerank":6,"pop_max":18878},"geometry":{"type":"Point","coordinates":[15.9333321,29.1166581]}},{"type":"Feature","properties":{"name":"Birak","name_ar":"براك","name_ascii":"Birak","featurecla":"Populated place","adm0":"Libya","adm0_a3":"LBY","scalerank":6,"pop_max":45421},"geometry":{"type":"Point","coordinates":[14.2833553,27.5333181]}},{"type":"Feature","properties":{"name":"Ghat","name_ar":"غات","name_ascii":"Ghat","featurecla":"Populated place","adm0":"Libya","adm0_a3":"LBY","scalerank":6,"pop_max":24347},"geometry":{"type":"Point","coordinates":[10.1727535,24.964741]}},{"type":"Feature","properties":{"name":"Marzuq","name_ar":"مرزق","name_ascii":"Marzuq","featurecla":"Admin-1 capital","adm0":"Libya","adm0_a3":"LBY","scalerank":6,"pop_max":55071},"geometry":{"type":"Point","coordinates":[13.897229,25.9043994]}},{"type":"Feature","properties":{"name":"Ajdabiya","name_ar":"إجدابيا","name_ascii":"Ajdabiya","featurecla":"Admin-1 capital","adm0":"Libya","adm0_a3":"LBY","scalerank":6,"pop_max":143833},"geometry":{"type":"Point","coordinates":[20.2199955,30.7699939]}},{"type":"Feature","properties":{"name":"Awjilah","name_ar":"أوجلة","name_ascii":"Awjilah","featurecla":"Populated place","adm0":"Libya","adm0_a3":"LBY","scalerank":6,"pop_max":6610},"geometry":{"type":"Point","coordinates":[21.2869071,29.1080282]}},{"type":"Feature","properties":{"name":"Surt","name_ar":"سرت","name_ascii":"Surt","featurecla":"Populated place","adm0":"Libya","adm0_a3":"LBY","scalerank":6,"pop_max":128123},"geometry":{"type":"Point","coordinates":[16.5900362,31.2099929]}},{"type":"Feature","properties":{"name":"Darnah","name_ar":"درنة","name_ascii":"Darnah","featurecla":"Admin-1 capital","adm0":"Libya","adm0_a3":"LBY","scalerank":6,"pop_max":127974},"geometry":{"type":"Point","coordinates":[22.6391393,32.7648111]}},{"type":"Feature","properties":{"name":"Tubruq","name_ar":"طبرق","name_ascii":"Tubruq","featurecla":"Populated place","adm0":"Libya","adm0_a3":"LBY","scalerank":6,"pop_max":263527},"geometry":{"type":"Point","coordinates":[23.9600256,32.0799915]}},{"type":"Feature","properties":{"name":"Debre Markos","name_ar":"ديبري ماركوس","name_ascii":"Debre Markos","featurecla":"Admin-1 capital","adm0":"Ethiopia","adm0_a3":"ETH","scalerank":6,"pop_max":70758},"geometry":{"type":"Point","coordinates":[37.7200126,10.3399748]}},{"type":"Feature","properties":{"name":"Dese","name_ar":"ديسي","name_ascii":"Dese","featurecla":"Admin-1 capital","adm0":"Ethiopia","adm0_a3":"ETH","scalerank":6,"pop_max":183802},"geometry":{"type":"Point","coordinates":[39.630025200000006,11.1299783]}},{"type":"Feature","properties":{"name":"Sodo","name_ar":"سودو","name_ascii":"Sodo","featurecla":"Populated place","adm0":"Ethiopia","adm0_a3":"ETH","scalerank":6,"pop_max":65737},"geometry":{"type":"Point","coordinates":[37.7499849,6.9000039]}},{"type":"Feature","properties":{"name":"Arba Minch","name_ar":"آربا مينش","name_ascii":"Arba Minch","featurecla":"Admin-1 capital","adm0":"Ethiopia","adm0_a3":"ETH","scalerank":6,"pop_max":69622},"geometry":{"type":"Point","coordinates":[37.5499971,6.040004700000001]}},{"type":"Feature","properties":{"name":"Harar","name_ar":"حرار","name_ascii":"Harar","featurecla":"Admin-1 capital","adm0":"Ethiopia","adm0_a3":"ETH","scalerank":6,"pop_max":174994},"geometry":{"type":"Point","coordinates":[42.1500264,9.3199595]}},{"type":"Feature","properties":{"name":"Goba","name_ar":"جوبا","name_ascii":"Goba","featurecla":"Admin-1 capital","adm0":"Ethiopia","adm0_a3":"ETH","scalerank":6,"pop_max":34369},"geometry":{"type":"Point","coordinates":[39.9700044,7.010023000000001]}},{"type":"Feature","properties":{"name":"Jima","name_ar":"جيما","name_ascii":"Jima","featurecla":"Admin-1 capital","adm0":"Ethiopia","adm0_a3":"ETH","scalerank":6,"pop_max":128306},"geometry":{"type":"Point","coordinates":[36.8300411,7.679982100000001]}},{"type":"Feature","properties":{"name":"Nazret","name_ar":"أداما","name_ascii":"Nazret","featurecla":"Populated place","adm0":"Ethiopia","adm0_a3":"ETH","scalerank":6,"pop_max":476892},"geometry":{"type":"Point","coordinates":[39.2699955,8.5499807]}},{"type":"Feature","properties":{"name":"Negele Boran","name_ar":"نيجيل بوران","name_ascii":"Nagele","featurecla":"Populated place","adm0":"Ethiopia","adm0_a3":"ETH","scalerank":6,"pop_max":11772},"geometry":{"type":"Point","coordinates":[39.5833097,5.3166122]}},{"type":"Feature","properties":{"name":"Gode","name_ar":"غودي","name_ascii":"Gode","featurecla":"Populated place","adm0":"Ethiopia","adm0_a3":"ETH","scalerank":6,"pop_max":75000},"geometry":{"type":"Point","coordinates":[43.4499987,5.9500102]}},{"type":"Feature","properties":{"name":"Dolo Bay","name_ar":"دولوباي","name_ascii":"Dolo Bay","featurecla":"Populated place","adm0":"Ethiopia","adm0_a3":"ETH","scalerank":6,"pop_max":11810},"geometry":{"type":"Point","coordinates":[42.0833121,4.183348]}},{"type":"Feature","properties":{"name":"Korhogo","name_ar":"كورهوغو","name_ascii":"Korhogo","featurecla":"Admin-1 capital","adm0":"Ivory Coast","adm0_a3":"CIV","scalerank":6,"pop_max":177711},"geometry":{"type":"Point","coordinates":[-5.6399506,9.4599768]}},{"type":"Feature","properties":{"name":"Labé","name_ar":"ابي","name_ascii":"Labe","featurecla":"Admin-1 capital","adm0":"Guinea","adm0_a3":"GIN","scalerank":6,"pop_max":140575},"geometry":{"type":"Point","coordinates":[-12.3000092,11.3199925]}},{"type":"Feature","properties":{"name":"Boké","name_ar":"بوكي","name_ascii":"Boke","featurecla":"Admin-1 capital","adm0":"Guinea","adm0_a3":"GIN","scalerank":6,"pop_max":116270},"geometry":{"type":"Point","coordinates":[-14.2999905,10.9399898]}},{"type":"Feature","properties":{"name":"Kindia","name_ar":"كنديا","name_ascii":"Kindia","featurecla":"Admin-1 capital","adm0":"Guinea","adm0_a3":"GIN","scalerank":6,"pop_max":117062},"geometry":{"type":"Point","coordinates":[-12.8699744,10.0600177]}},{"type":"Feature","properties":{"name":"Daloa","name_ar":"دالوا","name_ascii":"Daloa","featurecla":"Admin-1 capital","adm0":"Ivory Coast","adm0_a3":"CIV","scalerank":6,"pop_max":255168},"geometry":{"type":"Point","coordinates":[-6.4500045,6.8899787]}},{"type":"Feature","properties":{"name":"Mafetang","name_ar":"مافتينج","name_ascii":"Mafetang","featurecla":"Admin-1 capital","adm0":"Lesotho","adm0_a3":"LSO","scalerank":6,"pop_max":57059},"geometry":{"type":"Point","coordinates":[27.2500057,-29.8166439]}},{"type":"Feature","properties":{"name":"Bouar","name_ar":"بوار","name_ascii":"Bouar","featurecla":"Admin-1 capital","adm0":"Central African Republic","adm0_a3":"CAF","scalerank":6,"pop_max":34372},"geometry":{"type":"Point","coordinates":[15.5999674,5.9500102]}},{"type":"Feature","properties":{"name":"Dundo","name_ar":"دوندو","name_ascii":"Dundo","featurecla":"Populated place","adm0":"Angola","adm0_a3":"AGO","scalerank":6,"pop_max":11985},"geometry":{"type":"Point","coordinates":[20.8299841,-7.3800289]}},{"type":"Feature","properties":{"name":"Ambriz","name_ar":"آمبرز","name_ascii":"Ambriz","featurecla":"Populated place","adm0":"Angola","adm0_a3":"AGO","scalerank":6,"pop_max":17000},"geometry":{"type":"Point","coordinates":[13.125028,-7.854987]}},{"type":"Feature","properties":{"name":"Dondo","name_ar":"إقليم دوندو","name_ascii":"Dondo","featurecla":"Populated place","adm0":"Angola","adm0_a3":"AGO","scalerank":6,"pop_max":2353},"geometry":{"type":"Point","coordinates":[14.430013,-9.6900171]}},{"type":"Feature","properties":{"name":"Sumbe","name_ar":"سومبي","name_ascii":"Sumbe","featurecla":"Admin-1 capital","adm0":"Angola","adm0_a3":"AGO","scalerank":6,"pop_max":33277},"geometry":{"type":"Point","coordinates":[13.8499967,-11.2100277]}},{"type":"Feature","properties":{"name":"Uíge","name_ar":"أويغي","name_ascii":"Uige","featurecla":"Admin-1 capital","adm0":"Angola","adm0_a3":"AGO","scalerank":6,"pop_max":60008},"geometry":{"type":"Point","coordinates":[15.0499751,-7.6200142]}},{"type":"Feature","properties":{"name":"Kuito","name_ar":"كويتو","name_ascii":"Kuito","featurecla":"Admin-1 capital","adm0":"Angola","adm0_a3":"AGO","scalerank":6,"pop_max":114286},"geometry":{"type":"Point","coordinates":[16.939989,-12.3800338]}},{"type":"Feature","properties":{"name":"Lobito","name_ar":"وبيتو","name_ascii":"Lobito","featurecla":"Populated place","adm0":"Angola","adm0_a3":"AGO","scalerank":6,"pop_max":207932},"geometry":{"type":"Point","coordinates":[13.54123,-12.3700085]}},{"type":"Feature","properties":{"name":"Xangongo","name_ar":"زانغونغو","name_ascii":"Xangongo","featurecla":"Populated place","adm0":"Angola","adm0_a3":"AGO","scalerank":6,"pop_max":447},"geometry":{"type":"Point","coordinates":[14.969980000000001,-16.740026]}},{"type":"Feature","properties":{"name":"Luena","name_ar":"وينا","name_ascii":"Luena","featurecla":"Admin-1 capital","adm0":"Angola","adm0_a3":"AGO","scalerank":6,"pop_max":21115},"geometry":{"type":"Point","coordinates":[19.900015,-11.7900439]}},{"type":"Feature","properties":{"name":"Tômbua","name_ar":"تومبوا","name_ascii":"Tombua","featurecla":"Populated place","adm0":"Angola","adm0_a3":"AGO","scalerank":6,"pop_max":40000},"geometry":{"type":"Point","coordinates":[11.859989,-15.8000317]}},{"type":"Feature","properties":{"name":"Adrar","name_ar":"أدرار","name_ascii":"Adrar","featurecla":"Admin-1 capital","adm0":"Algeria","adm0_a3":"DZA","scalerank":6,"pop_max":56910},"geometry":{"type":"Point","coordinates":[-0.2899671,27.8699901]}},{"type":"Feature","properties":{"name":"Reggane","name_ar":"رقان","name_ascii":"Reggane","featurecla":"Populated place","adm0":"Algeria","adm0_a3":"DZA","scalerank":6,"pop_max":32974},"geometry":{"type":"Point","coordinates":[0.1666459,26.6999839]}},{"type":"Feature","properties":{"name":"Béchar","name_ar":"بشار","name_ascii":"Bechar","featurecla":"Admin-1 capital","adm0":"Algeria","adm0_a3":"DZA","scalerank":6,"pop_max":143382},"geometry":{"type":"Point","coordinates":[-2.2300037,31.611105400000003]}},{"type":"Feature","properties":{"name":"Tindouf","name_ar":"تندوف","name_ascii":"Tindouf","featurecla":"Populated place","adm0":"Algeria","adm0_a3":"DZA","scalerank":6,"pop_max":18270},"geometry":{"type":"Point","coordinates":[-8.147782,27.674188]}},{"type":"Feature","properties":{"name":"Illizi","name_ar":"إليزي","name_ascii":"Illizi","featurecla":"Populated place","adm0":"Algeria","adm0_a3":"DZA","scalerank":6,"pop_max":7957},"geometry":{"type":"Point","coordinates":[8.4666044,26.4833563]}},{"type":"Feature","properties":{"name":"Arak","name_ar":"آراك","name_ascii":"Arak","featurecla":"Populated place","adm0":"Algeria","adm0_a3":"DZA","scalerank":6,"pop_max":423251},"geometry":{"type":"Point","coordinates":[3.749993,25.2799931]}},{"type":"Feature","properties":{"name":"I-n-Salah","name_ar":"عين صالح","name_ascii":"I-n-Salah","featurecla":"Populated place","adm0":"Algeria","adm0_a3":"DZA","scalerank":6,"pop_max":49223},"geometry":{"type":"Point","coordinates":[2.4666088,27.2166449]}},{"type":"Feature","properties":{"name":"El Goléa","name_ar":"المنيعة","name_ascii":"El Golea","featurecla":"Populated place","adm0":"Algeria","adm0_a3":"DZA","scalerank":6,"pop_max":32049},"geometry":{"type":"Point","coordinates":[2.8833276,30.566621300000005]}},{"type":"Feature","properties":{"name":"Laghouat","name_ar":"الأغواط","name_ascii":"Laghouat","featurecla":"Admin-1 capital","adm0":"Algeria","adm0_a3":"DZA","scalerank":6,"pop_max":113872},"geometry":{"type":"Point","coordinates":[2.8800203,33.8099892]}},{"type":"Feature","properties":{"name":"Touggourt","name_ar":"تقرت","name_ascii":"Touggourt","featurecla":"Populated place","adm0":"Algeria","adm0_a3":"DZA","scalerank":6,"pop_max":133954},"geometry":{"type":"Point","coordinates":[6.0599812,33.0999809]}},{"type":"Feature","properties":{"name":"Ouargla","name_ar":"ورقلة","name_ascii":"Ouargla","featurecla":"Admin-1 capital","adm0":"Algeria","adm0_a3":"DZA","scalerank":6,"pop_max":176271},"geometry":{"type":"Point","coordinates":[5.3400252,31.969972399999996]}},{"type":"Feature","properties":{"name":"Biskra","name_ar":"بسكرة","name_ascii":"Biskra","featurecla":"Admin-1 capital","adm0":"Algeria","adm0_a3":"DZA","scalerank":6,"pop_max":202103},"geometry":{"type":"Point","coordinates":[5.7300272,34.8599768]}},{"type":"Feature","properties":{"name":"Djelfa","name_ar":"الجلفة","name_ascii":"Djelfa","featurecla":"Admin-1 capital","adm0":"Algeria","adm0_a3":"DZA","scalerank":6,"pop_max":170901},"geometry":{"type":"Point","coordinates":[3.2500236,34.6799878]}},{"type":"Feature","properties":{"name":"Sétif","name_ar":"سطيف","name_ascii":"Setif","featurecla":"Admin-1 capital","adm0":"Algeria","adm0_a3":"DZA","scalerank":6,"pop_max":274744},"geometry":{"type":"Point","coordinates":[5.3999698,36.1800255]}},{"type":"Feature","properties":{"name":"Batna","name_ar":"باتنة","name_ascii":"Batna","featurecla":"Admin-1 capital","adm0":"Algeria","adm0_a3":"DZA","scalerank":6,"pop_max":280798},"geometry":{"type":"Point","coordinates":[6.1700004,35.56995930000001]}},{"type":"Feature","properties":{"name":"Molepolole","name_ar":"مولبولولا","name_ascii":"Molepolole","featurecla":"Admin-1 capital","adm0":"Botswana","adm0_a3":"BWA","scalerank":6,"pop_max":63248},"geometry":{"type":"Point","coordinates":[25.5100085,-24.3999719]}},{"type":"Feature","properties":{"name":"Bir Lehlou","name_ar":"بئر لحلو","name_ascii":"Bir Lehlou","featurecla":"Admin-0 capital alt","adm0":"Western Sahara","adm0_a3":"SAH","scalerank":6,"pop_max":500},"geometry":{"type":"Point","coordinates":[-9.6525222,26.1191667]}},{"type":"Feature","properties":{"name":"Moroni","name_ar":"موروني","name_ascii":"Moroni","featurecla":"Admin-0 capital","adm0":"Comoros","adm0_a3":"COM","scalerank":6,"pop_max":128698},"geometry":{"type":"Point","coordinates":[43.2402441,-11.7041577]}},{"type":"Feature","properties":{"name":"Benin City","name_ar":"بنين","name_ascii":"Benin City","featurecla":"Admin-1 capital","adm0":"Nigeria","adm0_a3":"NGA","scalerank":4,"pop_max":1190000},"geometry":{"type":"Point","coordinates":[5.6180622,6.3424232]}},{"type":"Feature","properties":{"name":"Atakpamé","name_ar":"اتكابامي","name_ascii":"Atakpame","featurecla":"Admin-1 capital","adm0":"Togo","adm0_a3":"TGO","scalerank":4,"pop_max":80683},"geometry":{"type":"Point","coordinates":[1.1200244,7.5300429]}},{"type":"Feature","properties":{"name":"Sousse","name_ar":"سوسة","name_ascii":"Sousse","featurecla":"Admin-1 capital","adm0":"Tunisia","adm0_a3":"TUN","scalerank":4,"pop_max":327004},"geometry":{"type":"Point","coordinates":[10.6250256,35.8299951]}},{"type":"Feature","properties":{"name":"Kabwe","name_ar":"كابوي","name_ascii":"Kabwe","featurecla":"Admin-1 capital","adm0":"Zambia","adm0_a3":"ZMB","scalerank":4,"pop_max":188979},"geometry":{"type":"Point","coordinates":[28.4499841,-14.4400114]}},{"type":"Feature","properties":{"name":"Mufulira","name_ar":"موفوليرا","name_ascii":"Mufulira","featurecla":"Populated place","adm0":"Zambia","adm0_a3":"ZMB","scalerank":4,"pop_max":153624},"geometry":{"type":"Point","coordinates":[28.2599698,-12.5499975]}},{"type":"Feature","properties":{"name":"Kitwe","name_ar":"كيتوي","name_ascii":"Kitwe","featurecla":"Populated place","adm0":"Zambia","adm0_a3":"ZMB","scalerank":4,"pop_max":404901},"geometry":{"type":"Point","coordinates":[28.220024,-12.8100333]}},{"type":"Feature","properties":{"name":"Livingstone","name_ar":"ليفينغستون","name_ascii":"Livingstone","featurecla":"Admin-1 capital","adm0":"Zambia","adm0_a3":"ZMB","scalerank":4,"pop_max":165480},"geometry":{"type":"Point","coordinates":[25.860013,-17.8600093]}},{"type":"Feature","properties":{"name":"Chitungwiza","name_ar":"تشيتونجويزا","name_ascii":"Chitungwiza","featurecla":"Populated place","adm0":"Zimbabwe","adm0_a3":"ZWE","scalerank":4,"pop_max":340360},"geometry":{"type":"Point","coordinates":[31.1000032,-18.0000008]}},{"type":"Feature","properties":{"name":"Douala","name_ar":"دوالا","name_ascii":"Douala","featurecla":"Admin-1 capital","adm0":"Cameroon","adm0_a3":"CMR","scalerank":4,"pop_max":1906000},"geometry":{"type":"Point","coordinates":[9.7080451,4.0623556]}},{"type":"Feature","properties":{"name":"Gulu","name_ar":"غولو","name_ascii":"Gulu","featurecla":"Admin-1 region capital","adm0":"Uganda","adm0_a3":"UGA","scalerank":4,"pop_max":146858},"geometry":{"type":"Point","coordinates":[32.2800345,2.779997]}},{"type":"Feature","properties":{"name":"Kigali","name_ar":"كيغالي","name_ascii":"Kigali","featurecla":"Admin-0 capital","adm0":"Rwanda","adm0_a3":"RWA","scalerank":4,"pop_max":860000},"geometry":{"type":"Point","coordinates":[30.058585900000004,-1.9516442000000003]}},{"type":"Feature","properties":{"name":"Niamey","name_ar":"مرادي","name_ascii":"Maradi","featurecla":"Admin-1 capital","adm0":"Niger","adm0_a3":"NER","scalerank":4,"pop_max":232555},"geometry":{"type":"Point","coordinates":[7.0964038,13.4916429]}},{"type":"Feature","properties":{"name":"Tahoua","name_ar":"تاهوا","name_ascii":"Tahoua","featurecla":"Admin-1 capital","adm0":"Niger","adm0_a3":"NER","scalerank":4,"pop_max":115956},"geometry":{"type":"Point","coordinates":[5.2599267,14.8999807]}},{"type":"Feature","properties":{"name":"Mbabane","name_ar":"مبابان","name_ascii":"Mbabane","featurecla":"Admin-0 capital","adm0":"eSwatini","adm0_a3":"SWZ","scalerank":4,"pop_max":90138},"geometry":{"type":"Point","coordinates":[31.1333345,-26.3166508]}},{"type":"Feature","properties":{"name":"Kaolack","name_ar":"كاولاك","name_ascii":"Kaolack","featurecla":"Admin-1 capital","adm0":"Senegal","adm0_a3":"SEN","scalerank":4,"pop_max":277812},"geometry":{"type":"Point","coordinates":[-16.1000098,14.149974800000003]}},{"type":"Feature","properties":{"name":"Kaédi","name_ar":"كيهيدي","name_ascii":"Kaedi","featurecla":"Admin-1 capital","adm0":"Senegal","adm0_a3":"SEN","scalerank":4,"pop_max":21656},"geometry":{"type":"Point","coordinates":[-13.4999876,16.1500078]}},{"type":"Feature","properties":{"name":"Geneina","name_ar":"الجنينة","name_ascii":"Geneina","featurecla":"Admin-1 capital","adm0":"Sudan","adm0_a3":"SDN","scalerank":4,"pop_max":162981},"geometry":{"type":"Point","coordinates":[22.440015,13.4500175]}},{"type":"Feature","properties":{"name":"Juba","name_ar":"جوبا","name_ascii":"Juba","featurecla":"Admin-0 capital","adm0":"South Sudan","adm0_a3":"SSD","scalerank":4,"pop_max":111975},"geometry":{"type":"Point","coordinates":[31.5800256,4.8299752]}},{"type":"Feature","properties":{"name":"Malakal","name_ar":"ملكال","name_ascii":"Malakal","featurecla":"Admin-1 region capital","adm0":"South Sudan","adm0_a3":"SSD","scalerank":4,"pop_max":160765},"geometry":{"type":"Point","coordinates":[31.6559899,9.5368972]}},{"type":"Feature","properties":{"name":"Omdurman","name_ar":"أم درمان","name_ascii":"Omdurman","featurecla":"Admin-1 capital","adm0":"Sudan","adm0_a3":"SDN","scalerank":4,"pop_max":2395159},"geometry":{"type":"Point","coordinates":[32.4800223,15.6166811]}},{"type":"Feature","properties":{"name":"Al-Ubayyid","name_ar":"الأبيض","name_ascii":"El Obeid","featurecla":"Admin-1 capital","adm0":"Sudan","adm0_a3":"SDN","scalerank":4,"pop_max":393311},"geometry":{"type":"Point","coordinates":[30.216698,13.1832896]}},{"type":"Feature","properties":{"name":"Springbok","name_ar":"سبرينغبوك","name_ascii":"Springbok","featurecla":"Populated place","adm0":"South Africa","adm0_a3":"ZAF","scalerank":4,"pop_max":10438},"geometry":{"type":"Point","coordinates":[17.8832906,-29.666730499999996]}},{"type":"Feature","properties":{"name":"Upington","name_ar":"آبنغتون","name_ascii":"Upington","featurecla":"Populated place","adm0":"South Africa","adm0_a3":"ZAF","scalerank":4,"pop_max":71373},"geometry":{"type":"Point","coordinates":[21.2300114,-28.460034200000003]}},{"type":"Feature","properties":{"name":"Worcester","name_ar":"وورسيستر","name_ascii":"Worcester","featurecla":"Populated place","adm0":"South Africa","adm0_a3":"ZAF","scalerank":4,"pop_max":127597},"geometry":{"type":"Point","coordinates":[19.4399397,-33.6400281]}},{"type":"Feature","properties":{"name":"George","name_ar":"جورج","name_ascii":"George","featurecla":"Populated place","adm0":"South Africa","adm0_a3":"ZAF","scalerank":4,"pop_max":174582},"geometry":{"type":"Point","coordinates":[22.4500402,-33.950035]}},{"type":"Feature","properties":{"name":"Tete","name_ar":"تيتي","name_ascii":"Tete","featurecla":"Admin-1 capital","adm0":"Mozambique","adm0_a3":"MOZ","scalerank":4,"pop_max":129316},"geometry":{"type":"Point","coordinates":[33.5800069,-16.170035]}},{"type":"Feature","properties":{"name":"Pemba","name_ar":"بيمبا","name_ascii":"Pemba","featurecla":"Admin-1 capital","adm0":"Mozambique","adm0_a3":"MOZ","scalerank":4,"pop_max":110643},"geometry":{"type":"Point","coordinates":[40.5323474,-12.983046]}},{"type":"Feature","properties":{"name":"Nampula","name_ar":"نامبولا","name_ascii":"Nampula","featurecla":"Admin-1 capital","adm0":"Mozambique","adm0_a3":"MOZ","scalerank":4,"pop_max":388526},"geometry":{"type":"Point","coordinates":[39.2930432,-15.1360412]}},{"type":"Feature","properties":{"name":"Welkom","name_ar":"ولكوم","name_ascii":"Welkom","featurecla":"Populated place","adm0":"South Africa","adm0_a3":"ZAF","scalerank":4,"pop_max":431944},"geometry":{"type":"Point","coordinates":[26.7299857,-27.9699866]}},{"type":"Feature","properties":{"name":"Xai-Xai","name_ar":"خاي خاي","name_ascii":"Xai-Xai","featurecla":"Admin-1 capital","adm0":"Mozambique","adm0_a3":"MOZ","scalerank":4,"pop_max":128805},"geometry":{"type":"Point","coordinates":[33.6400032,-25.0399845]}},{"type":"Feature","properties":{"name":"Oujda","name_ar":"وجدة","name_ascii":"Oujda","featurecla":"Admin-1 capital","adm0":"Morocco","adm0_a3":"MAR","scalerank":4,"pop_max":409391},"geometry":{"type":"Point","coordinates":[-1.9099716000000002,34.690013]}},{"type":"Feature","properties":{"name":"Safi","name_ar":"آسفي","name_ascii":"Safi","featurecla":"Admin-1 capital","adm0":"Morocco","adm0_a3":"MAR","scalerank":4,"pop_max":353476},"geometry":{"type":"Point","coordinates":[-9.2399893,32.3199768]}},{"type":"Feature","properties":{"name":"Quelimane","name_ar":"كيليماني","name_ascii":"Quelimane","featurecla":"Admin-1 capital","adm0":"Mozambique","adm0_a3":"MOZ","scalerank":4,"pop_max":188964},"geometry":{"type":"Point","coordinates":[36.8899857,-17.8800081]}},{"type":"Feature","properties":{"name":"East London","name_ar":"إيست لندن","name_ascii":"East London","featurecla":"Populated place","adm0":"South Africa","adm0_a3":"ZAF","scalerank":4,"pop_max":338627},"geometry":{"type":"Point","coordinates":[27.8700195,-32.9700431]}},{"type":"Feature","properties":{"name":"Middelburg","name_ar":"بلدية ميدلبيرغ","name_ascii":"Middelburg","featurecla":"Populated place","adm0":"South Africa","adm0_a3":"ZAF","scalerank":4,"pop_max":18164},"geometry":{"type":"Point","coordinates":[25.0099873,-31.5000036]}},{"type":"Feature","properties":{"name":"Maiduguri","name_ar":"ميدغري","name_ascii":"Maiduguri","featurecla":"Admin-1 capital","adm0":"Nigeria","adm0_a3":"NGA","scalerank":4,"pop_max":896000},"geometry":{"type":"Point","coordinates":[13.158067100000002,11.851906]}},{"type":"Feature","properties":{"name":"Port Harcourt","name_ar":"بورت هاركورت","name_ascii":"Port Harcourt","featurecla":"Admin-1 capital","adm0":"Nigeria","adm0_a3":"NGA","scalerank":4,"pop_max":1020000},"geometry":{"type":"Point","coordinates":[7.0080549,4.8119481]}},{"type":"Feature","properties":{"name":"Makurdi","name_ar":"ماكوردي","name_ascii":"Makurdi","featurecla":"Admin-1 capital","adm0":"Nigeria","adm0_a3":"NGA","scalerank":4,"pop_max":292645},"geometry":{"type":"Point","coordinates":[8.5300114,7.7299791]}},{"type":"Feature","properties":{"name":"Ibadan","name_ar":"إبادان","name_ascii":"Ibadan","featurecla":"Admin-1 capital","adm0":"Nigeria","adm0_a3":"NGA","scalerank":4,"pop_max":2628000},"geometry":{"type":"Point","coordinates":[3.9280362000000006,7.3819721000000005]}},{"type":"Feature","properties":{"name":"Ogbomosho","name_ar":"أوغبوموشو","name_ascii":"Ogbomosho","featurecla":"Populated place","adm0":"Nigeria","adm0_a3":"NGA","scalerank":4,"pop_max":951000},"geometry":{"type":"Point","coordinates":[4.2380431,8.1319522]}},{"type":"Feature","properties":{"name":"Warri","name_ar":"واري","name_ascii":"Warri","featurecla":"Populated place","adm0":"Nigeria","adm0_a3":"NGA","scalerank":4,"pop_max":830106},"geometry":{"type":"Point","coordinates":[5.7599996,5.5199589]}},{"type":"Feature","properties":{"name":"Kaduna","name_ar":"كادونا","name_ascii":"Kaduna","featurecla":"Admin-1 capital","adm0":"Nigeria","adm0_a3":"NGA","scalerank":4,"pop_max":1442000},"geometry":{"type":"Point","coordinates":[7.4380545,10.5219613]}},{"type":"Feature","properties":{"name":"Lüderitz","name_ar":"لودريتز","name_ascii":"Luderitz","featurecla":"Admin-1 capital","adm0":"Namibia","adm0_a3":"NAM","scalerank":4,"pop_max":15137},"geometry":{"type":"Point","coordinates":[15.159425800000001,-26.6480001]}},{"type":"Feature","properties":{"name":"Walvis Bay","name_ar":"ولفس بي","name_ascii":"Walvis Bay","featurecla":"Populated place","adm0":"Namibia","adm0_a3":"NAM","scalerank":4,"pop_max":52058},"geometry":{"type":"Point","coordinates":[14.5053055,-22.9575277]}},{"type":"Feature","properties":{"name":"Mwanza","name_ar":"موانزا","name_ascii":"Mwanza","featurecla":"Admin-1 capital","adm0":"Tanzania","adm0_a3":"TZA","scalerank":4,"pop_max":493944},"geometry":{"type":"Point","coordinates":[32.9300207,-2.5200154]}},{"type":"Feature","properties":{"name":"Morogoro","name_ar":"موروغورو","name_ascii":"Morogoro","featurecla":"Admin-1 capital","adm0":"Tanzania","adm0_a3":"TZA","scalerank":4,"pop_max":250902},"geometry":{"type":"Point","coordinates":[37.6600162,-6.8200114]}},{"type":"Feature","properties":{"name":"Dodoma","name_ar":"دودوما","name_ascii":"Dodoma","featurecla":"Admin-0 capital alt","adm0":"Tanzania","adm0_a3":"TZA","scalerank":4,"pop_max":218269},"geometry":{"type":"Point","coordinates":[35.7500036,-6.1833061]}},{"type":"Feature","properties":{"name":"Arusha","name_ar":"أروشا","name_ascii":"Arusha","featurecla":"Admin-1 capital","adm0":"Tanzania","adm0_a3":"TZA","scalerank":4,"pop_max":341136},"geometry":{"type":"Point","coordinates":[36.6699991,-3.3600158]}},{"type":"Feature","properties":{"name":"Laayoune","name_ar":"العيون","name_ascii":"Laayoune","featurecla":"Admin-0 capital alt","adm0":"Morocco","adm0_a3":"MAR","scalerank":4,"pop_max":188084},"geometry":{"type":"Point","coordinates":[-13.2000059,27.1499823]}},{"type":"Feature","properties":{"name":"Meru","name_ar":"ميرو","name_ascii":"Meru","featurecla":"Populated place","adm0":"Kenya","adm0_a3":"KEN","scalerank":4,"pop_max":47226},"geometry":{"type":"Point","coordinates":[37.6400175,0.059982100000000003]}},{"type":"Feature","properties":{"name":"Eldoret","name_ar":"إلدوريت","name_ascii":"Eldoret","featurecla":"Populated place","adm0":"Kenya","adm0_a3":"KEN","scalerank":4,"pop_max":353381},"geometry":{"type":"Point","coordinates":[35.2699812,0.5200057]}},{"type":"Feature","properties":{"name":"Antsiranana","name_ar":"أنتسيرانانا","name_ascii":"Antsiranana","featurecla":"Admin-1 capital","adm0":"Madagascar","adm0_a3":"MDG","scalerank":4,"pop_max":82937},"geometry":{"type":"Point","coordinates":[49.3115261,-12.2765015]}},{"type":"Feature","properties":{"name":"Fianarantsoa","name_ar":"فيانارانتسوا","name_ascii":"Fianarantsoa","featurecla":"Admin-1 capital","adm0":"Madagascar","adm0_a3":"MDG","scalerank":4,"pop_max":184184},"geometry":{"type":"Point","coordinates":[47.0832653,-21.4333313]}},{"type":"Feature","properties":{"name":"Mahajanga","name_ar":"ماهاجانجا","name_ascii":"Mahajanga","featurecla":"Admin-1 capital","adm0":"Madagascar","adm0_a3":"MDG","scalerank":4,"pop_max":154657},"geometry":{"type":"Point","coordinates":[46.3450158,-15.670013800000001]}},{"type":"Feature","properties":{"name":"Toliara","name_ar":"توليارا","name_ascii":"Toliara","featurecla":"Admin-1 capital","adm0":"Madagascar","adm0_a3":"MDG","scalerank":4,"pop_max":115319},"geometry":{"type":"Point","coordinates":[43.6899841,-23.3568314]}},{"type":"Feature","properties":{"name":"Mbandaka","name_ar":"مبانداكا","name_ascii":"Mbandaka","featurecla":"Admin-1 capital","adm0":"Congo (Kinshasa)","adm0_a3":"COD","scalerank":4,"pop_max":274996},"geometry":{"type":"Point","coordinates":[18.2600118,0.040035]}},{"type":"Feature","properties":{"name":"Moundou","name_ar":"موندو","name_ascii":"Moundou","featurecla":"Admin-1 capital","adm0":"Chad","adm0_a3":"TCD","scalerank":4,"pop_max":156705},"geometry":{"type":"Point","coordinates":[16.090015,8.5499807]}},{"type":"Feature","properties":{"name":"Suez","name_ar":"السويس","name_ascii":"Suez","featurecla":"Populated place","adm0":"Egypt","adm0_a3":"EGY","scalerank":4,"pop_max":508335},"geometry":{"type":"Point","coordinates":[32.5499406,30.004976]}},{"type":"Feature","properties":{"name":"Bur Said","name_ar":"بورسعيد","name_ascii":"Bur Said","featurecla":"Admin-1 capital","adm0":"Egypt","adm0_a3":"EGY","scalerank":4,"pop_max":623864},"geometry":{"type":"Point","coordinates":[32.2900081,31.2599898]}},{"type":"Feature","properties":{"name":"El Faiyum","name_ar":"الفيوم","name_ascii":"El Faiyum","featurecla":"Admin-1 capital","adm0":"Egypt","adm0_a3":"EGY","scalerank":4,"pop_max":316772},"geometry":{"type":"Point","coordinates":[30.8399674,29.310031400000003]}},{"type":"Feature","properties":{"name":"Aswan","name_ar":"أسوان","name_ascii":"Aswan","featurecla":"Admin-1 capital","adm0":"Egypt","adm0_a3":"EGY","scalerank":4,"pop_max":313442},"geometry":{"type":"Point","coordinates":[32.8989115,24.0875078]}},{"type":"Feature","properties":{"name":"Asyut","name_ar":"أسيوط","name_ascii":"Asyut","featurecla":"Admin-1 capital","adm0":"Egypt","adm0_a3":"EGY","scalerank":4,"pop_max":420585},"geometry":{"type":"Point","coordinates":[31.179946700000002,27.1899799]}},{"type":"Feature","properties":{"name":"Kisangani","name_ar":"كيسانغاني","name_ascii":"Kisangani","featurecla":"Admin-1 capital","adm0":"Congo (Kinshasa)","adm0_a3":"COD","scalerank":4,"pop_max":578470},"geometry":{"type":"Point","coordinates":[25.2200004,0.5200057]}},{"type":"Feature","properties":{"name":"Assab","name_ar":"عصب","name_ascii":"Assab","featurecla":"Admin-1 capital","adm0":"Eritrea","adm0_a3":"ERI","scalerank":4,"pop_max":105496},"geometry":{"type":"Point","coordinates":[42.729991,13.010018500000001]}},{"type":"Feature","properties":{"name":"Djibouti","name_ar":"جيبوتي","name_ascii":"Djibouti","featurecla":"Admin-0 capital","adm0":"Djibouti","adm0_a3":"DJI","scalerank":4,"pop_max":923000},"geometry":{"type":"Point","coordinates":[43.1480017,11.5950145]}},{"type":"Feature","properties":{"name":"Bandundu","name_ar":"باندوندو","name_ascii":"Bandundu","featurecla":"Admin-1 capital","adm0":"Congo (Kinshasa)","adm0_a3":"COD","scalerank":4,"pop_max":118211},"geometry":{"type":"Point","coordinates":[17.3799621,-3.3099931000000002]}},{"type":"Feature","properties":{"name":"Kananga","name_ar":"كانانغا","name_ascii":"Kananga","featurecla":"Admin-1 capital","adm0":"Congo (Kinshasa)","adm0_a3":"COD","scalerank":4,"pop_max":765000},"geometry":{"type":"Point","coordinates":[22.3980716,-5.8880964]}},{"type":"Feature","properties":{"name":"Kasongo","name_ar":"كاسونغو","name_ascii":"Kasongo","featurecla":"Populated place","adm0":"Congo (Kinshasa)","adm0_a3":"COD","scalerank":4,"pop_max":63000},"geometry":{"type":"Point","coordinates":[26.6600158,-4.4500268]}},{"type":"Feature","properties":{"name":"Mbuji-Mayi","name_ar":"مبوجي-مايي","name_ascii":"Mbuji-Mayi","featurecla":"Admin-1 capital","adm0":"Congo (Kinshasa)","adm0_a3":"COD","scalerank":4,"pop_max":1295000},"geometry":{"type":"Point","coordinates":[23.59805,-6.1480806]}},{"type":"Feature","properties":{"name":"Kalemie","name_ar":"كاليمي","name_ascii":"Kalemie","featurecla":"Populated place","adm0":"Congo (Kinshasa)","adm0_a3":"COD","scalerank":4,"pop_max":206257},"geometry":{"type":"Point","coordinates":[29.2000158,-5.9332955]}},{"type":"Feature","properties":{"name":"Butembo","name_ar":"بوتمبو","name_ascii":"Butembo","featurecla":"Populated place","adm0":"Congo (Kinshasa)","adm0_a3":"COD","scalerank":4,"pop_max":286403},"geometry":{"type":"Point","coordinates":[29.2800109,0.1300037]}},{"type":"Feature","properties":{"name":"Goma","name_ar":"غوما","name_ascii":"Goma","featurecla":"Admin-1 capital","adm0":"Congo (Kinshasa)","adm0_a3":"COD","scalerank":4,"pop_max":144124},"geometry":{"type":"Point","coordinates":[29.221786799999997,-1.6787991000000002]}},{"type":"Feature","properties":{"name":"Mzuzu","name_ar":"مزوزو","name_ascii":"Mzuzu","featurecla":"Admin-1 region capital","adm0":"Malawi","adm0_a3":"MWI","scalerank":4,"pop_max":110201},"geometry":{"type":"Point","coordinates":[34.01998,-11.4599866]}},{"type":"Feature","properties":{"name":"Blantyre","name_ar":"بلانتاير","name_ascii":"Blantyre","featurecla":"Admin-1 region capital","adm0":"Malawi","adm0_a3":"MWI","scalerank":4,"pop_max":584877},"geometry":{"type":"Point","coordinates":[34.9899467,-15.7900065]}},{"type":"Feature","properties":{"name":"Banjul","name_ar":"بانجول","name_ascii":"Banjul","featurecla":"Admin-0 capital","adm0":"The Gambia","adm0_a3":"GMB","scalerank":4,"pop_max":43094},"geometry":{"type":"Point","coordinates":[-16.5917015,13.4538765]}},{"type":"Feature","properties":{"name":"Kayes","name_ar":"كايس","name_ascii":"Kayes","featurecla":"Populated place","adm0":"Congo (Brazzaville)","adm0_a3":"COG","scalerank":4,"pop_max":62521},"geometry":{"type":"Point","coordinates":[13.2800057,-4.1800175]}},{"type":"Feature","properties":{"name":"Franceville","name_ar":"فرانسفيل","name_ascii":"Franceville","featurecla":"Admin-1 capital","adm0":"Gabon","adm0_a3":"GAB","scalerank":4,"pop_max":42967},"geometry":{"type":"Point","coordinates":[13.583294600000002,-1.6332995]}},{"type":"Feature","properties":{"name":"Gao","name_ar":"جاو","name_ascii":"Gao","featurecla":"Admin-1 capital","adm0":"Mali","adm0_a3":"MLI","scalerank":4,"pop_max":116967},"geometry":{"type":"Point","coordinates":[-0.0500076,16.2665898]}},{"type":"Feature","properties":{"name":"Nouadhibou","name_ar":"نواذيبو","name_ascii":"Nouadhibou","featurecla":"Admin-1 capital","adm0":"Mauritania","adm0_a3":"MRT","scalerank":4,"pop_max":86738},"geometry":{"type":"Point","coordinates":[-17.0560238,20.9000021]}},{"type":"Feature","properties":{"name":"Kayes","name_ar":"كايس","name_ascii":"Kayes","featurecla":"Admin-1 capital","adm0":"Mali","adm0_a3":"MLI","scalerank":4,"pop_max":77207},"geometry":{"type":"Point","coordinates":[-11.44001,14.4499823]}},{"type":"Feature","properties":{"name":"Ayoun el Atrous","name_ar":"العيون","name_ascii":"Ayoun el Atrous","featurecla":"Admin-1 capital","adm0":"Mauritania","adm0_a3":"MRT","scalerank":4,"pop_max":1423},"geometry":{"type":"Point","coordinates":[-9.6166588,16.6665912]}},{"type":"Feature","properties":{"name":"Ségou","name_ar":"سيغو","name_ascii":"Segou","featurecla":"Admin-1 capital","adm0":"Mali","adm0_a3":"MLI","scalerank":4,"pop_max":122952},"geometry":{"type":"Point","coordinates":[-6.2600161000000005,13.4399923]}},{"type":"Feature","properties":{"name":"Al Jawf","name_ar":"الكفرة","name_ascii":"Al Jawf","featurecla":"Populated place","adm0":"Libya","adm0_a3":"LBY","scalerank":4,"pop_max":24132},"geometry":{"type":"Point","coordinates":[23.289989,24.1999815]}},{"type":"Feature","properties":{"name":"Tmassa","name_ar":"تمسة","name_ascii":"Tmassah","featurecla":"Populated place","adm0":"Libya","adm0_a3":"LBY","scalerank":4,"pop_max":500},"geometry":{"type":"Point","coordinates":[15.800006900000001,26.3666451]}},{"type":"Feature","properties":{"name":"Misrata","name_ar":"مصراتة","name_ascii":"Misratah","featurecla":"Admin-1 capital","adm0":"Libya","adm0_a3":"LBY","scalerank":4,"pop_max":386120},"geometry":{"type":"Point","coordinates":[15.0999979,32.3799732]}},{"type":"Feature","properties":{"name":"Zuwara","name_ar":"زوارة","name_ascii":"Zuwarah","featurecla":"Populated place","adm0":"Libya","adm0_a3":"LBY","scalerank":4,"pop_max":180310},"geometry":{"type":"Point","coordinates":[12.0791487,32.9344096]}},{"type":"Feature","properties":{"name":"Bahir Dar","name_ar":"بحر دار","name_ascii":"Bahir Dar","featurecla":"Populated place","adm0":"Ethiopia","adm0_a3":"ETH","scalerank":4,"pop_max":206748},"geometry":{"type":"Point","coordinates":[37.3832889,11.600052900000001]}},{"type":"Feature","properties":{"name":"Mekele","name_ar":"ميكيلي","name_ascii":"Mekele","featurecla":"Admin-1 capital","adm0":"Ethiopia","adm0_a3":"ETH","scalerank":4,"pop_max":95856},"geometry":{"type":"Point","coordinates":[39.4699833,13.4999886]}},{"type":"Feature","properties":{"name":"Dire Dawa","name_ar":"ديرة داوا","name_ascii":"Dire Dawa","featurecla":"Populated place","adm0":"Ethiopia","adm0_a3":"ETH","scalerank":4,"pop_max":252279},"geometry":{"type":"Point","coordinates":[41.8600183,9.5899947]}},{"type":"Feature","properties":{"name":"Pointe-Noire","name_ar":"بوانت-نوار","name_ascii":"Pointe-Noire","featurecla":"Admin-1 capital","adm0":"Congo (Brazzaville)","adm0_a3":"COG","scalerank":4,"pop_max":659084},"geometry":{"type":"Point","coordinates":[11.8800394,-4.7700073]}},{"type":"Feature","properties":{"name":"Kankan","name_ar":"كانكان","name_ascii":"Kankan","featurecla":"Admin-1 capital","adm0":"Guinea","adm0_a3":"GIN","scalerank":4,"pop_max":114009},"geometry":{"type":"Point","coordinates":[-9.3100108,10.389997600000001]}},{"type":"Feature","properties":{"name":"Nzérékoré","name_ar":"نزيريكوري","name_ascii":"Nzerekore","featurecla":"Admin-1 capital","adm0":"Guinea","adm0_a3":"GIN","scalerank":4,"pop_max":168121},"geometry":{"type":"Point","coordinates":[-8.8299884,7.7600031]}},{"type":"Feature","properties":{"name":"Bouaké","name_ar":"بواكي","name_ascii":"Bouake","featurecla":"Admin-1 capital","adm0":"Ivory Coast","adm0_a3":"CIV","scalerank":4,"pop_max":567481},"geometry":{"type":"Point","coordinates":[-5.0300137,7.6899815]}},{"type":"Feature","properties":{"name":"Ebolowa","name_ar":"ايبولوا","name_ascii":"Ebolowa","featurecla":"Admin-1 capital","adm0":"Cameroon","adm0_a3":"CMR","scalerank":4,"pop_max":87875},"geometry":{"type":"Point","coordinates":[11.1500065,2.9000155]}},{"type":"Feature","properties":{"name":"Bambari","name_ar":"بامباري","name_ascii":"Bambari","featurecla":"Admin-1 capital","adm0":"Central African Republic","adm0_a3":"CAF","scalerank":4,"pop_max":62098},"geometry":{"type":"Point","coordinates":[20.6672033,5.7619597]}},{"type":"Feature","properties":{"name":"Bamenda","name_ar":"بامندا","name_ascii":"Bamenda","featurecla":"Admin-1 capital","adm0":"Cameroon","adm0_a3":"CMR","scalerank":4,"pop_max":445299},"geometry":{"type":"Point","coordinates":[10.1500158,5.9599837]}},{"type":"Feature","properties":{"name":"Garoua","name_ar":"غاروا","name_ascii":"Garoua","featurecla":"Admin-1 capital","adm0":"Cameroon","adm0_a3":"CMR","scalerank":4,"pop_max":436899},"geometry":{"type":"Point","coordinates":[13.390024800000003,9.3000124]}},{"type":"Feature","properties":{"name":"Malanje","name_ar":"مالانج","name_ascii":"Malanje","featurecla":"Admin-1 capital","adm0":"Angola","adm0_a3":"AGO","scalerank":4,"pop_max":125856},"geometry":{"type":"Point","coordinates":[16.3400256,-9.5400004]}},{"type":"Feature","properties":{"name":"Benguela","name_ar":"بنغيلا","name_ascii":"Benguela","featurecla":"Admin-1 capital","adm0":"Angola","adm0_a3":"AGO","scalerank":4,"pop_max":151226},"geometry":{"type":"Point","coordinates":[13.407233,-12.5782645]}},{"type":"Feature","properties":{"name":"Lubango","name_ar":"لوبانغو","name_ascii":"Lubango","featurecla":"Admin-1 capital","adm0":"Angola","adm0_a3":"AGO","scalerank":4,"pop_max":125632},"geometry":{"type":"Point","coordinates":[13.4900187,-14.9100085]}},{"type":"Feature","properties":{"name":"Moçâmedes","name_ar":"ناميبي","name_ascii":"Namibe","featurecla":"Admin-1 capital","adm0":"Angola","adm0_a3":"AGO","scalerank":4,"pop_max":132900},"geometry":{"type":"Point","coordinates":[12.1600223,-15.190043100000002]}},{"type":"Feature","properties":{"name":"Annaba","name_ar":"عنابة","name_ascii":"Annaba","featurecla":"Admin-1 capital","adm0":"Algeria","adm0_a3":"DZA","scalerank":4,"pop_max":503524},"geometry":{"type":"Point","coordinates":[7.7599808,36.9200061]}},{"type":"Feature","properties":{"name":"Parakou","name_ar":"باراكو","name_ascii":"Parakou","featurecla":"Admin-1 capital","adm0":"Benin","adm0_a3":"BEN","scalerank":4,"pop_max":188853},"geometry":{"type":"Point","coordinates":[2.6200362,9.34001]}},{"type":"Feature","properties":{"name":"Porto-Novo","name_ar":"بورتو نوفو","name_ascii":"Porto-Novo","featurecla":"Admin-0 capital alt","adm0":"Benin","adm0_a3":"BEN","scalerank":4,"pop_max":300000},"geometry":{"type":"Point","coordinates":[2.6166255,6.483311]}},{"type":"Feature","properties":{"name":"Constantine","name_ar":"قسنطينة","name_ascii":"Constantine","featurecla":"Admin-1 capital","adm0":"Algeria","adm0_a3":"DZA","scalerank":4,"pop_max":605179},"geometry":{"type":"Point","coordinates":[6.599948300000001,36.3599886]}},{"type":"Feature","properties":{"name":"Francistown","name_ar":"فرانسيس","name_ascii":"Francistown","featurecla":"Admin-1 capital","adm0":"Botswana","adm0_a3":"BWA","scalerank":4,"pop_max":89979},"geometry":{"type":"Point","coordinates":[27.5000162,-21.1700399]}},{"type":"Feature","properties":{"name":"Mahalapye","name_ar":"ماهالابي","name_ascii":"Mahalapye","featurecla":"Populated place","adm0":"Botswana","adm0_a3":"BWA","scalerank":4,"pop_max":50744},"geometry":{"type":"Point","coordinates":[26.8200061,-23.0999996]}},{"type":"Feature","properties":{"name":"Serowe","name_ar":"سيرووي","name_ascii":"Serowe","featurecla":"Admin-1 capital","adm0":"Botswana","adm0_a3":"BWA","scalerank":4,"pop_max":48573},"geometry":{"type":"Point","coordinates":[26.710038600000004,-22.3900171]}},{"type":"Feature","properties":{"name":"Bobo Dioulasso","name_ar":"بوبوديولاسو","name_ascii":"Bobo Dioulasso","featurecla":"Admin-1 capital","adm0":"Burkina Faso","adm0_a3":"BFA","scalerank":4,"pop_max":360106},"geometry":{"type":"Point","coordinates":[-4.2899813,11.1799752]}},{"type":"Feature","properties":{"name":"Bujumbura","name_ar":"بوجومبورا","name_ascii":"Bujumbura","featurecla":"Admin-0 capital","adm0":"Burundi","adm0_a3":"BDI","scalerank":4,"pop_max":331700},"geometry":{"type":"Point","coordinates":[29.360006100000003,-3.3760872]}},{"type":"Feature","properties":{"name":"Port Louis","name_ar":"بورت لويس","name_ascii":"Port Louis","featurecla":"Admin-0 capital","adm0":"Mauritius","adm0_a3":"MUS","scalerank":4,"pop_max":595491},"geometry":{"type":"Point","coordinates":[57.4999939,-20.1666386]}},{"type":"Feature","properties":{"name":"Lomé","name_ar":"لومي","name_ascii":"Lome","featurecla":"Admin-0 capital","adm0":"Togo","adm0_a3":"TGO","scalerank":3,"pop_max":1452000},"geometry":{"type":"Point","coordinates":[1.2208113,6.133882900000001]}},{"type":"Feature","properties":{"name":"Tunis","name_ar":"تونس العاصمة","name_ascii":"Tunis","featurecla":"Admin-0 capital","adm0":"Tunisia","adm0_a3":"TUN","scalerank":3,"pop_max":2412500},"geometry":{"type":"Point","coordinates":[10.1796781,36.8027781]}},{"type":"Feature","properties":{"name":"Lusaka","name_ar":"لوساكا","name_ascii":"Lusaka","featurecla":"Admin-0 capital","adm0":"Zambia","adm0_a3":"ZMB","scalerank":3,"pop_max":1328000},"geometry":{"type":"Point","coordinates":[28.2813817,-15.4146984]}},{"type":"Feature","properties":{"name":"Harare","name_ar":"هراري","name_ascii":"Harare","featurecla":"Admin-0 capital","adm0":"Zimbabwe","adm0_a3":"ZWE","scalerank":3,"pop_max":1572000},"geometry":{"type":"Point","coordinates":[31.0427636,-17.8158438]}},{"type":"Feature","properties":{"name":"Bulawayo","name_ar":"بولاوايو","name_ascii":"Bulawayo","featurecla":"Admin-1 capital","adm0":"Zimbabwe","adm0_a3":"ZWE","scalerank":3,"pop_max":699385},"geometry":{"type":"Point","coordinates":[28.580002,-20.1699975]}},{"type":"Feature","properties":{"name":"Kampala","name_ar":"كامبالا","name_ascii":"Kampala","featurecla":"Admin-0 capital","adm0":"Uganda","adm0_a3":"UGA","scalerank":3,"pop_max":1420000},"geometry":{"type":"Point","coordinates":[32.5813777,0.3186048]}},{"type":"Feature","properties":{"name":"Zinder","name_ar":"زندر","name_ascii":"Zinder","featurecla":"Admin-1 capital","adm0":"Niger","adm0_a3":"NER","scalerank":3,"pop_max":230358},"geometry":{"type":"Point","coordinates":[8.983317,13.7999962]}},{"type":"Feature","properties":{"name":"Niamey","name_ar":"نيامي","name_ascii":"Niamey","featurecla":"Admin-0 capital","adm0":"Niger","adm0_a3":"NER","scalerank":3,"pop_max":915000},"geometry":{"type":"Point","coordinates":[2.1147102000000007,13.5186518]}},{"type":"Feature","properties":{"name":"Port Sudan","name_ar":"بورتسودان","name_ascii":"Port Sudan","featurecla":"Admin-1 capital","adm0":"Sudan","adm0_a3":"SDN","scalerank":3,"pop_max":489725},"geometry":{"type":"Point","coordinates":[37.2164257,19.615791]}},{"type":"Feature","properties":{"name":"Freetown","name_ar":"فريتاون","name_ascii":"Freetown","featurecla":"Admin-0 capital","adm0":"Sierra Leone","adm0_a3":"SLE","scalerank":3,"pop_max":827000},"geometry":{"type":"Point","coordinates":[-13.2361616,8.4719573]}},{"type":"Feature","properties":{"name":"Agadez","name_ar":"أغاديس","name_ascii":"Agadez","featurecla":"Admin-1 capital","adm0":"Niger","adm0_a3":"NER","scalerank":3,"pop_max":117770},"geometry":{"type":"Point","coordinates":[7.9828095999999995,16.9958734]}},{"type":"Feature","properties":{"name":"Nyala","name_ar":"نيالا","name_ascii":"Niyala","featurecla":"Admin-1 capital","adm0":"Sudan","adm0_a3":"SDN","scalerank":3,"pop_max":392373},"geometry":{"type":"Point","coordinates":[24.8899947,12.0599732]}},{"type":"Feature","properties":{"name":"Wau","name_ar":"واو","name_ascii":"Wau","featurecla":"Admin-1 region capital","adm0":"South Sudan","adm0_a3":"SSD","scalerank":3,"pop_max":127384},"geometry":{"type":"Point","coordinates":[27.9899605,7.6999809]}},{"type":"Feature","properties":{"name":"Dongola","name_ar":"كرمة البلد","name_ascii":"Dongola","featurecla":"Admin-1 region capital","adm0":"Sudan","adm0_a3":"SDN","scalerank":3,"pop_max":26404},"geometry":{"type":"Point","coordinates":[30.483296700000004,19.1665936]}},{"type":"Feature","properties":{"name":"Kassala","name_ar":"كسلا","name_ascii":"Kassala","featurecla":"Admin-1 capital","adm0":"Sudan","adm0_a3":"SDN","scalerank":3,"pop_max":401477},"geometry":{"type":"Point","coordinates":[36.3900162,15.4599724]}},{"type":"Feature","properties":{"name":"Nacala","name_ar":"نكالا","name_ascii":"Nacala","featurecla":"Populated place","adm0":"Mozambique","adm0_a3":"MOZ","scalerank":3,"pop_max":224795},"geometry":{"type":"Point","coordinates":[40.7150236,-14.5186112]}},{"type":"Feature","properties":{"name":"Bloemfontein","name_ar":"بلومفونتين","name_ascii":"Bloemfontein","featurecla":"Admin-0 capital","adm0":"South Africa","adm0_a3":"ZAF","scalerank":3,"pop_max":463064},"geometry":{"type":"Point","coordinates":[26.2299129,-29.1199939]}},{"type":"Feature","properties":{"name":"Pretoria","name_ar":"بريتوريا","name_ascii":"Pretoria","featurecla":"Admin-0 capital","adm0":"South Africa","adm0_a3":"ZAF","scalerank":3,"pop_max":1338000},"geometry":{"type":"Point","coordinates":[28.2274832,-25.7049747]}},{"type":"Feature","properties":{"name":"Fez","name_ar":"فاس","name_ascii":"Fez","featurecla":"Admin-1 capital","adm0":"Morocco","adm0_a3":"MAR","scalerank":3,"pop_max":1002000},"geometry":{"type":"Point","coordinates":[-5.0023231,34.0565455]}},{"type":"Feature","properties":{"name":"Rabat","name_ar":"الرباط","name_ascii":"Rabat","featurecla":"Admin-0 capital","adm0":"Morocco","adm0_a3":"MAR","scalerank":3,"pop_max":1705000},"geometry":{"type":"Point","coordinates":[-6.8364082,34.0253073]}},{"type":"Feature","properties":{"name":"Marrakesh","name_ar":"مراكش","name_ascii":"Marrakesh","featurecla":"Admin-1 capital","adm0":"Morocco","adm0_a3":"MAR","scalerank":3,"pop_max":872000},"geometry":{"type":"Point","coordinates":[-8.0019333,31.631939]}},{"type":"Feature","properties":{"name":"Beira","name_ar":"بيرا","name_ascii":"Beira","featurecla":"Admin-1 capital","adm0":"Mozambique","adm0_a3":"MOZ","scalerank":3,"pop_max":530604},"geometry":{"type":"Point","coordinates":[34.8700057,-19.8200447]}},{"type":"Feature","properties":{"name":"Port Elizabeth","name_ar":"بورت إليزابيث","name_ascii":"Port Elizabeth","featurecla":"Populated place","adm0":"South Africa","adm0_a3":"ZAF","scalerank":3,"pop_max":1021000},"geometry":{"type":"Point","coordinates":[25.598083,-33.9680879]}},{"type":"Feature","properties":{"name":"Maputo","name_ar":"مابوتو","name_ascii":"Maputo","featurecla":"Admin-0 capital","adm0":"Mozambique","adm0_a3":"MOZ","scalerank":3,"pop_max":1446000},"geometry":{"type":"Point","coordinates":[32.5872171,-25.9533316]}},{"type":"Feature","properties":{"name":"Mogadishu","name_ar":"مقديشو","name_ascii":"Mogadishu","featurecla":"Admin-0 capital","adm0":"Somalia","adm0_a3":"SOM","scalerank":3,"pop_max":1100000},"geometry":{"type":"Point","coordinates":[45.3647318,2.0686272]}},{"type":"Feature","properties":{"name":"Enugu","name_ar":"إنوغو","name_ascii":"Enugu","featurecla":"Admin-1 capital","adm0":"Nigeria","adm0_a3":"NGA","scalerank":3,"pop_max":688862},"geometry":{"type":"Point","coordinates":[7.4999967000000005,6.4500314]}},{"type":"Feature","properties":{"name":"Sokoto","name_ar":"ولاية سقطو","name_ascii":"Sokoto","featurecla":"Admin-1 capital","adm0":"Nigeria","adm0_a3":"NGA","scalerank":3,"pop_max":732178},"geometry":{"type":"Point","coordinates":[5.2400313,13.0600155]}},{"type":"Feature","properties":{"name":"Mbeya","name_ar":"مبيا","name_ascii":"Mbeya","featurecla":"Admin-1 capital","adm0":"Tanzania","adm0_a3":"TZA","scalerank":3,"pop_max":291649},"geometry":{"type":"Point","coordinates":[33.4300419,-8.8900142]}},{"type":"Feature","properties":{"name":"Windhoek","name_ar":"ويندهوك","name_ascii":"Windhoek","featurecla":"Admin-0 capital","adm0":"Namibia","adm0_a3":"NAM","scalerank":3,"pop_max":268132},"geometry":{"type":"Point","coordinates":[17.0835461,-22.5700061]}},{"type":"Feature","properties":{"name":"Grootfontein","name_ar":"غرووتفونتين","name_ascii":"Grootfontein","featurecla":"Populated place","adm0":"Namibia","adm0_a3":"NAM","scalerank":3,"pop_max":24099},"geometry":{"type":"Point","coordinates":[18.116558,-19.5666235]}},{"type":"Feature","properties":{"name":"Zanzibar","name_ar":"مدينة زنجبار","name_ascii":"Zanzibar","featurecla":"Admin-1 capital","adm0":"Tanzania","adm0_a3":"TZA","scalerank":3,"pop_max":403658},"geometry":{"type":"Point","coordinates":[39.2000256,-6.16]}},{"type":"Feature","properties":{"name":"Abuja","name_ar":"أبوجا","name_ascii":"Abuja","featurecla":"Admin-0 capital","adm0":"Nigeria","adm0_a3":"NGA","scalerank":3,"pop_max":1576000},"geometry":{"type":"Point","coordinates":[7.489505042885862,9.054620406360845]}},{"type":"Feature","properties":{"name":"Bissau","name_ar":"بيساو","name_ascii":"Bissau","featurecla":"Admin-0 capital","adm0":"Guinea Bissau","adm0_a3":"GNB","scalerank":3,"pop_max":403339},"geometry":{"type":"Point","coordinates":[-15.598360799999998,11.8650238]}},{"type":"Feature","properties":{"name":"Mombasa","name_ar":"مومباسا","name_ascii":"Mombasa","featurecla":"Admin-1 capital","adm0":"Kenya","adm0_a3":"KEN","scalerank":3,"pop_max":882000},"geometry":{"type":"Point","coordinates":[39.6879723,-4.0380802]}},{"type":"Feature","properties":{"name":"Maseru","name_ar":"ماسيرو","name_ascii":"Maseru","featurecla":"Admin-0 capital","adm0":"Lesotho","adm0_a3":"LSO","scalerank":3,"pop_max":361324},"geometry":{"type":"Point","coordinates":[27.4832731,-29.316674400000004]}},{"type":"Feature","properties":{"name":"Antananarivo","name_ar":"أنتاناناريفو","name_ascii":"Antananarivo","featurecla":"Admin-0 capital","adm0":"Madagascar","adm0_a3":"MDG","scalerank":3,"pop_max":1697000},"geometry":{"type":"Point","coordinates":[47.514678,-18.914691500000004]}},{"type":"Feature","properties":{"name":"Bumba","name_ar":"بومبا","name_ascii":"Bumba","featurecla":"Populated place","adm0":"Congo (Kinshasa)","adm0_a3":"COD","scalerank":3,"pop_max":160539},"geometry":{"type":"Point","coordinates":[22.4599621,2.1899813]}},{"type":"Feature","properties":{"name":"N'Djamena","name_ar":"انجمينا","name_ascii":"Ndjamena","featurecla":"Admin-0 capital","adm0":"Chad","adm0_a3":"TCD","scalerank":3,"pop_max":989000},"geometry":{"type":"Point","coordinates":[15.0472025,12.1150424]}},{"type":"Feature","properties":{"name":"Abéché","name_ar":"أبشي","name_ascii":"Abeche","featurecla":"Admin-1 capital","adm0":"Chad","adm0_a3":"TCD","scalerank":3,"pop_max":158317},"geometry":{"type":"Point","coordinates":[20.8299841,13.8399937]}},{"type":"Feature","properties":{"name":"Malabo","name_ar":"مالابو","name_ascii":"Malabo","featurecla":"Admin-0 capital","adm0":"Equatorial Guinea","adm0_a3":"GNQ","scalerank":3,"pop_max":155963},"geometry":{"type":"Point","coordinates":[8.7832775,3.7500153000000003]}},{"type":"Feature","properties":{"name":"Luxor","name_ar":"الأقصر","name_ascii":"Luxor","featurecla":"Populated place","adm0":"Egypt","adm0_a3":"EGY","scalerank":3,"pop_max":609248},"geometry":{"type":"Point","coordinates":[32.6500378,25.7000191]}},{"type":"Feature","properties":{"name":"Asmara","name_ar":"أسمرة","name_ascii":"Asmara","featurecla":"Admin-0 capital","adm0":"Eritrea","adm0_a3":"ERI","scalerank":3,"pop_max":620802},"geometry":{"type":"Point","coordinates":[38.9333235,15.3333393]}},{"type":"Feature","properties":{"name":"Kikwit","name_ar":"كيكويت","name_ascii":"Kikwit","featurecla":"Populated place","adm0":"Congo (Kinshasa)","adm0_a3":"COD","scalerank":3,"pop_max":637736},"geometry":{"type":"Point","coordinates":[18.8500016,-5.0300431]}},{"type":"Feature","properties":{"name":"Matadi","name_ar":"ماتادي","name_ascii":"Matadi","featurecla":"Admin-1 capital","adm0":"Congo (Kinshasa)","adm0_a3":"COD","scalerank":3,"pop_max":245862},"geometry":{"type":"Point","coordinates":[13.4500211,-5.8166101]}},{"type":"Feature","properties":{"name":"Kolwezi","name_ar":"كولويزي","name_ascii":"Kolwezi","featurecla":"Admin-1 capital","adm0":"Congo (Kinshasa)","adm0_a3":"COD","scalerank":3,"pop_max":418000},"geometry":{"type":"Point","coordinates":[25.472439700000002,-10.7167244]}},{"type":"Feature","properties":{"name":"Lubumbashi","name_ar":"لوبومباشي","name_ascii":"Lubumbashi","featurecla":"Admin-1 capital","adm0":"Congo (Kinshasa)","adm0_a3":"COD","scalerank":3,"pop_max":1352000},"geometry":{"type":"Point","coordinates":[27.4780716,-11.6780789]}},{"type":"Feature","properties":{"name":"Lilongwe","name_ar":"ليلونغوي","name_ascii":"Lilongwe","featurecla":"Admin-0 capital","adm0":"Malawi","adm0_a3":"MWI","scalerank":3,"pop_max":646750},"geometry":{"type":"Point","coordinates":[33.783302,-13.9832951]}},{"type":"Feature","properties":{"name":"Libreville","name_ar":"ليبرفيل","name_ascii":"Libreville","featurecla":"Admin-0 capital","adm0":"Gabon","adm0_a3":"GAB","scalerank":3,"pop_max":578156},"geometry":{"type":"Point","coordinates":[9.457965,0.3853886]}},{"type":"Feature","properties":{"name":"Port-Gentil","name_ar":"بورت جنتيل","name_ascii":"Port-Gentil","featurecla":"Admin-1 capital","adm0":"Gabon","adm0_a3":"GAB","scalerank":3,"pop_max":116836},"geometry":{"type":"Point","coordinates":[8.7800219,-0.720022]}},{"type":"Feature","properties":{"name":"Timbuktu","name_ar":"تمبكتو","name_ascii":"Timbuktu","featurecla":"Admin-1 capital","adm0":"Mali","adm0_a3":"MLI","scalerank":3,"pop_max":68872},"geometry":{"type":"Point","coordinates":[-3.0165965,16.7665851]}},{"type":"Feature","properties":{"name":"Nouakchott","name_ar":"نواكشوط","name_ascii":"Nouakchott","featurecla":"Admin-0 capital","adm0":"Mauritania","adm0_a3":"MRT","scalerank":3,"pop_max":742144},"geometry":{"type":"Point","coordinates":[-15.975340400000002,18.086427]}},{"type":"Feature","properties":{"name":"Bamako","name_ar":"باماكو","name_ascii":"Bamako","featurecla":"Admin-0 capital","adm0":"Mali","adm0_a3":"MLI","scalerank":3,"pop_max":1494000},"geometry":{"type":"Point","coordinates":[-8.001985,12.6519605]}},{"type":"Feature","properties":{"name":"Atar","name_ar":"أطار","name_ascii":"Atar","featurecla":"Admin-1 capital","adm0":"Mauritania","adm0_a3":"MRT","scalerank":3,"pop_max":44265},"geometry":{"type":"Point","coordinates":[-13.0499893,20.5166404]}},{"type":"Feature","properties":{"name":"Djenné","name_ar":"جينيه","name_ascii":"Djenne","featurecla":"Populated place","adm0":"Mali","adm0_a3":"MLI","scalerank":3,"pop_max":32944},"geometry":{"type":"Point","coordinates":[-4.5499913,13.8999901]}},{"type":"Feature","properties":{"name":"Sabha","name_ar":"سبها","name_ascii":"Sabha","featurecla":"Admin-1 capital","adm0":"Libya","adm0_a3":"LBY","scalerank":3,"pop_max":100249},"geometry":{"type":"Point","coordinates":[14.4333203,27.0332711]}},{"type":"Feature","properties":{"name":"Banghazi","name_ar":"بنغازي","name_ascii":"Banghazi","featurecla":"Admin-1 capital","adm0":"Libya","adm0_a3":"LBY","scalerank":3,"pop_max":1180000},"geometry":{"type":"Point","coordinates":[20.0647773,32.1186793]}},{"type":"Feature","properties":{"name":"Gondar","name_ar":"غوندر","name_ascii":"Gonder","featurecla":"Admin-1 capital","adm0":"Ethiopia","adm0_a3":"ETH","scalerank":3,"pop_max":156230},"geometry":{"type":"Point","coordinates":[37.4600284,12.6100429]}},{"type":"Feature","properties":{"name":"Brazzaville","name_ar":"برازافيل","name_ascii":"Brazzaville","featurecla":"Admin-0 capital","adm0":"Congo (Brazzaville)","adm0_a3":"COG","scalerank":3,"pop_max":1355000},"geometry":{"type":"Point","coordinates":[15.2827436,-4.2572399]}},{"type":"Feature","properties":{"name":"Conakry","name_ar":"كوناكري","name_ascii":"Conakry","featurecla":"Admin-0 capital","adm0":"Guinea","adm0_a3":"GIN","scalerank":3,"pop_max":1494000},"geometry":{"type":"Point","coordinates":[-13.6821809,9.5334687]}},{"type":"Feature","properties":{"name":"Yamoussoukro","name_ar":"ياموسوكرو","name_ascii":"Yamoussoukro","featurecla":"Admin-0 capital","adm0":"Ivory Coast","adm0_a3":"CIV","scalerank":3,"pop_max":206499},"geometry":{"type":"Point","coordinates":[-5.2755026,6.818381]}},{"type":"Feature","properties":{"name":"N'Délé","name_ar":"نديلي","name_ascii":"Ndele","featurecla":"Admin-1 capital","adm0":"Central African Republic","adm0_a3":"CAF","scalerank":3,"pop_max":11764},"geometry":{"type":"Point","coordinates":[20.653044,8.4091366]}},{"type":"Feature","properties":{"name":"Obo","name_ar":"أوبو","name_ascii":"Obo","featurecla":"Admin-1 capital","adm0":"Central African Republic","adm0_a3":"CAF","scalerank":3,"pop_max":12887},"geometry":{"type":"Point","coordinates":[26.5000256,5.399992100000001]}},{"type":"Feature","properties":{"name":"Bangui","name_ar":"بانغي","name_ascii":"Bangui","featurecla":"Admin-0 capital","adm0":"Central African Republic","adm0_a3":"CAF","scalerank":3,"pop_max":831925},"geometry":{"type":"Point","coordinates":[18.5582881,4.3666443]}},{"type":"Feature","properties":{"name":"Maroua","name_ar":"ماروا","name_ascii":"Maroua","featurecla":"Admin-1 capital","adm0":"Cameroon","adm0_a3":"CMR","scalerank":3,"pop_max":319941},"geometry":{"type":"Point","coordinates":[14.3246964,10.5955664]}},{"type":"Feature","properties":{"name":"Yaoundé","name_ar":"ياوندي","name_ascii":"Yaounde","featurecla":"Admin-0 capital","adm0":"Cameroon","adm0_a3":"CMR","scalerank":3,"pop_max":1611000},"geometry":{"type":"Point","coordinates":[11.5147049,3.8686465000000005]}},{"type":"Feature","properties":{"name":"Menongue","name_ar":"مينونغي","name_ascii":"Menongue","featurecla":"Admin-1 capital","adm0":"Angola","adm0_a3":"AGO","scalerank":3,"pop_max":13030},"geometry":{"type":"Point","coordinates":[17.6999943,-14.6666125]}},{"type":"Feature","properties":{"name":"Huambo","name_ar":"هوامبو","name_ascii":"Huambo","featurecla":"Admin-1 capital","adm0":"Angola","adm0_a3":"AGO","scalerank":3,"pop_max":1100000},"geometry":{"type":"Point","coordinates":[15.7580635,-12.7480395]}},{"type":"Feature","properties":{"name":"Oran","name_ar":"وهران","name_ascii":"Oran","featurecla":"Populated place","adm0":"Algeria","adm0_a3":"DZA","scalerank":3,"pop_max":798000},"geometry":{"type":"Point","coordinates":[-0.6219186,35.7119483]}},{"type":"Feature","properties":{"name":"Cotonou","name_ar":"كوتونو","name_ascii":"Cotonou","featurecla":"Admin-0 capital","adm0":"Benin","adm0_a3":"BEN","scalerank":3,"pop_max":762000},"geometry":{"type":"Point","coordinates":[2.4043547908879517,6.3629803922426715]}},{"type":"Feature","properties":{"name":"Tamanrasset","name_ar":"تامنراست","name_ascii":"Tamanrasset","featurecla":"Admin-1 capital","adm0":"Algeria","adm0_a3":"DZA","scalerank":3,"pop_max":76000},"geometry":{"type":"Point","coordinates":[5.5228047,22.7850033]}},{"type":"Feature","properties":{"name":"Ghardaia","name_ar":"غرداية","name_ascii":"Ghardaia","featurecla":"Populated place","adm0":"Algeria","adm0_a3":"DZA","scalerank":3,"pop_max":125480},"geometry":{"type":"Point","coordinates":[3.6699979,32.4899923]}},{"type":"Feature","properties":{"name":"Gaborone","name_ar":"غابورون","name_ascii":"Gaborone","featurecla":"Admin-0 capital","adm0":"Botswana","adm0_a3":"BWA","scalerank":3,"pop_max":208411},"geometry":{"type":"Point","coordinates":[25.9119478,-24.6463135]}},{"type":"Feature","properties":{"name":"Ouagadougou","name_ar":"واغادوغو","name_ascii":"Ouagadougou","featurecla":"Admin-0 capital","adm0":"Burkina Faso","adm0_a3":"BFA","scalerank":3,"pop_max":1149000},"geometry":{"type":"Point","coordinates":[-1.5266696,12.3722618]}},{"type":"Feature","properties":{"name":"Victoria","name_ar":"فيكتوريا","name_ascii":"Victoria","featurecla":"Admin-0 capital","adm0":"Seychelles","adm0_a3":"SYC","scalerank":3,"pop_max":33576},"geometry":{"type":"Point","coordinates":[55.4499898,-4.6166317]}},{"type":"Feature","properties":{"name":"São Tomé","name_ar":"ساو تومي","name_ascii":"Sao Tome","featurecla":"Admin-0 capital","adm0":"Sao Tome and Principe","adm0_a3":"STP","scalerank":3,"pop_max":88219},"geometry":{"type":"Point","coordinates":[6.729649806269851,0.3374664069826239]}},{"type":"Feature","properties":{"name":"Praia","name_ar":"برايا","name_ascii":"Praia","featurecla":"Admin-0 capital","adm0":"Cape Verde","adm0_a3":"CPV","scalerank":3,"pop_max":113364},"geometry":{"type":"Point","coordinates":[-23.5166889,14.916698]}},{"type":"Feature","properties":{"name":"Khartoum","name_ar":"الخرطوم","name_ascii":"Khartoum","featurecla":"Admin-0 capital","adm0":"Sudan","adm0_a3":"SDN","scalerank":2,"pop_max":4754000},"geometry":{"type":"Point","coordinates":[32.5322334,15.5900241]}},{"type":"Feature","properties":{"name":"Durban","name_ar":"ديربان","name_ascii":"Durban","featurecla":"Populated place","adm0":"South Africa","adm0_a3":"ZAF","scalerank":2,"pop_max":2729000},"geometry":{"type":"Point","coordinates":[31.01094366326237,-29.86066234118211]}},{"type":"Feature","properties":{"name":"Kano","name_ar":"كانو","name_ascii":"Kano","featurecla":"Admin-1 capital","adm0":"Nigeria","adm0_a3":"NGA","scalerank":2,"pop_max":3140000},"geometry":{"type":"Point","coordinates":[8.5180919,12.0019227]}},{"type":"Feature","properties":{"name":"Dar es Salaam","name_ar":"دار السلام","name_ascii":"Dar es Salaam","featurecla":"Admin-0 capital","adm0":"Tanzania","adm0_a3":"TZA","scalerank":2,"pop_max":2930000},"geometry":{"type":"Point","coordinates":[39.266396,-6.7980667]}},{"type":"Feature","properties":{"name":"Monrovia","name_ar":"مونروفيا","name_ascii":"Monrovia","featurecla":"Admin-0 capital","adm0":"Liberia","adm0_a3":"LBR","scalerank":2,"pop_max":1041000},"geometry":{"type":"Point","coordinates":[-10.7996604,6.3145816]}},{"type":"Feature","properties":{"name":"Alexandria","name_ar":"الإسكندرية","name_ascii":"Alexandria","featurecla":"Populated place","adm0":"Egypt","adm0_a3":"EGY","scalerank":2,"pop_max":4165000},"geometry":{"type":"Point","coordinates":[29.94805,31.201965199999997]}},{"type":"Feature","properties":{"name":"Accra","name_ar":"أكرا","name_ascii":"Accra","featurecla":"Admin-0 capital","adm0":"Ghana","adm0_a3":"GHA","scalerank":2,"pop_max":2121000},"geometry":{"type":"Point","coordinates":[-0.2186616,5.5519805]}},{"type":"Feature","properties":{"name":"Tripoli","name_ar":"طرابلس","name_ascii":"Tripoli","featurecla":"Admin-0 capital","adm0":"Libya","adm0_a3":"LBY","scalerank":2,"pop_max":2189000},"geometry":{"type":"Point","coordinates":[13.1800118,32.8925]}},{"type":"Feature","properties":{"name":"Abidjan","name_ar":"أبيدجان","name_ascii":"Abidjan","featurecla":"Admin-0 capital","adm0":"Ivory Coast","adm0_a3":"CIV","scalerank":2,"pop_max":3802000},"geometry":{"type":"Point","coordinates":[-4.020206835187587,5.3231260722445715]}},{"type":"Feature","properties":{"name":"Luanda","name_ar":"لواندا","name_ascii":"Luanda","featurecla":"Admin-0 capital","adm0":"Angola","adm0_a3":"AGO","scalerank":2,"pop_max":5172900},"geometry":{"type":"Point","coordinates":[13.2324812,-8.8363403]}},{"type":"Feature","properties":{"name":"Algiers","name_ar":"الجزائر","name_ascii":"Algiers","featurecla":"Admin-0 capital","adm0":"Algeria","adm0_a3":"DZA","scalerank":2,"pop_max":3354000},"geometry":{"type":"Point","coordinates":[3.0486067,36.7650107]}},{"type":"Feature","properties":{"name":"Dakar","name_ar":"داكار","name_ascii":"Dakar","featurecla":"Admin-0 capital","adm0":"Senegal","adm0_a3":"SEN","scalerank":1,"pop_max":2604000},"geometry":{"type":"Point","coordinates":[-17.475076,14.717777600000002]}},{"type":"Feature","properties":{"name":"Johannesburg","name_ar":"جوهانسبرغ","name_ascii":"Johannesburg","featurecla":"Admin-0 capital","adm0":"South Africa","adm0_a3":"ZAF","scalerank":1,"pop_max":3435000},"geometry":{"type":"Point","coordinates":[28.0280639,-26.1680989]}},{"type":"Feature","properties":{"name":"Casablanca","name_ar":"الدار البيضاء","name_ascii":"Casablanca","featurecla":"Admin-1 capital","adm0":"Morocco","adm0_a3":"MAR","scalerank":1,"pop_max":3181000},"geometry":{"type":"Point","coordinates":[-7.618313299999999,33.6019221]}},{"type":"Feature","properties":{"name":"Kinshasa","name_ar":"كينشاسا","name_ascii":"Kinshasa","featurecla":"Admin-0 capital","adm0":"Congo (Kinshasa)","adm0_a3":"COD","scalerank":1,"pop_max":7843000},"geometry":{"type":"Point","coordinates":[15.313026,-4.3277782]}},{"type":"Feature","properties":{"name":"Addis Ababa","name_ar":"أديس أبابا","name_ascii":"Addis Ababa","featurecla":"Admin-0 capital","adm0":"Ethiopia","adm0_a3":"ETH","scalerank":1,"pop_max":3100000},"geometry":{"type":"Point","coordinates":[38.6980586,9.0352562]}},{"type":"Feature","properties":{"name":"Cape Town","name_ar":"كيب تاون","name_ascii":"Cape Town","featurecla":"Admin-0 capital","adm0":"South Africa","adm0_a3":"ZAF","scalerank":8,"pop_max":3215000},"geometry":{"type":"Point","coordinates":[18.4330423,-33.9180651]}},{"type":"Feature","properties":{"name":"Lagos","name_ar":"لاغوس","name_ascii":"Lagos","featurecla":"Admin-0 capital alt","adm0":"Nigeria","adm0_a3":"NGA","scalerank":8,"pop_max":9466000},"geometry":{"type":"Point","coordinates":[3.3895852,6.4452075]}},{"type":"Feature","properties":{"name":"Nairobi","name_ar":"نيروبي","name_ascii":"Nairobi","featurecla":"Admin-0 capital","adm0":"Kenya","adm0_a3":"KEN","scalerank":8,"pop_max":3010000},"geometry":{"type":"Point","coordinates":[36.814711,-1.2814009]}},{"type":"Feature","properties":{"name":"Cairo","name_ar":"القاهرة","name_ascii":"Cairo","featurecla":"Admin-0 capital","adm0":"Egypt","adm0_a3":"EGY","scalerank":8,"pop_max":11893000},"geometry":{"type":"Point","coordinates":[31.248022400000004,30.0519062]}},{"type":"Feature","properties":{"name":"الدار البيضاء","name_ar":"الدار البيضاء","name_ascii":"الدار البيضاء","featurecla":"Populated place","adm0":"Morocco","scalerank":2,"pop_max":3000000},"geometry":{"type":"Point","coordinates":[-7.5898,33.5731]}},{"type":"Feature","properties":{"name":"الرباط","name_ar":"الرباط","name_ascii":"الرباط","featurecla":"Populated place","adm0":"Morocco","scalerank":2,"pop_max":3000000},"geometry":{"type":"Point","coordinates":[-6.8416,34.0209]}},{"type":"Feature","properties":{"name":"مراكش","name_ar":"مراكش","name_ascii":"مراكش","featurecla":"Populated place","adm0":"Morocco","scalerank":2,"pop_max":3000000},"geometry":{"type":"Point","coordinates":[-7.9811,31.6295]}},{"type":"Feature","properties":{"name":"فاس","name_ar":"فاس","name_ascii":"فاس","featurecla":"Populated place","adm0":"Morocco","scalerank":2,"pop_max":3000000},"geometry":{"type":"Point","coordinates":[-5.0078,34.0181]}},{"type":"Feature","properties":{"name":"طنجة","name_ar":"طنجة","name_ascii":"طنجة","featurecla":"Populated place","adm0":"Morocco","scalerank":2,"pop_max":3000000},"geometry":{"type":"Point","coordinates":[-5.834,35.7595]}},{"type":"Feature","properties":{"name":"أغادير","name_ar":"أغادير","name_ascii":"أغادير","featurecla":"Populated place","adm0":"Morocco","scalerank":2,"pop_max":3000000},"geometry":{"type":"Point","coordinates":[-9.5981,30.4278]}},{"type":"Feature","properties":{"name":"الجزائر","name_ar":"الجزائر","name_ascii":"الجزائر","featurecla":"Populated place","adm0":"Algeria","scalerank":2,"pop_max":3000000},"geometry":{"type":"Point","coordinates":[3.0588,36.7538]}},{"type":"Feature","properties":{"name":"وهران","name_ar":"وهران","name_ascii":"وهران","featurecla":"Populated place","adm0":"Algeria","scalerank":2,"pop_max":3000000},"geometry":{"type":"Point","coordinates":[-0.6308,35.6971]}},{"type":"Feature","properties":{"name":"قسنطينة","name_ar":"قسنطينة","name_ascii":"قسنطينة","featurecla":"Populated place","adm0":"Algeria","scalerank":2,"pop_max":3000000},"geometry":{"type":"Point","coordinates":[6.6144,36.3669]}},{"type":"Feature","properties":{"name":"تونس","name_ar":"تونس","name_ascii":"تونس","featurecla":"Populated place","adm0":"Tunisia","scalerank":2,"pop_max":3000000},"geometry":{"type":"Point","coordinates":[10.1815,36.8065]}},{"type":"Feature","properties":{"name":"صفاقس","name_ar":"صفاقس","name_ascii":"صفاقس","featurecla":"Populated place","adm0":"Tunisia","scalerank":2,"pop_max":3000000},"geometry":{"type":"Point","coordinates":[10.76,34.741]}},{"type":"Feature","properties":{"name":"طرابلس","name_ar":"طرابلس","name_ascii":"طرابلس","featurecla":"Populated place","adm0":"Libya","scalerank":2,"pop_max":3000000},"geometry":{"type":"Point","coordinates":[13.1913,32.8872]}},{"type":"Feature","properties":{"name":"بنغازي","name_ar":"بنغازي","name_ascii":"بنغازي","featurecla":"Populated place","adm0":"Libya","scalerank":2,"pop_max":3000000},"geometry":{"type":"Point","coordinates":[20.0667,32.1167]}},{"type":"Feature","properties":{"name":"القاهرة","name_ar":"القاهرة","name_ascii":"القاهرة","featurecla":"Populated place","adm0":"Egypt","scalerank":2,"pop_max":3000000},"geometry":{"type":"Point","coordinates":[31.2357,30.0444]}},{"type":"Feature","properties":{"name":"الإسكندرية","name_ar":"الإسكندرية","name_ascii":"الإسكندرية","featurecla":"Populated place","adm0":"Egypt","scalerank":2,"pop_max":3000000},"geometry":{"type":"Point","coordinates":[29.9187,31.2001]}},{"type":"Feature","properties":{"name":"الخرطوم","name_ar":"الخرطوم","name_ascii":"الخرطوم","featurecla":"Populated place","adm0":"Sudan","scalerank":2,"pop_max":3000000},"geometry":{"type":"Point","coordinates":[32.5599,15.5]}},{"type":"Feature","properties":{"name":"أم درمان","name_ar":"أم درمان","name_ascii":"أم درمان","featurecla":"Populated place","adm0":"Sudan","scalerank":2,"pop_max":3000000},"geometry":{"type":"Point","coordinates":[32.4833,15.6458]}},{"type":"Feature","properties":{"name":"جوبا","name_ar":"جوبا","name_ascii":"جوبا","featurecla":"Populated place","adm0":"S. Sudan","scalerank":2,"pop_max":3000000},"geometry":{"type":"Point","coordinates":[31.5825,4.8517]}},{"type":"Feature","properties":{"name":"داكار","name_ar":"داكار","name_ascii":"داكار","featurecla":"Populated place","adm0":"Senegal","scalerank":2,"pop_max":3000000},"geometry":{"type":"Point","coordinates":[-17.4467,14.6928]}},{"type":"Feature","properties":{"name":"نواكشوط","name_ar":"نواكشوط","name_ascii":"نواكشوط","featurecla":"Populated place","adm0":"Mauritania","scalerank":2,"pop_max":3000000},"geometry":{"type":"Point","coordinates":[-15.9702,18.0788]}},{"type":"Feature","properties":{"name":"باماكو","name_ar":"باماكو","name_ascii":"باماكو","featurecla":"Populated place","adm0":"Mali","scalerank":2,"pop_max":3000000},"geometry":{"type":"Point","coordinates":[-8.0029,12.6392]}},{"type":"Feature","properties":{"name":"واغادوغو","name_ar":"واغادوغو","name_ascii":"واغادوغو","featurecla":"Populated place","adm0":"Burkina Faso","scalerank":2,"pop_max":3000000},"geometry":{"type":"Point","coordinates":[-1.5197,12.3714]}},{"type":"Feature","properties":{"name":"نيامي","name_ar":"نيامي","name_ascii":"نيامي","featurecla":"Populated place","adm0":"Niger","scalerank":2,"pop_max":3000000},"geometry":{"type":"Point","coordinates":[2.1281,13.5155]}},{"type":"Feature","properties":{"name":"نجامينا","name_ar":"نجامينا","name_ascii":"نجامينا","featurecla":"Populated place","adm0":"Chad","scalerank":2,"pop_max":3000000},"geometry":{"type":"Point","coordinates":[15.0557,12.1348]}},{"type":"Feature","properties":{"name":"أبوجا","name_ar":"أبوجا","name_ascii":"أبوجا","featurecla":"Populated place","adm0":"Nigeria","scalerank":2,"pop_max":3000000},"geometry":{"type":"Point","coordinates":[7.3986,9.0765]}},{"type":"Feature","properties":{"name":"لاغوس","name_ar":"لاغوس","name_ascii":"لاغوس","featurecla":"Populated place","adm0":"Nigeria","scalerank":2,"pop_max":3000000},"geometry":{"type":"Point","coordinates":[3.3792,6.5244]}},{"type":"Feature","properties":{"name":"كوناكري","name_ar":"كوناكري","name_ascii":"كوناكري","featurecla":"Populated place","adm0":"Guinea","scalerank":2,"pop_max":3000000},"geometry":{"type":"Point","coordinates":[-13.5784,9.6412]}},{"type":"Feature","properties":{"name":"فريتاون","name_ar":"فريتاون","name_ascii":"فريتاون","featurecla":"Populated place","adm0":"Sierra Leone","scalerank":2,"pop_max":3000000},"geometry":{"type":"Point","coordinates":[-13.2343,8.4847]}},{"type":"Feature","properties":{"name":"مونروفيا","name_ar":"مونروفيا","name_ascii":"مونروفيا","featurecla":"Populated place","adm0":"Liberia","scalerank":2,"pop_max":3000000},"geometry":{"type":"Point","coordinates":[-10.7971,6.3008]}},{"type":"Feature","properties":{"name":"أبيدجان","name_ar":"أبيدجان","name_ascii":"أبيدجان","featurecla":"Populated place","adm0":"Ivory Coast","scalerank":2,"pop_max":3000000},"geometry":{"type":"Point","coordinates":[-4.0083,5.3599]}},{"type":"Feature","properties":{"name":"أكرا","name_ar":"أكرا","name_ascii":"أكرا","featurecla":"Populated place","adm0":"Ghana","scalerank":2,"pop_max":3000000},"geometry":{"type":"Point","coordinates":[-0.187,5.6037]}},{"type":"Feature","properties":{"name":"لوميه","name_ar":"لوميه","name_ascii":"لوميه","featurecla":"Populated place","adm0":"Togo","scalerank":2,"pop_max":3000000},"geometry":{"type":"Point","coordinates":[1.2254,6.1256]}},{"type":"Feature","properties":{"name":"بورتو نوفو","name_ar":"بورتو نوفو","name_ascii":"بورتو نوفو","featurecla":"Populated place","adm0":"Benin","scalerank":2,"pop_max":3000000},"geometry":{"type":"Point","coordinates":[2.6059,6.4969]}},{"type":"Feature","properties":{"name":"كانو","name_ar":"كانو","name_ascii":"كانو","featurecla":"Populated place","adm0":"Nigeria","scalerank":2,"pop_max":3000000},"geometry":{"type":"Point","coordinates":[8.592,12.0022]}},{"type":"Feature","properties":{"name":"كيغالي","name_ar":"كيغالي","name_ascii":"كيغالي","featurecla":"Populated place","adm0":"Rwanda","scalerank":2,"pop_max":3000000},"geometry":{"type":"Point","coordinates":[30.0619,-1.9441]}},{"type":"Feature","properties":{"name":"بوجمبورا","name_ar":"بوجمبورا","name_ascii":"بوجمبورا","featurecla":"Populated place","adm0":"Burundi","scalerank":2,"pop_max":3000000},"geometry":{"type":"Point","coordinates":[29.36,-3.3614]}},{"type":"Feature","properties":{"name":"كينشاسا","name_ar":"كينشاسا","name_ascii":"كينشاسا","featurecla":"Populated place","adm0":"Dem. Rep. Congo","scalerank":2,"pop_max":3000000},"geometry":{"type":"Point","coordinates":[15.2663,-4.4419]}},{"type":"Feature","properties":{"name":"برازافيل","name_ar":"برازافيل","name_ascii":"برازافيل","featurecla":"Populated place","adm0":"Congo","scalerank":2,"pop_max":3000000},"geometry":{"type":"Point","coordinates":[15.2429,-4.2634]}},{"type":"Feature","properties":{"name":"ليبرفيل","name_ar":"ليبرفيل","name_ascii":"ليبرفيل","featurecla":"Populated place","adm0":"Gabon","scalerank":2,"pop_max":3000000},"geometry":{"type":"Point","coordinates":[9.4673,0.4162]}},{"type":"Feature","properties":{"name":"لواندا","name_ar":"لواندا","name_ascii":"لواندا","featurecla":"Populated place","adm0":"Angola","scalerank":2,"pop_max":3000000},"geometry":{"type":"Point","coordinates":[13.2894,-8.839]}},{"type":"Feature","properties":{"name":"ويندهوك","name_ar":"ويندهوك","name_ascii":"ويندهوك","featurecla":"Populated place","adm0":"Namibia","scalerank":2,"pop_max":3000000},"geometry":{"type":"Point","coordinates":[17.0658,-22.5609]}},{"type":"Feature","properties":{"name":"غابورون","name_ar":"غابورون","name_ascii":"غابورون","featurecla":"Populated place","adm0":"Botswana","scalerank":2,"pop_max":3000000},"geometry":{"type":"Point","coordinates":[25.9231,-24.6282]}},{"type":"Feature","properties":{"name":"بريتوريا","name_ar":"بريتوريا","name_ascii":"بريتوريا","featurecla":"Populated place","adm0":"South Africa","scalerank":2,"pop_max":3000000},"geometry":{"type":"Point","coordinates":[28.1881,-25.7461]}},{"type":"Feature","properties":{"name":"جوهانسبرغ","name_ar":"جوهانسبرغ","name_ascii":"جوهانسبرغ","featurecla":"Populated place","adm0":"South Africa","scalerank":2,"pop_max":3000000},"geometry":{"type":"Point","coordinates":[28.0473,-26.2041]}},{"type":"Feature","properties":{"name":"كيب تاون","name_ar":"كيب تاون","name_ascii":"كيب تاون","featurecla":"Populated place","adm0":"South Africa","scalerank":2,"pop_max":3000000},"geometry":{"type":"Point","coordinates":[18.4241,-33.9249]}},{"type":"Feature","properties":{"name":"ديربان","name_ar":"ديربان","name_ascii":"ديربان","featurecla":"Populated place","adm0":"South Africa","scalerank":2,"pop_max":3000000},"geometry":{"type":"Point","coordinates":[31.0218,-29.8587]}},{"type":"Feature","properties":{"name":"مابوتو","name_ar":"مابوتو","name_ascii":"مابوتو","featurecla":"Populated place","adm0":"Mozambique","scalerank":2,"pop_max":3000000},"geometry":{"type":"Point","coordinates":[32.5892,-25.9653]}},{"type":"Feature","properties":{"name":"هراري","name_ar":"هراري","name_ascii":"هراري","featurecla":"Populated place","adm0":"Zimbabwe","scalerank":2,"pop_max":3000000},"geometry":{"type":"Point","coordinates":[31.0335,-17.8252]}},{"type":"Feature","properties":{"name":"لوساكا","name_ar":"لوساكا","name_ascii":"لوساكا","featurecla":"Populated place","adm0":"Zambia","scalerank":2,"pop_max":3000000},"geometry":{"type":"Point","coordinates":[28.3228,-15.3875]}},{"type":"Feature","properties":{"name":"ليلونغوي","name_ar":"ليلونغوي","name_ascii":"ليلونغوي","featurecla":"Populated place","adm0":"Malawi","scalerank":2,"pop_max":3000000},"geometry":{"type":"Point","coordinates":[33.7741,-13.9626]}},{"type":"Feature","properties":{"name":"دار السلام","name_ar":"دار السلام","name_ascii":"دار السلام","featurecla":"Populated place","adm0":"Tanzania","scalerank":2,"pop_max":3000000},"geometry":{"type":"Point","coordinates":[39.2083,-6.7924]}},{"type":"Feature","properties":{"name":"دودوما","name_ar":"دودوما","name_ascii":"دودوما","featurecla":"Populated place","adm0":"Tanzania","scalerank":2,"pop_max":3000000},"geometry":{"type":"Point","coordinates":[35.7516,-6.163]}},{"type":"Feature","properties":{"name":"نيروبي","name_ar":"نيروبي","name_ascii":"نيروبي","featurecla":"Populated place","adm0":"Kenya","scalerank":2,"pop_max":3000000},"geometry":{"type":"Point","coordinates":[36.8219,-1.2921]}},{"type":"Feature","properties":{"name":"كمبالا","name_ar":"كمبالا","name_ascii":"كمبالا","featurecla":"Populated place","adm0":"Uganda","scalerank":2,"pop_max":3000000},"geometry":{"type":"Point","coordinates":[32.5825,0.3476]}},{"type":"Feature","properties":{"name":"أديس أبابا","name_ar":"أديس أبابا","name_ascii":"أديس أبابا","featurecla":"Populated place","adm0":"Ethiopia","scalerank":2,"pop_max":3000000},"geometry":{"type":"Point","coordinates":[38.7469,9.032]}},{"type":"Feature","properties":{"name":"أسمرة","name_ar":"أسمرة","name_ascii":"أسمرة","featurecla":"Populated place","adm0":"Eritrea","scalerank":2,"pop_max":3000000},"geometry":{"type":"Point","coordinates":[38.9256,15.3315]}},{"type":"Feature","properties":{"name":"جيبوتي","name_ar":"جيبوتي","name_ascii":"جيبوتي","featurecla":"Populated place","adm0":"Djibouti","scalerank":2,"pop_max":3000000},"geometry":{"type":"Point","coordinates":[43.145,11.588]}},{"type":"Feature","properties":{"name":"مقديشو","name_ar":"مقديشو","name_ascii":"مقديشو","featurecla":"Populated place","adm0":"Somalia","scalerank":2,"pop_max":3000000},"geometry":{"type":"Point","coordinates":[45.3182,2.0469]}},{"type":"Feature","properties":{"name":"أنتاناناريفو","name_ar":"أنتاناناريفو","name_ascii":"أنتاناناريفو","featurecla":"Populated place","adm0":"Madagascar","scalerank":2,"pop_max":3000000},"geometry":{"type":"Point","coordinates":[47.5079,-18.8792]}},{"type":"Feature","properties":{"name":"بورت لويس","name_ar":"بورت لويس","name_ascii":"بورت لويس","featurecla":"Populated place","adm0":"Mauritius","scalerank":2,"pop_max":3000000},"geometry":{"type":"Point","coordinates":[57.5012,-20.1609]}},{"type":"Feature","properties":{"name":"برايا","name_ar":"برايا","name_ascii":"برايا","featurecla":"Populated place","adm0":"Cape Verde","scalerank":2,"pop_max":3000000},"geometry":{"type":"Point","coordinates":[-23.5125,14.9315]}},{"type":"Feature","properties":{"name":"بنجول","name_ar":"بنجول","name_ascii":"بنجول","featurecla":"Populated place","adm0":"Gambia","scalerank":2,"pop_max":3000000},"geometry":{"type":"Point","coordinates":[-16.579,13.4549]}},{"type":"Feature","properties":{"name":"بيساو","name_ar":"بيساو","name_ascii":"بيساو","featurecla":"Populated place","adm0":"Guinea-Bissau","scalerank":2,"pop_max":3000000},"geometry":{"type":"Point","coordinates":[-15.5977,11.8636]}},{"type":"Feature","properties":{"name":"مالابو","name_ar":"مالابو","name_ascii":"مالابو","featurecla":"Populated place","adm0":"Eq. Guinea","scalerank":2,"pop_max":3000000},"geometry":{"type":"Point","coordinates":[8.7833,3.75]}},{"type":"Feature","properties":{"name":"بانغي","name_ar":"بانغي","name_ascii":"بانغي","featurecla":"Populated place","adm0":"Central African Rep.","scalerank":2,"pop_max":3000000},"geometry":{"type":"Point","coordinates":[18.5582,4.3947]}},{"type":"Feature","properties":{"name":"سان لوي","name_ar":"سان لوي","name_ascii":"سان لوي","featurecla":"Populated place","adm0":"Senegal","scalerank":2,"pop_max":3000000},"geometry":{"type":"Point","coordinates":[-16.4896,16.0272]}},{"type":"Feature","properties":{"name":"القنيطرة","name_ar":"القنيطرة","name_ascii":"القنيطرة","featurecla":"Populated place","adm0":"Morocco","scalerank":2,"pop_max":3000000},"geometry":{"type":"Point","coordinates":[-6.5802,34.261]}},{"type":"Feature","properties":{"name":"الداخلة","name_ar":"الداخلة","name_ascii":"الداخلة","featurecla":"Populated place","adm0":"W. Sahara","scalerank":2,"pop_max":3000000},"geometry":{"type":"Point","coordinates":[-15.9322,23.7154]}},{"type":"Feature","properties":{"name":"العيون","name_ar":"العيون","name_ascii":"العيون","featurecla":"Populated place","adm0":"W. Sahara","scalerank":2,"pop_max":3000000},"geometry":{"type":"Point","coordinates":[-13.1625,27.1253]}},{"type":"Feature","properties":{"name":"سينسوكور","name_ar":"سينسوكور","name_ascii":"سينسوكور","featurecla":"Populated place","adm0":"Mauritania","scalerank":2,"pop_max":3000000},"geometry":{"type":"Point","coordinates":[-9.8037,16.0884]}}]}